Using pre-set license
Built from '2022.3/respin/2022.3.62f2-4af31df585-v2' branch; Version is '2022.3.62f3 (96770f904ca7) revision 9860879'; Using compiler version '192829333'; Build Type 'Release'
OS: 'Windows 11  (10.0.26200) 64bit Core' Language: 'ko' Physical Memory: 31899 MB
BatchMode: 1, IsHumanControllingUs: 0, StartBugReporterOnCrash: 0, Is64bit: 1, IsPro: 1

COMMAND LINE ARGUMENTS:
C:\Program Files\Unity\Hub\Editor\2022.3.62f3\Editor\Unity.exe
-adb2
-batchMode
-noUpm
-name
AssetImportWorker3
-projectPath
C:/Users/user/Documents/GitHub/NewSample
-logFile
Logs/AssetImportWorker3.log
-srvPort
49783
Successfully changed project path to: C:/Users/user/Documents/GitHub/NewSample
C:/Users/user/Documents/GitHub/NewSample
[UnityMemory] Configuration Parameters - Can be set up in boot.config
    "memorysetup-bucket-allocator-granularity=16"
    "memorysetup-bucket-allocator-bucket-count=8"
    "memorysetup-bucket-allocator-block-size=33554432"
    "memorysetup-bucket-allocator-block-count=8"
    "memorysetup-main-allocator-block-size=16777216"
    "memorysetup-thread-allocator-block-size=16777216"
    "memorysetup-gfx-main-allocator-block-size=16777216"
    "memorysetup-gfx-thread-allocator-block-size=16777216"
    "memorysetup-cache-allocator-block-size=4194304"
    "memorysetup-typetree-allocator-block-size=2097152"
    "memorysetup-profiler-bucket-allocator-granularity=16"
    "memorysetup-profiler-bucket-allocator-bucket-count=8"
    "memorysetup-profiler-bucket-allocator-block-size=33554432"
    "memorysetup-profiler-bucket-allocator-block-count=8"
    "memorysetup-profiler-allocator-block-size=16777216"
    "memorysetup-profiler-editor-allocator-block-size=1048576"
    "memorysetup-temp-allocator-size-main=16777216"
    "memorysetup-job-temp-allocator-block-size=2097152"
    "memorysetup-job-temp-allocator-block-size-background=1048576"
    "memorysetup-job-temp-allocator-reduction-small-platforms=262144"
    "memorysetup-allocator-temp-initial-block-size-main=262144"
    "memorysetup-allocator-temp-initial-block-size-worker=262144"
    "memorysetup-temp-allocator-size-background-worker=32768"
    "memorysetup-temp-allocator-size-job-worker=262144"
    "memorysetup-temp-allocator-size-preload-manager=33554432"
    "memorysetup-temp-allocator-size-nav-mesh-worker=65536"
    "memorysetup-temp-allocator-size-audio-worker=65536"
    "memorysetup-temp-allocator-size-cloud-worker=32768"
    "memorysetup-temp-allocator-size-gi-baking-worker=262144"
    "memorysetup-temp-allocator-size-gfx=262144"
Player connection [40828]  Target information:

Player connection [40828]  * "[IP] 172.30.1.21 [Port] 0 [Flags] 2 [Guid] 1621729704 [EditorId] 1621729704 [Version] 1048832 [Id] WindowsEditor(7,DESKTOP-LL0S6DJ) [Debug] 1 [PackageName] WindowsEditor [ProjectName] Editor" 

Player connection [40828] Host joined multi-casting on [225.0.0.222:54997]...
Player connection [40828] Host joined alternative multi-casting on [225.0.0.222:34997]...
Input System module state changed to: Initialized.
[PhysX] Initialized MultithreadedTaskDispatcher with 16 workers.
Refreshing native plugins compatible for Editor in 5.83 ms, found 4 plugins.
Preloading 0 native plugins for Editor in 0.00 ms.
Initialize engine version: 2022.3.62f3 (96770f904ca7)
[Subsystems] Discovering subsystems at path C:/Program Files/Unity/Hub/Editor/2022.3.62f3/Editor/Data/Resources/UnitySubsystems
[Subsystems] Discovering subsystems at path C:/Users/user/Documents/GitHub/NewSample/Assets
GfxDevice: creating device client; threaded=0; jobified=0
Direct3D:
    Version:  Direct3D 11.0 [level 11.1]
    Renderer: NVIDIA GeForce RTX 5070 (ID=0x2f04)
    Vendor:   NVIDIA
    VRAM:     11855 MB
    Driver:   32.0.15.8180
Initialize mono
Mono path[0] = 'C:/Program Files/Unity/Hub/Editor/2022.3.62f3/Editor/Data/Managed'
Mono path[1] = 'C:/Program Files/Unity/Hub/Editor/2022.3.62f3/Editor/Data/MonoBleedingEdge/lib/mono/unityjit-win32'
Mono config path = 'C:/Program Files/Unity/Hub/Editor/2022.3.62f3/Editor/Data/MonoBleedingEdge/etc'
Using monoOptions --debugger-agent=transport=dt_socket,embedding=1,server=y,suspend=n,address=127.0.0.1:56388
Begin MonoManager ReloadAssembly
Registering precompiled unity dll's ...
Register platform support module: C:/Program Files/Unity/Hub/Editor/2022.3.62f3/Editor/Data/PlaybackEngines/AndroidPlayer/UnityEditor.Android.Extensions.dll
Register platform support module: C:/Program Files/Unity/Hub/Editor/2022.3.62f3/Editor/Data/PlaybackEngines/WindowsStandaloneSupport/UnityEditor.WindowsStandalone.Extensions.dll
Registered in 0.003955 seconds.
- Loaded All Assemblies, in  0.205 seconds
Native extension for WindowsStandalone target not found
Native extension for Android target not found
Android Extension - Scanning For ADB Devices 159 ms
Mono: successfully reloaded assembly
- Finished resetting the current domain, in  0.328 seconds
Domain Reload Profiling: 533ms
	BeginReloadAssembly (64ms)
		ExecutionOrderSort (0ms)
		DisableScriptedObjects (0ms)
		BackupInstance (0ms)
		ReleaseScriptingObjects (0ms)
		CreateAndSetChildDomain (0ms)
	RebuildCommonClasses (20ms)
	RebuildNativeTypeToScriptingClass (7ms)
	initialDomainReloadingComplete (33ms)
	LoadAllAssembliesAndSetupDomain (81ms)
		LoadAssemblies (63ms)
		RebuildTransferFunctionScriptingTraits (0ms)
		AnalyzeDomain (80ms)
			TypeCache.Refresh (78ms)
				TypeCache.ScanAssembly (71ms)
			ScanForSourceGeneratedMonoScriptInfo (0ms)
			ResolveRequiredComponents (0ms)
	FinalizeReload (329ms)
		ReleaseScriptCaches (0ms)
		RebuildScriptCaches (0ms)
		SetupLoadedEditorAssemblies (303ms)
			LogAssemblyErrors (0ms)
			InitializePlatformSupportModulesInManaged (205ms)
			SetLoadedEditorAssemblies (3ms)
			RefreshPlugins (0ms)
			BeforeProcessingInitializeOnLoad (1ms)
			ProcessInitializeOnLoadAttributes (67ms)
			ProcessInitializeOnLoadMethodAttributes (27ms)
			AfterProcessingInitializeOnLoad (0ms)
			EditorAssembliesLoaded (0ms)
		ExecutionOrderSort2 (0ms)
		AwakeInstancesAfterBackupRestoration (0ms)
========================================================================
Worker process is ready to serve import requests
Caller must complete domain reload
Begin MonoManager ReloadAssembly
- Loaded All Assemblies, in  0.414 seconds
Native extension for WindowsStandalone target not found
Native extension for Android target not found
Mono: successfully reloaded assembly
- Finished resetting the current domain, in  0.572 seconds
Domain Reload Profiling: 985ms
	BeginReloadAssembly (82ms)
		ExecutionOrderSort (0ms)
		DisableScriptedObjects (3ms)
		BackupInstance (0ms)
		ReleaseScriptingObjects (0ms)
		CreateAndSetChildDomain (13ms)
	RebuildCommonClasses (18ms)
	RebuildNativeTypeToScriptingClass (7ms)
	initialDomainReloadingComplete (23ms)
	LoadAllAssembliesAndSetupDomain (282ms)
		LoadAssemblies (181ms)
		RebuildTransferFunctionScriptingTraits (0ms)
		AnalyzeDomain (147ms)
			TypeCache.Refresh (125ms)
				TypeCache.ScanAssembly (114ms)
			ScanForSourceGeneratedMonoScriptInfo (16ms)
			ResolveRequiredComponents (4ms)
	FinalizeReload (572ms)
		ReleaseScriptCaches (0ms)
		RebuildScriptCaches (0ms)
		SetupLoadedEditorAssemblies (474ms)
			LogAssemblyErrors (0ms)
			InitializePlatformSupportModulesInManaged (12ms)
			SetLoadedEditorAssemblies (2ms)
			RefreshPlugins (0ms)
			BeforeProcessingInitializeOnLoad (52ms)
			ProcessInitializeOnLoadAttributes (386ms)
			ProcessInitializeOnLoadMethodAttributes (18ms)
			AfterProcessingInitializeOnLoad (3ms)
			EditorAssembliesLoaded (0ms)
		ExecutionOrderSort2 (0ms)
		AwakeInstancesAfterBackupRestoration (4ms)
Launched and connected shader compiler UnityShaderCompiler.exe after 0.03 seconds
Refreshing native plugins compatible for Editor in 3.52 ms, found 4 plugins.
Preloading 0 native plugins for Editor in 0.00 ms.
Unloading 4746 Unused Serialized files (Serialized files now loaded: 0)
Unloading 57 unused Assets / (2.0 MB). Loaded Objects now: 5217.
Memory consumption went from 189.3 MB to 187.3 MB.
Total: 8.270700 ms (FindLiveObjects: 0.500300 ms CreateObjectMapping: 0.126200 ms MarkObjects: 6.145500 ms  DeleteObjects: 1.498300 ms)

AssetImportParameters requested are different than current active one (requested -> active):
  custom:container-demuxer-ogg: 62fdf1f143b41e24485cea50d1cbac27 -> 
  custom:video-decoder-ogg-theora: a1e56fd34408186e4bbccfd4996cb3dc -> 
  custom:framework-win-MediaFoundation: 216162199b28c13a410421893ffa2e32 -> 
  custom:CustomObjectIndexerAttribute: 9a22284fe3817be447336de3de66b15e -> 
  custom:container-demuxer-webm: 4f35f7cbe854078d1ac9338744f61a02 -> 
  custom:container-muxer-webm: aa71ff27fc2769a1b78a27578f13a17b -> 
  custom:video-decoder-webm-vp8: 9c59270c3fd7afecdb556c50c9e8de78 -> 
  custom:SearchIndexIgnoredProperties: e643bd26f0fe6173181afceb89e7c659 -> 
  custom:AudioImporter_EditorPlatform: d09bf68614088b80899f8185d706f6e7 -> 
  custom:video-encoder-webm-vp8: eb34c28f22e8b96e1ab97ce403110664 -> 
  custom:audio-decoder-ogg-vorbis: bf7c407c2cedff20999df2af8eb42d56 -> 
  custom:audio-encoder-webm-vorbis: bf7c407c2cedff20999df2af8eb42d56 -> 
========================================================================
Received Import Request.
  Time since last request: 8453.449086 seconds.
  path: Assets/Resources/Art/Town/Meshes/Building_b.fbx
  artifactKey: Guid(44d5a16e059aef84b864c5ddf0ebcdde) Importer(2089858483,0ecaa5967403d082aa24f35e1b516d23)
Start importing Assets/Resources/Art/Town/Meshes/Building_b.fbx using Guid(44d5a16e059aef84b864c5ddf0ebcdde) Importer(2089858483,0ecaa5967403d082aa24f35e1b516d23) [PhysX] Initialized MultithreadedTaskDispatcher with 16 workers.
 -> (artifact id: '61c883e4fe40573d66975f973d8ad5dc') in 0.100409 seconds
Number of updated asset objects reloaded before import = 0
Number of asset objects unloaded after import = 7
========================================================================
Received Import Request.
  Time since last request: 0.000017 seconds.
  path: Assets/Resources/Sounds/UnityChan/univ1299.wav
  artifactKey: Guid(c2ec7604781e143319d2d4750d7eb208) Importer(2089858483,0ecaa5967403d082aa24f35e1b516d23)
Start importing Assets/Resources/Sounds/UnityChan/univ1299.wav using Guid(c2ec7604781e143319d2d4750d7eb208) Importer(2089858483,0ecaa5967403d082aa24f35e1b516d23) [PhysX] Initialized MultithreadedTaskDispatcher with 16 workers.
 -> (artifact id: 'de1ec6ea2865555e4fc1518a88e072af') in 0.017412 seconds
Number of updated asset objects reloaded before import = 0
Number of asset objects unloaded after import = 1
========================================================================
Received Import Request.
  Time since last request: 0.000009 seconds.
  path: Assets/Resources/Sounds/UnityChan/univ1263.wav
  artifactKey: Guid(f974ed02801414540a6ba05e42f1c2d2) Importer(2089858483,0ecaa5967403d082aa24f35e1b516d23)
Start importing Assets/Resources/Sounds/UnityChan/univ1263.wav using Guid(f974ed02801414540a6ba05e42f1c2d2) Importer(2089858483,0ecaa5967403d082aa24f35e1b516d23) [PhysX] Initialized MultithreadedTaskDispatcher with 16 workers.
 -> (artifact id: '7cbd3a287cb679bbc4c6829c9581664f') in 0.011666 seconds
Number of updated asset objects reloaded before import = 0
Number of asset objects unloaded after import = 1
========================================================================
Received Import Request.
  Time since last request: 0.000008 seconds.
  path: Assets/Scripts/Managers/Contents/LoginManager.cs
  artifactKey: Guid(d82bcfbf7cec17140bcf5972de3d6ec3) Importer(2089858483,0ecaa5967403d082aa24f35e1b516d23)
Start importing Assets/Scripts/Managers/Contents/LoginManager.cs using Guid(d82bcfbf7cec17140bcf5972de3d6ec3) Importer(2089858483,0ecaa5967403d082aa24f35e1b516d23) [PhysX] Initialized MultithreadedTaskDispatcher with 16 workers.
 -> (artifact id: '38095f3d9f1b60478a7b60a13ea50909') in 0.002792 seconds
Number of updated asset objects reloaded before import = 0
Number of asset objects unloaded after import = 1
========================================================================
Received Import Request.
  Time since last request: 0.000038 seconds.
  path: Assets/Resources/Art/Town/Meshes/Cart_b.fbx
  artifactKey: Guid(70ef64d39d8ebc04a96a0c1a0f6d1419) Importer(2089858483,0ecaa5967403d082aa24f35e1b516d23)
Start importing Assets/Resources/Art/Town/Meshes/Cart_b.fbx using Guid(70ef64d39d8ebc04a96a0c1a0f6d1419) Importer(2089858483,0ecaa5967403d082aa24f35e1b516d23) [PhysX] Initialized MultithreadedTaskDispatcher with 16 workers.
 -> (artifact id: '2993b7e8218d5c3689d79069890e58c9') in 0.011212 seconds
Number of updated asset objects reloaded before import = 0
Number of asset objects unloaded after import = 14
========================================================================
Received Import Request.
  Time since last request: 0.000010 seconds.
  path: Assets/Resources/Sounds/UnityChan/univ1323.wav
  artifactKey: Guid(ce8fb16400a9f41949d5cf2da5964582) Importer(2089858483,0ecaa5967403d082aa24f35e1b516d23)
Start importing Assets/Resources/Sounds/UnityChan/univ1323.wav using Guid(ce8fb16400a9f41949d5cf2da5964582) Importer(2089858483,0ecaa5967403d082aa24f35e1b516d23) [PhysX] Initialized MultithreadedTaskDispatcher with 16 workers.
 -> (artifact id: '7b2c4d84062697cdda01b8a364511c9c') in 0.012375 seconds
Number of updated asset objects reloaded before import = 0
Number of asset objects unloaded after import = 1
========================================================================
Received Import Request.
  Time since last request: 0.000021 seconds.
  path: Assets/Resources/Sounds/UnityChan/univ1281.wav
  artifactKey: Guid(fd657949a63b94144b709e5aeb23a03d) Importer(2089858483,0ecaa5967403d082aa24f35e1b516d23)
Start importing Assets/Resources/Sounds/UnityChan/univ1281.wav using Guid(fd657949a63b94144b709e5aeb23a03d) Importer(2089858483,0ecaa5967403d082aa24f35e1b516d23) [PhysX] Initialized MultithreadedTaskDispatcher with 16 workers.
 -> (artifact id: '15a7e130701defd44ee595939c5e6d48') in 0.010726 seconds
Number of updated asset objects reloaded before import = 0
Number of asset objects unloaded after import = 1
========================================================================
Received Import Request.
  Time since last request: 0.000008 seconds.
  path: Assets/Resources/Sounds/UnityChan/univ1340.wav
  artifactKey: Guid(51791f91b88ea494cbd397f882da7585) Importer(2089858483,0ecaa5967403d082aa24f35e1b516d23)
Start importing Assets/Resources/Sounds/UnityChan/univ1340.wav using Guid(51791f91b88ea494cbd397f882da7585) Importer(2089858483,0ecaa5967403d082aa24f35e1b516d23) [PhysX] Initialized MultithreadedTaskDispatcher with 16 workers.
 -> (artifact id: 'e4df15cea6ad508cf1d5c1d2dfc8f74d') in 0.011610 seconds
Number of updated asset objects reloaded before import = 0
Number of asset objects unloaded after import = 1
========================================================================
Received Import Request.
  Time since last request: 0.000021 seconds.
  path: Assets/Scripts/UI/Scene/Inven_UI.cs
  artifactKey: Guid(def902f9948ae8e469695557847848e2) Importer(2089858483,0ecaa5967403d082aa24f35e1b516d23)
Start importing Assets/Scripts/UI/Scene/Inven_UI.cs using Guid(def902f9948ae8e469695557847848e2) Importer(2089858483,0ecaa5967403d082aa24f35e1b516d23) [PhysX] Initialized MultithreadedTaskDispatcher with 16 workers.
 -> (artifact id: 'd9ab6b6818b42a140ed3c4a1a042ffaa') in 0.002900 seconds
Number of updated asset objects reloaded before import = 0
Number of asset objects unloaded after import = 1
========================================================================
Received Import Request.
  Time since last request: 0.000030 seconds.
  path: Assets/Resources/Sounds/UnityChan/univ1227.wav
  artifactKey: Guid(460213ea8954a4e558d576a727d35c42) Importer(2089858483,0ecaa5967403d082aa24f35e1b516d23)
Start importing Assets/Resources/Sounds/UnityChan/univ1227.wav using Guid(460213ea8954a4e558d576a727d35c42) Importer(2089858483,0ecaa5967403d082aa24f35e1b516d23) [PhysX] Initialized MultithreadedTaskDispatcher with 16 workers.
 -> (artifact id: '0631c3e4d1c093a1fb7afd1b8a25a547') in 0.010235 seconds
Number of updated asset objects reloaded before import = 0
Number of asset objects unloaded after import = 1
========================================================================
Received Import Request.
  Time since last request: 0.000008 seconds.
  path: Assets/Scripts/UI/WojrldSpace/MonsterState_UI.cs
  artifactKey: Guid(8ec68b21771b59741b221ee9342ec4f8) Importer(2089858483,0ecaa5967403d082aa24f35e1b516d23)
Start importing Assets/Scripts/UI/WojrldSpace/MonsterState_UI.cs using Guid(8ec68b21771b59741b221ee9342ec4f8) Importer(2089858483,0ecaa5967403d082aa24f35e1b516d23) [PhysX] Initialized MultithreadedTaskDispatcher with 16 workers.
 -> (artifact id: 'ee78de29323034da22085c86344e8d1e') in 0.002334 seconds
Number of updated asset objects reloaded before import = 0
Number of asset objects unloaded after import = 1
========================================================================
Received Import Request.
  Time since last request: 0.000034 seconds.
  path: Assets/Resources/Sounds/UnityChan/univ1118.wav
  artifactKey: Guid(57efe523f4fd14bd8ab2322a52c296db) Importer(2089858483,0ecaa5967403d082aa24f35e1b516d23)
Start importing Assets/Resources/Sounds/UnityChan/univ1118.wav using Guid(57efe523f4fd14bd8ab2322a52c296db) Importer(2089858483,0ecaa5967403d082aa24f35e1b516d23) [PhysX] Initialized MultithreadedTaskDispatcher with 16 workers.
 -> (artifact id: '0fcab106c237c183d90980e5a8a00390') in 0.012228 seconds
Number of updated asset objects reloaded before import = 0
Number of asset objects unloaded after import = 1
========================================================================
Received Import Request.
  Time since last request: 0.000007 seconds.
  path: Assets/Resources/Sounds/UnityChan/univ1110.wav
  artifactKey: Guid(b160dbffac7ac4536ad70a1aa9035754) Importer(2089858483,0ecaa5967403d082aa24f35e1b516d23)
Start importing Assets/Resources/Sounds/UnityChan/univ1110.wav using Guid(b160dbffac7ac4536ad70a1aa9035754) Importer(2089858483,0ecaa5967403d082aa24f35e1b516d23) [PhysX] Initialized MultithreadedTaskDispatcher with 16 workers.
 -> (artifact id: '9d45d640943c41b9b74e453c61b357ee') in 0.010479 seconds
Number of updated asset objects reloaded before import = 0
Number of asset objects unloaded after import = 1
========================================================================
Received Import Request.
  Time since last request: 0.000008 seconds.
  path: Assets/Resources/Sounds/UnityChan/univ1269.wav
  artifactKey: Guid(f2b59bee921964dd09695b4844f9f5a6) Importer(2089858483,0ecaa5967403d082aa24f35e1b516d23)
Start importing Assets/Resources/Sounds/UnityChan/univ1269.wav using Guid(f2b59bee921964dd09695b4844f9f5a6) Importer(2089858483,0ecaa5967403d082aa24f35e1b516d23) [PhysX] Initialized MultithreadedTaskDispatcher with 16 workers.
 -> (artifact id: '19d12308cf429fb936147fb2ac36685b') in 0.010736 seconds
Number of updated asset objects reloaded before import = 0
Number of asset objects unloaded after import = 1
========================================================================
Received Import Request.
  Time since last request: 0.000007 seconds.
  path: Assets/Resources/Sounds/UnityChan/univ1278.wav
  artifactKey: Guid(d13b766e4ed05467b8bff2adfe6594dc) Importer(2089858483,0ecaa5967403d082aa24f35e1b516d23)
Start importing Assets/Resources/Sounds/UnityChan/univ1278.wav using Guid(d13b766e4ed05467b8bff2adfe6594dc) Importer(2089858483,0ecaa5967403d082aa24f35e1b516d23) [PhysX] Initialized MultithreadedTaskDispatcher with 16 workers.
 -> (artifact id: '9c04b2b50d5d8d84c43a5676cc395079') in 0.012200 seconds
Number of updated asset objects reloaded before import = 0
Number of asset objects unloaded after import = 1
========================================================================
Received Import Request.
  Time since last request: 0.000024 seconds.
  path: Assets/Resources/Sounds/UnityChan/univ1128.wav
  artifactKey: Guid(58beb19e57554460390a5a3734fd19f3) Importer(2089858483,0ecaa5967403d082aa24f35e1b516d23)
Start importing Assets/Resources/Sounds/UnityChan/univ1128.wav using Guid(58beb19e57554460390a5a3734fd19f3) Importer(2089858483,0ecaa5967403d082aa24f35e1b516d23) [PhysX] Initialized MultithreadedTaskDispatcher with 16 workers.
 -> (artifact id: '769729bb409c9c66f563a5b75a084344') in 0.011307 seconds
Number of updated asset objects reloaded before import = 0
Number of asset objects unloaded after import = 1
========================================================================
Received Import Request.
  Time since last request: 0.000008 seconds.
  path: Assets/Resources/Art/Necromanser/Animations/Necromancer@roar.fbx
  artifactKey: Guid(a71beea6e6b42ec4da169a9bb4ab1a09) Importer(2089858483,0ecaa5967403d082aa24f35e1b516d23)
Start importing Assets/Resources/Art/Necromanser/Animations/Necromancer@roar.fbx using Guid(a71beea6e6b42ec4da169a9bb4ab1a09) Importer(2089858483,0ecaa5967403d082aa24f35e1b516d23) [PhysX] Initialized MultithreadedTaskDispatcher with 16 workers.
 -> (artifact id: '079823e69c9425fa9dc4af2e72dd2fe2') in 0.075503 seconds
Number of updated asset objects reloaded before import = 0
Number of asset objects unloaded after import = 1157
========================================================================
Received Import Request.
  Time since last request: 0.000013 seconds.
  path: Assets/Resources/Sounds/UnityChan/univ1308.wav
  artifactKey: Guid(9979f85aedd034a7c86bbe9d95d33567) Importer(2089858483,0ecaa5967403d082aa24f35e1b516d23)
Start importing Assets/Resources/Sounds/UnityChan/univ1308.wav using Guid(9979f85aedd034a7c86bbe9d95d33567) Importer(2089858483,0ecaa5967403d082aa24f35e1b516d23) [PhysX] Initialized MultithreadedTaskDispatcher with 16 workers.
 -> (artifact id: 'b11fdebe0897bfc8436dd2247d1f9470') in 0.011828 seconds
Number of updated asset objects reloaded before import = 0
Number of asset objects unloaded after import = 1
========================================================================
Received Import Request.
  Time since last request: 0.000015 seconds.
  path: Assets/Unity UI Samples/Textures and Sprites/Decoration/Icon3.png
  artifactKey: Guid(e484876f0cfbe8d46981ae0062b5e77f) Importer(2089858483,0ecaa5967403d082aa24f35e1b516d23)
Start importing Assets/Unity UI Samples/Textures and Sprites/Decoration/Icon3.png using Guid(e484876f0cfbe8d46981ae0062b5e77f) Importer(2089858483,0ecaa5967403d082aa24f35e1b516d23) [PhysX] Initialized MultithreadedTaskDispatcher with 16 workers.
 -> (artifact id: 'b47a7799c3fba9381c3f65c1ab5675cc') in 0.025857 seconds
Number of updated asset objects reloaded before import = 0
Number of asset objects unloaded after import = 3
========================================================================
Received Import Request.
  Time since last request: 0.000010 seconds.
  path: Assets/Unity UI Samples/Textures and Sprites/Lit UI/DiagonalSpritesNormal.psd
  artifactKey: Guid(022a5dbc82be311428eec45125477996) Importer(2089858483,0ecaa5967403d082aa24f35e1b516d23)
Start importing Assets/Unity UI Samples/Textures and Sprites/Lit UI/DiagonalSpritesNormal.psd using Guid(022a5dbc82be311428eec45125477996) Importer(2089858483,0ecaa5967403d082aa24f35e1b516d23) [PhysX] Initialized MultithreadedTaskDispatcher with 16 workers.
 -> (artifact id: '0097107909741c6657e37d91b6c287bd') in 0.006039 seconds
Number of updated asset objects reloaded before import = 0
Number of asset objects unloaded after import = 1
========================================================================
Received Import Request.
  Time since last request: 0.000018 seconds.
  path: Assets/Resources/Art/Town/Meshes/Building_b_collider.fbx
  artifactKey: Guid(190601c6ad4761d45b65274b5f33fb3d) Importer(2089858483,0ecaa5967403d082aa24f35e1b516d23)
Start importing Assets/Resources/Art/Town/Meshes/Building_b_collider.fbx using Guid(190601c6ad4761d45b65274b5f33fb3d) Importer(2089858483,0ecaa5967403d082aa24f35e1b516d23) [PhysX] Initialized MultithreadedTaskDispatcher with 16 workers.
 -> (artifact id: '7a80589ba186e135f23718a9324b6d65') in 0.005597 seconds
Number of updated asset objects reloaded before import = 0
Number of asset objects unloaded after import = 7
========================================================================
Received Import Request.
  Time since last request: 0.000009 seconds.
  path: Assets/Resources/Art/Necromanser/Materials/Mat_Necromanser_Weapon.mat
  artifactKey: Guid(18f94db57777bac448b053191afebd49) Importer(2089858483,0ecaa5967403d082aa24f35e1b516d23)
Start importing Assets/Resources/Art/Necromanser/Materials/Mat_Necromanser_Weapon.mat using Guid(18f94db57777bac448b053191afebd49) Importer(2089858483,0ecaa5967403d082aa24f35e1b516d23) [PhysX] Initialized MultithreadedTaskDispatcher with 16 workers.
 -> (artifact id: '05a9476f86a9ff2c0e13371e5d3eda82') in 0.018297 seconds
Number of updated asset objects reloaded before import = 0
Number of asset objects unloaded after import = 4
========================================================================
Received Import Request.
  Time since last request: 0.000013 seconds.
  path: Assets/Resources/Art/Necromanser/Texture/necromant_Weapon_metalnes+roughness.tga
  artifactKey: Guid(48fccf3bfbea7fb4b978871737135d71) Importer(2089858483,0ecaa5967403d082aa24f35e1b516d23)
Start importing Assets/Resources/Art/Necromanser/Texture/necromant_Weapon_metalnes+roughness.tga using Guid(48fccf3bfbea7fb4b978871737135d71) Importer(2089858483,0ecaa5967403d082aa24f35e1b516d23) [PhysX] Initialized MultithreadedTaskDispatcher with 16 workers.
 -> (artifact id: '61d6235b6fa684c870d58b40965abf64') in 0.006630 seconds
Number of updated asset objects reloaded before import = 0
Number of asset objects unloaded after import = 1
========================================================================
Received Import Request.
  Time since last request: 0.000015 seconds.
  path: Assets/Resources/Art/Necromanser/Animations/Necromancer@walk.fbx
  artifactKey: Guid(e6dde35402ac6a4428dd06716ee021dc) Importer(2089858483,0ecaa5967403d082aa24f35e1b516d23)
Start importing Assets/Resources/Art/Necromanser/Animations/Necromancer@walk.fbx using Guid(e6dde35402ac6a4428dd06716ee021dc) Importer(2089858483,0ecaa5967403d082aa24f35e1b516d23) [PhysX] Initialized MultithreadedTaskDispatcher with 16 workers.
 -> (artifact id: '27752512e83c2455a1a60b96c01762ea') in 0.062353 seconds
Number of updated asset objects reloaded before import = 0
Number of asset objects unloaded after import = 1157
========================================================================
Received Import Request.
  Time since last request: 0.000012 seconds.
  path: Assets/Resources/Art/Town/Prefabs/Tent.prefab
  artifactKey: Guid(61fb7c015a745ea42900f99f6f123343) Importer(2089858483,0ecaa5967403d082aa24f35e1b516d23)
Start importing Assets/Resources/Art/Town/Prefabs/Tent.prefab using Guid(61fb7c015a745ea42900f99f6f123343) Importer(2089858483,0ecaa5967403d082aa24f35e1b516d23) [PhysX] Initialized MultithreadedTaskDispatcher with 16 workers.
 -> (artifact id: '8f1b9da3fa9eafe1314a8f2875240e15') in 0.008120 seconds
Number of updated asset objects reloaded before import = 0
Number of asset objects unloaded after import = 9
========================================================================
Received Import Request.
  Time since last request: 0.000009 seconds.
  path: Assets/Resources/Art/Town/Meshes/Well.fbx
  artifactKey: Guid(4d9f516fcb3181b41b3d31cfb88c7885) Importer(2089858483,0ecaa5967403d082aa24f35e1b516d23)
Start importing Assets/Resources/Art/Town/Meshes/Well.fbx using Guid(4d9f516fcb3181b41b3d31cfb88c7885) Importer(2089858483,0ecaa5967403d082aa24f35e1b516d23) [PhysX] Initialized MultithreadedTaskDispatcher with 16 workers.
 -> (artifact id: '6a431f241609632c559f091a37b3c0d3') in 0.007884 seconds
Number of updated asset objects reloaded before import = 0
Number of asset objects unloaded after import = 7
========================================================================
Received Import Request.
  Time since last request: 0.000015 seconds.
  path: Assets/Resources/Art/Town/Meshes/Sign_c.fbx
  artifactKey: Guid(7aee8f3ae9da5ea459f80dd04d669d09) Importer(2089858483,0ecaa5967403d082aa24f35e1b516d23)
Start importing Assets/Resources/Art/Town/Meshes/Sign_c.fbx using Guid(7aee8f3ae9da5ea459f80dd04d669d09) Importer(2089858483,0ecaa5967403d082aa24f35e1b516d23) [PhysX] Initialized MultithreadedTaskDispatcher with 16 workers.
 -> (artifact id: '782795d88de411c1cccdd5554234d620') in 0.005988 seconds
Number of updated asset objects reloaded before import = 0
Number of asset objects unloaded after import = 7
========================================================================
Received Import Request.
  Time since last request: 0.000008 seconds.
  path: Assets/Resources/Art/Town/Prefabs/Building_a.prefab
  artifactKey: Guid(5953515103f4b3c4dbd003cda1894775) Importer(2089858483,0ecaa5967403d082aa24f35e1b516d23)
Start importing Assets/Resources/Art/Town/Prefabs/Building_a.prefab using Guid(5953515103f4b3c4dbd003cda1894775) Importer(2089858483,0ecaa5967403d082aa24f35e1b516d23) [PhysX] Initialized MultithreadedTaskDispatcher with 16 workers.
 -> (artifact id: '0432af64e1dbb4c036fa028259efcb85') in 0.004416 seconds
Number of updated asset objects reloaded before import = 0
Number of asset objects unloaded after import = 9
========================================================================
Received Import Request.
  Time since last request: 0.000007 seconds.
  path: Assets/Resources/Art/Town/Prefabs/Cart_Wheel_b.prefab
  artifactKey: Guid(acd706c9351b77a4c80570beb022be19) Importer(2089858483,0ecaa5967403d082aa24f35e1b516d23)
Start importing Assets/Resources/Art/Town/Prefabs/Cart_Wheel_b.prefab using Guid(acd706c9351b77a4c80570beb022be19) Importer(2089858483,0ecaa5967403d082aa24f35e1b516d23) [PhysX] Initialized MultithreadedTaskDispatcher with 16 workers.
 -> (artifact id: '2cef7f773b44e72b7a39a7c458a20309') in 0.004632 seconds
Number of updated asset objects reloaded before import = 0
Number of asset objects unloaded after import = 8
========================================================================
Received Import Request.
  Time since last request: 0.000021 seconds.
  path: Assets/Resources/Art/Town/Prefabs/Logs_a.prefab
  artifactKey: Guid(1302c983138d8344f81486021c92aa98) Importer(2089858483,0ecaa5967403d082aa24f35e1b516d23)
Start importing Assets/Resources/Art/Town/Prefabs/Logs_a.prefab using Guid(1302c983138d8344f81486021c92aa98) Importer(2089858483,0ecaa5967403d082aa24f35e1b516d23) [PhysX] Initialized MultithreadedTaskDispatcher with 16 workers.
 -> (artifact id: 'ff951649dc77d842e1b81d127885a173') in 0.003626 seconds
Number of updated asset objects reloaded before import = 0
Number of asset objects unloaded after import = 8
========================================================================
Received Import Request.
  Time since last request: 0.000007 seconds.
  path: Assets/Resources/Art/Town/Prefabs/Sign_b.prefab
  artifactKey: Guid(223e0df8f9757ad4cb1af233c8c05c26) Importer(2089858483,0ecaa5967403d082aa24f35e1b516d23)
Start importing Assets/Resources/Art/Town/Prefabs/Sign_b.prefab using Guid(223e0df8f9757ad4cb1af233c8c05c26) Importer(2089858483,0ecaa5967403d082aa24f35e1b516d23) [PhysX] Initialized MultithreadedTaskDispatcher with 16 workers.
 -> (artifact id: '6de9288e424911695dc1dae08a5d5fb4') in 0.004217 seconds
Number of updated asset objects reloaded before import = 0
Number of asset objects unloaded after import = 8
========================================================================
Received Import Request.
  Time since last request: 0.000007 seconds.
  path: Assets/Resources/Art/Town/Meshes/Grass.fbx
  artifactKey: Guid(cf0178bacd6676f42997d136dced35a2) Importer(2089858483,0ecaa5967403d082aa24f35e1b516d23)
Start importing Assets/Resources/Art/Town/Meshes/Grass.fbx using Guid(cf0178bacd6676f42997d136dced35a2) Importer(2089858483,0ecaa5967403d082aa24f35e1b516d23) [PhysX] Initialized MultithreadedTaskDispatcher with 16 workers.
 -> (artifact id: 'abfa381b9359f0ef8f75804818918414') in 0.005731 seconds
Number of updated asset objects reloaded before import = 0
Number of asset objects unloaded after import = 7
========================================================================
Received Import Request.
  Time since last request: 0.000033 seconds.
  path: Assets/Resources/Art/Town/Prefabs/Fence_b.prefab
  artifactKey: Guid(75450dad01decb44b867e81c5a1fd604) Importer(2089858483,0ecaa5967403d082aa24f35e1b516d23)
Start importing Assets/Resources/Art/Town/Prefabs/Fence_b.prefab using Guid(75450dad01decb44b867e81c5a1fd604) Importer(2089858483,0ecaa5967403d082aa24f35e1b516d23) [PhysX] Initialized MultithreadedTaskDispatcher with 16 workers.
 -> (artifact id: '1cd5150fd85435b4ccc8b7459335fc1d') in 0.003910 seconds
Number of updated asset objects reloaded before import = 0
Number of asset objects unloaded after import = 8
========================================================================
Received Import Request.
  Time since last request: 0.000007 seconds.
  path: Assets/Resources/Art/Town/Meshes/Food_b.fbx
  artifactKey: Guid(a5ba7ec866a50d842a103f785e6d3e1b) Importer(2089858483,0ecaa5967403d082aa24f35e1b516d23)
Start importing Assets/Resources/Art/Town/Meshes/Food_b.fbx using Guid(a5ba7ec866a50d842a103f785e6d3e1b) Importer(2089858483,0ecaa5967403d082aa24f35e1b516d23) [PhysX] Initialized MultithreadedTaskDispatcher with 16 workers.
 -> (artifact id: '7043a283e077285c352fc2867f4fba25') in 0.006398 seconds
Number of updated asset objects reloaded before import = 0
Number of asset objects unloaded after import = 7
========================================================================
Received Import Request.
  Time since last request: 0.000007 seconds.
  path: Assets/Resources/Art/Town/_TerrainAutoUpgrade/layer_Grass_Texture(4.000,4.000)(0.000,0.000)(0.000,0.000,0.000),0.000,0.000.terrainlayer
  artifactKey: Guid(ea2e05e090ec77148b8279ec23d36187) Importer(2089858483,0ecaa5967403d082aa24f35e1b516d23)
Start importing Assets/Resources/Art/Town/_TerrainAutoUpgrade/layer_Grass_Texture(4.000,4.000)(0.000,0.000)(0.000,0.000,0.000),0.000,0.000.terrainlayer using Guid(ea2e05e090ec77148b8279ec23d36187) Importer(2089858483,0ecaa5967403d082aa24f35e1b516d23) [PhysX] Initialized MultithreadedTaskDispatcher with 16 workers.
 -> (artifact id: 'b64fb339c46648279dccecad11b3057e') in 0.003546 seconds
Number of updated asset objects reloaded before import = 0
Number of asset objects unloaded after import = 2
========================================================================
Received Import Request.
  Time since last request: 0.000007 seconds.
  path: Assets/Resources/Art/Town/Prefabs/Logs_b.prefab
  artifactKey: Guid(737f000fba6aa60458d3ec61cb22fcc3) Importer(2089858483,0ecaa5967403d082aa24f35e1b516d23)
Start importing Assets/Resources/Art/Town/Prefabs/Logs_b.prefab using Guid(737f000fba6aa60458d3ec61cb22fcc3) Importer(2089858483,0ecaa5967403d082aa24f35e1b516d23) [PhysX] Initialized MultithreadedTaskDispatcher with 16 workers.
 -> (artifact id: '2b05dfcfb01196c4b661d49ffbafa7ef') in 0.003833 seconds
Number of updated asset objects reloaded before import = 0
Number of asset objects unloaded after import = 8
========================================================================
Received Import Request.
  Time since last request: 0.000007 seconds.
  path: Assets/Resources/Art/Town/Prefabs/Fence_c.prefab
  artifactKey: Guid(b2e876bb6e0ba0a42b628002c60efe3b) Importer(2089858483,0ecaa5967403d082aa24f35e1b516d23)
Start importing Assets/Resources/Art/Town/Prefabs/Fence_c.prefab using Guid(b2e876bb6e0ba0a42b628002c60efe3b) Importer(2089858483,0ecaa5967403d082aa24f35e1b516d23) [PhysX] Initialized MultithreadedTaskDispatcher with 16 workers.
 -> (artifact id: '2552cb59add8f71d35e96684d7c6e320') in 0.004884 seconds
Number of updated asset objects reloaded before import = 0
Number of asset objects unloaded after import = 8
========================================================================
Received Import Request.
  Time since last request: 0.000009 seconds.
  path: Assets/Resources/Art/UnityChan/Animations/unitychan_HANDUP00_R.fbx
  artifactKey: Guid(84ce5ea31570e6b4ca2949b8fe13ee42) Importer(2089858483,0ecaa5967403d082aa24f35e1b516d23)
Start importing Assets/Resources/Art/UnityChan/Animations/unitychan_HANDUP00_R.fbx using Guid(84ce5ea31570e6b4ca2949b8fe13ee42) Importer(2089858483,0ecaa5967403d082aa24f35e1b516d23) [PhysX] Initialized MultithreadedTaskDispatcher with 16 workers.
 -> (artifact id: '23e33886444dd7428d798e457a918f4a') in 0.015825 seconds
Number of updated asset objects reloaded before import = 0
Number of asset objects unloaded after import = 325
========================================================================
Received Import Request.
  Time since last request: 0.000015 seconds.
  path: Assets/Resources/Art/Town/Prefabs/Building_c.prefab
  artifactKey: Guid(155108fff53c29e45ba3c3bb0c40e6bf) Importer(2089858483,0ecaa5967403d082aa24f35e1b516d23)
Start importing Assets/Resources/Art/Town/Prefabs/Building_c.prefab using Guid(155108fff53c29e45ba3c3bb0c40e6bf) Importer(2089858483,0ecaa5967403d082aa24f35e1b516d23) [PhysX] Initialized MultithreadedTaskDispatcher with 16 workers.
 -> (artifact id: '72846cf508f69e9355f0dd281c3b71cf') in 0.004577 seconds
Number of updated asset objects reloaded before import = 0
Number of asset objects unloaded after import = 9
========================================================================
Received Import Request.
  Time since last request: 0.000008 seconds.
  path: Assets/Resources/Art/Town/Meshes/Fence_b.fbx
  artifactKey: Guid(a72ed2b34d4339644af1c666d2b5d727) Importer(2089858483,0ecaa5967403d082aa24f35e1b516d23)
Start importing Assets/Resources/Art/Town/Meshes/Fence_b.fbx using Guid(a72ed2b34d4339644af1c666d2b5d727) Importer(2089858483,0ecaa5967403d082aa24f35e1b516d23) [PhysX] Initialized MultithreadedTaskDispatcher with 16 workers.
 -> (artifact id: '39a4ca787c658a190c44e3aeb7268884') in 0.007631 seconds
Number of updated asset objects reloaded before import = 0
Number of asset objects unloaded after import = 7
========================================================================
Received Import Request.
  Time since last request: 0.000009 seconds.
  path: Assets/Resources/Art/Town/Meshes/Mushroom_c.fbx
  artifactKey: Guid(ac89ef7eaee185043a49ec8ed5b4b7eb) Importer(2089858483,0ecaa5967403d082aa24f35e1b516d23)
Start importing Assets/Resources/Art/Town/Meshes/Mushroom_c.fbx using Guid(ac89ef7eaee185043a49ec8ed5b4b7eb) Importer(2089858483,0ecaa5967403d082aa24f35e1b516d23) [PhysX] Initialized MultithreadedTaskDispatcher with 16 workers.
 -> (artifact id: '9ab86a566c4be92b8454bed61193299a') in 0.006070 seconds
Number of updated asset objects reloaded before import = 0
Number of asset objects unloaded after import = 7
========================================================================
Received Import Request.
  Time since last request: 0.000007 seconds.
  path: Assets/Resources/Art/Town/Prefabs/Mushroom_a.prefab
  artifactKey: Guid(161bd54067fc8bc48992806fb7c4fe3b) Importer(2089858483,0ecaa5967403d082aa24f35e1b516d23)
Start importing Assets/Resources/Art/Town/Prefabs/Mushroom_a.prefab using Guid(161bd54067fc8bc48992806fb7c4fe3b) Importer(2089858483,0ecaa5967403d082aa24f35e1b516d23) [PhysX] Initialized MultithreadedTaskDispatcher with 16 workers.
 -> (artifact id: '173276a0b938430174e674d2440c4e5f') in 0.004389 seconds
Number of updated asset objects reloaded before import = 0
Number of asset objects unloaded after import = 8
========================================================================
Received Import Request.
  Time since last request: 0.000018 seconds.
  path: Assets/Resources/Art/Town/Terrain/Demo_Terrain.asset
  artifactKey: Guid(cd71c8a14f2c40c4facca03eb05ed00b) Importer(2089858483,0ecaa5967403d082aa24f35e1b516d23)
Start importing Assets/Resources/Art/Town/Terrain/Demo_Terrain.asset using Guid(cd71c8a14f2c40c4facca03eb05ed00b) Importer(2089858483,0ecaa5967403d082aa24f35e1b516d23) [PhysX] Initialized MultithreadedTaskDispatcher with 16 workers.
 -> (artifact id: '751987c4e451a1da2c956101a9af0e4c') in 0.043051 seconds
Number of updated asset objects reloaded before import = 0
Number of asset objects unloaded after import = 2
========================================================================
Received Import Request.
  Time since last request: 0.000010 seconds.
  path: Assets/Resources/Art/Town/Meshes/Logs_a.fbx
  artifactKey: Guid(db6f6804c3df5c54bbb2b402c3a72cf1) Importer(2089858483,0ecaa5967403d082aa24f35e1b516d23)
Start importing Assets/Resources/Art/Town/Meshes/Logs_a.fbx using Guid(db6f6804c3df5c54bbb2b402c3a72cf1) Importer(2089858483,0ecaa5967403d082aa24f35e1b516d23) [PhysX] Initialized MultithreadedTaskDispatcher with 16 workers.
 -> (artifact id: '81fea8a55828f931f3b6a7bc219dd478') in 0.007342 seconds
Number of updated asset objects reloaded before import = 0
Number of asset objects unloaded after import = 7
========================================================================
Received Import Request.
  Time since last request: 0.000008 seconds.
  path: Assets/Resources/Art/Town/Prefabs/Sign_a.prefab
  artifactKey: Guid(b2e054983935ebc4c959a2513ac649dc) Importer(2089858483,0ecaa5967403d082aa24f35e1b516d23)
Start importing Assets/Resources/Art/Town/Prefabs/Sign_a.prefab using Guid(b2e054983935ebc4c959a2513ac649dc) Importer(2089858483,0ecaa5967403d082aa24f35e1b516d23) [PhysX] Initialized MultithreadedTaskDispatcher with 16 workers.
 -> (artifact id: 'ad1e07a28199af4dea3482fd3e9537dd') in 0.004808 seconds
Number of updated asset objects reloaded before import = 0
Number of asset objects unloaded after import = 8
========================================================================
Received Import Request.
  Time since last request: 0.000008 seconds.
  path: Assets/Resources/Art/Town/Scenes/Demo.unity
  artifactKey: Guid(e07f2e400a2d7164988fa11609016066) Importer(2089858483,0ecaa5967403d082aa24f35e1b516d23)
Start importing Assets/Resources/Art/Town/Scenes/Demo.unity using Guid(e07f2e400a2d7164988fa11609016066) Importer(2089858483,0ecaa5967403d082aa24f35e1b516d23) [PhysX] Initialized MultithreadedTaskDispatcher with 16 workers.
 -> (artifact id: 'e040f77390f008e60cba0c5ce1ef832a') in 0.002051 seconds
Number of updated asset objects reloaded before import = 0
Number of asset objects unloaded after import = 1
========================================================================
Received Import Request.
  Time since last request: 0.000033 seconds.
  path: Assets/Unity UI Samples/Textures and Sprites/Decoration/Icon1.png
  artifactKey: Guid(be0d6a45537a1a64e9e6c4ce47a2d58a) Importer(2089858483,0ecaa5967403d082aa24f35e1b516d23)
Start importing Assets/Unity UI Samples/Textures and Sprites/Decoration/Icon1.png using Guid(be0d6a45537a1a64e9e6c4ce47a2d58a) Importer(2089858483,0ecaa5967403d082aa24f35e1b516d23) [PhysX] Initialized MultithreadedTaskDispatcher with 16 workers.
 -> (artifact id: '9cea965affb3bf796a3b5df9b24db94e') in 0.006538 seconds
Number of updated asset objects reloaded before import = 0
Number of asset objects unloaded after import = 3
========================================================================
Received Import Request.
  Time since last request: 0.000008 seconds.
  path: Assets/Resources/Art/Necromanser/Materials/Mat_Necromanser_Body.mat
  artifactKey: Guid(aa517b8000d0c834aa66e9bc4af58bcf) Importer(2089858483,0ecaa5967403d082aa24f35e1b516d23)
Start importing Assets/Resources/Art/Necromanser/Materials/Mat_Necromanser_Body.mat using Guid(aa517b8000d0c834aa66e9bc4af58bcf) Importer(2089858483,0ecaa5967403d082aa24f35e1b516d23) [PhysX] Initialized MultithreadedTaskDispatcher with 16 workers.
 -> (artifact id: '9812dcc385870cb2144c0541f90045f9') in 0.008649 seconds
Number of updated asset objects reloaded before import = 0
Number of asset objects unloaded after import = 5
========================================================================
Received Import Request.
  Time since last request: 0.000008 seconds.
  path: Assets/Resources/Art/Necromanser/Texture/necromant_Weapon_Albedo.tga
  artifactKey: Guid(bbea5f957bbb3934a9947403dbd1b54a) Importer(2089858483,0ecaa5967403d082aa24f35e1b516d23)
Start importing Assets/Resources/Art/Necromanser/Texture/necromant_Weapon_Albedo.tga using Guid(bbea5f957bbb3934a9947403dbd1b54a) Importer(2089858483,0ecaa5967403d082aa24f35e1b516d23) [PhysX] Initialized MultithreadedTaskDispatcher with 16 workers.
 -> (artifact id: '0c8ace133228604411d25863fb671584') in 0.007623 seconds
Number of updated asset objects reloaded before import = 0
Number of asset objects unloaded after import = 1
========================================================================
Received Import Request.
  Time since last request: 0.000008 seconds.
  path: Assets/Resources/Sounds/UnityChan/univ1133.wav
  artifactKey: Guid(f117433c1e4844814be10100c21b0e82) Importer(2089858483,0ecaa5967403d082aa24f35e1b516d23)
Start importing Assets/Resources/Sounds/UnityChan/univ1133.wav using Guid(f117433c1e4844814be10100c21b0e82) Importer(2089858483,0ecaa5967403d082aa24f35e1b516d23) [PhysX] Initialized MultithreadedTaskDispatcher with 16 workers.
 -> (artifact id: '4eb625d14bcdcee78f72b4e475bd410c') in 0.010627 seconds
Number of updated asset objects reloaded before import = 0
Number of asset objects unloaded after import = 1
========================================================================
Received Import Request.
  Time since last request: 0.000007 seconds.
  path: Assets/Resources/Art/Town/Particles/Flies.prefab
  artifactKey: Guid(56a9e7cedd21b5c4e814e83fb02406b8) Importer(2089858483,0ecaa5967403d082aa24f35e1b516d23)
Start importing Assets/Resources/Art/Town/Particles/Flies.prefab using Guid(56a9e7cedd21b5c4e814e83fb02406b8) Importer(2089858483,0ecaa5967403d082aa24f35e1b516d23) [PhysX] Initialized MultithreadedTaskDispatcher with 16 workers.
 -> (artifact id: 'a95a934f3c431ea2dfa73cf2e4729e9f') in 0.038235 seconds
Number of updated asset objects reloaded before import = 0
Number of asset objects unloaded after import = 6
========================================================================
Received Import Request.
  Time since last request: 0.000008 seconds.
  path: Assets/Resources/Art/Town/Meshes/Lantern_post.fbx
  artifactKey: Guid(5b894a4a2d42fea44aafd6561bb64e76) Importer(2089858483,0ecaa5967403d082aa24f35e1b516d23)
Start importing Assets/Resources/Art/Town/Meshes/Lantern_post.fbx using Guid(5b894a4a2d42fea44aafd6561bb64e76) Importer(2089858483,0ecaa5967403d082aa24f35e1b516d23) [PhysX] Initialized MultithreadedTaskDispatcher with 16 workers.
 -> (artifact id: 'a86440848967a5e57c213e066188e279') in 0.007309 seconds
Number of updated asset objects reloaded before import = 0
Number of asset objects unloaded after import = 7
========================================================================
Received Import Request.
  Time since last request: 0.000008 seconds.
  path: Assets/Resources/Art/Town/Meshes/Rock_d.fbx
  artifactKey: Guid(08690aac6fd195146937f19744207757) Importer(2089858483,0ecaa5967403d082aa24f35e1b516d23)
Start importing Assets/Resources/Art/Town/Meshes/Rock_d.fbx using Guid(08690aac6fd195146937f19744207757) Importer(2089858483,0ecaa5967403d082aa24f35e1b516d23) [PhysX] Initialized MultithreadedTaskDispatcher with 16 workers.
 -> (artifact id: '80f3412bcd0ee7fa7bb05cd46861144b') in 0.007098 seconds
Number of updated asset objects reloaded before import = 0
Number of asset objects unloaded after import = 7
========================================================================
Received Import Request.
  Time since last request: 0.000008 seconds.
  path: Assets/Resources/Sounds/UnityChan/univ1205.wav
  artifactKey: Guid(c10f671659fcc437fb0394052b91cb74) Importer(2089858483,0ecaa5967403d082aa24f35e1b516d23)
Start importing Assets/Resources/Sounds/UnityChan/univ1205.wav using Guid(c10f671659fcc437fb0394052b91cb74) Importer(2089858483,0ecaa5967403d082aa24f35e1b516d23) [PhysX] Initialized MultithreadedTaskDispatcher with 16 workers.
 -> (artifact id: '9ccd98869576bea82b0f62bbf1596271') in 0.011858 seconds
Number of updated asset objects reloaded before import = 0
Number of asset objects unloaded after import = 1
========================================================================
Received Import Request.
  Time since last request: 0.000009 seconds.
  path: Assets/Resources/Sounds/UnityChan/univ1295.wav
  artifactKey: Guid(b23404212becd4a2d8ce9367b029d9f3) Importer(2089858483,0ecaa5967403d082aa24f35e1b516d23)
Start importing Assets/Resources/Sounds/UnityChan/univ1295.wav using Guid(b23404212becd4a2d8ce9367b029d9f3) Importer(2089858483,0ecaa5967403d082aa24f35e1b516d23) [PhysX] Initialized MultithreadedTaskDispatcher with 16 workers.
 -> (artifact id: 'ac7739b0d7fcfd3bde5cdb4635deb50a') in 0.015312 seconds
Number of updated asset objects reloaded before import = 0
Number of asset objects unloaded after import = 1
========================================================================
Received Import Request.
  Time since last request: 0.000014 seconds.
  path: Assets/Resources/Art/Town/Meshes/Fence_a.fbx
  artifactKey: Guid(57b1c6e5e6fd80c4f8ee1d5ccba246c8) Importer(2089858483,0ecaa5967403d082aa24f35e1b516d23)
Start importing Assets/Resources/Art/Town/Meshes/Fence_a.fbx using Guid(57b1c6e5e6fd80c4f8ee1d5ccba246c8) Importer(2089858483,0ecaa5967403d082aa24f35e1b516d23) [PhysX] Initialized MultithreadedTaskDispatcher with 16 workers.
 -> (artifact id: '5f7f646fd27f960f74fe9c8d9b012e58') in 0.006358 seconds
Number of updated asset objects reloaded before import = 0
Number of asset objects unloaded after import = 7
========================================================================
Received Import Request.
  Time since last request: 0.000007 seconds.
  path: Assets/Unity UI Samples/Textures and Sprites/Lit UI/White.psd
  artifactKey: Guid(5d5b9ba23399f4d4f8de62cb70b9440f) Importer(2089858483,0ecaa5967403d082aa24f35e1b516d23)
Start importing Assets/Unity UI Samples/Textures and Sprites/Lit UI/White.psd using Guid(5d5b9ba23399f4d4f8de62cb70b9440f) Importer(2089858483,0ecaa5967403d082aa24f35e1b516d23) [PhysX] Initialized MultithreadedTaskDispatcher with 16 workers.
 -> (artifact id: '48c130fd381630eeb14dafb7b2576f0a') in 0.007422 seconds
Number of updated asset objects reloaded before import = 0
Number of asset objects unloaded after import = 1
========================================================================
Received Import Request.
  Time since last request: 0.000058 seconds.
  path: Assets/Resources/Sounds/UnityChan/univ1211.wav
  artifactKey: Guid(6e8d3c050efaa49559744a0b39de4433) Importer(2089858483,0ecaa5967403d082aa24f35e1b516d23)
Start importing Assets/Resources/Sounds/UnityChan/univ1211.wav using Guid(6e8d3c050efaa49559744a0b39de4433) Importer(2089858483,0ecaa5967403d082aa24f35e1b516d23) [PhysX] Initialized MultithreadedTaskDispatcher with 16 workers.
 -> (artifact id: 'c088b7b662a94776b543b4e0eea60dd5') in 0.011032 seconds
Number of updated asset objects reloaded before import = 0
Number of asset objects unloaded after import = 1
========================================================================
Received Import Request.
  Time since last request: 0.000024 seconds.
  path: Assets/Resources/Art/Town/Prefabs/Cart_a.prefab
  artifactKey: Guid(75d66a9f0f71d1749afc782d07c7ea30) Importer(2089858483,0ecaa5967403d082aa24f35e1b516d23)
Start importing Assets/Resources/Art/Town/Prefabs/Cart_a.prefab using Guid(75d66a9f0f71d1749afc782d07c7ea30) Importer(2089858483,0ecaa5967403d082aa24f35e1b516d23) [PhysX] Initialized MultithreadedTaskDispatcher with 16 workers.
 -> (artifact id: '6bd7a39655d08635606ae9d2dbb93e9d') in 0.002501 seconds
Number of updated asset objects reloaded before import = 0
Number of asset objects unloaded after import = 15
========================================================================
Received Import Request.
  Time since last request: 0.000007 seconds.
  path: Assets/Resources/Sounds/UnityChan/univ1130.wav
  artifactKey: Guid(eb7ccda557cbe46c1bc29b67b5d90dd5) Importer(2089858483,0ecaa5967403d082aa24f35e1b516d23)
Start importing Assets/Resources/Sounds/UnityChan/univ1130.wav using Guid(eb7ccda557cbe46c1bc29b67b5d90dd5) Importer(2089858483,0ecaa5967403d082aa24f35e1b516d23) [PhysX] Initialized MultithreadedTaskDispatcher with 16 workers.
 -> (artifact id: '656aa318de6555b2d926dd7115c61010') in 0.010773 seconds
Number of updated asset objects reloaded before import = 0
Number of asset objects unloaded after import = 1
========================================================================
Received Import Request.
  Time since last request: 0.155125 seconds.
  path: Assets/Resources/Art/UnityChan/Animations/unitychan_LOSE00.fbx
  artifactKey: Guid(c7df2ec8d896a4a15abc7636d440631b) Importer(2089858483,0ecaa5967403d082aa24f35e1b516d23)
Start importing Assets/Resources/Art/UnityChan/Animations/unitychan_LOSE00.fbx using Guid(c7df2ec8d896a4a15abc7636d440631b) Importer(2089858483,0ecaa5967403d082aa24f35e1b516d23) [PhysX] Initialized MultithreadedTaskDispatcher with 16 workers.
 -> (artifact id: '84792dcca67049db36d6af500910d297') in 0.016343 seconds
Number of updated asset objects reloaded before import = 0
Number of asset objects unloaded after import = 325
========================================================================
Received Import Request.
  Time since last request: 0.000010 seconds.
  path: Assets/Resources/Art/UnityChan/Animations/Animators/UnityChanLocomotions.controller
  artifactKey: Guid(8d5a0e0d58f4e4176a844a1a03976c19) Importer(2089858483,0ecaa5967403d082aa24f35e1b516d23)
Start importing Assets/Resources/Art/UnityChan/Animations/Animators/UnityChanLocomotions.controller using Guid(8d5a0e0d58f4e4176a844a1a03976c19) Importer(2089858483,0ecaa5967403d082aa24f35e1b516d23) [PhysX] Initialized MultithreadedTaskDispatcher with 16 workers.
 -> (artifact id: '68aa23a9bf55870dc4214bd037052b79') in 0.027357 seconds
Number of updated asset objects reloaded before import = 0
Number of asset objects unloaded after import = 66
========================================================================
Received Import Request.
  Time since last request: 0.000014 seconds.
  path: Assets/Resources/Art/UnityChan/Animations/unitychan_SLIDE00.fbx
  artifactKey: Guid(a3657ebe445392e44a81a7b112b9cf0c) Importer(2089858483,0ecaa5967403d082aa24f35e1b516d23)
Start importing Assets/Resources/Art/UnityChan/Animations/unitychan_SLIDE00.fbx using Guid(a3657ebe445392e44a81a7b112b9cf0c) Importer(2089858483,0ecaa5967403d082aa24f35e1b516d23) [PhysX] Initialized MultithreadedTaskDispatcher with 16 workers.
 -> (artifact id: '9f3439b2dc33a20b3e4b6dc55e8e42e0') in 0.017324 seconds
Number of updated asset objects reloaded before import = 0
Number of asset objects unloaded after import = 325
========================================================================
Received Import Request.
  Time since last request: 0.000015 seconds.
  path: Assets/Resources/Art/UnityChan/Animations/FaceAnimation/conf@unitychan.anim
  artifactKey: Guid(2d64a878e09fc46ce9d3079357ebb3a5) Importer(2089858483,0ecaa5967403d082aa24f35e1b516d23)
Start importing Assets/Resources/Art/UnityChan/Animations/FaceAnimation/conf@unitychan.anim using Guid(2d64a878e09fc46ce9d3079357ebb3a5) Importer(2089858483,0ecaa5967403d082aa24f35e1b516d23) [PhysX] Initialized MultithreadedTaskDispatcher with 16 workers.
 -> (artifact id: '85065c3b7f35ceafee4bacc08b71782e') in 0.003688 seconds
Number of updated asset objects reloaded before import = 0
Number of asset objects unloaded after import = 1
========================================================================
Received Import Request.
  Time since last request: 0.000073 seconds.
  path: Assets/Resources/AtkAnimations/Warrior Pack Bundle 2 FREE/Archer Warrior Mecanim Animation Pack/Characters/Archer.FBX
  artifactKey: Guid(6113d0ea44252774db53fa756483807d) Importer(2089858483,0ecaa5967403d082aa24f35e1b516d23)
Start importing Assets/Resources/AtkAnimations/Warrior Pack Bundle 2 FREE/Archer Warrior Mecanim Animation Pack/Characters/Archer.FBX using Guid(6113d0ea44252774db53fa756483807d) Importer(2089858483,0ecaa5967403d082aa24f35e1b516d23) [PhysX] Initialized MultithreadedTaskDispatcher with 16 workers.
 -> (artifact id: 'cf504703fb80d573d7b0739d92e00553') in 0.012157 seconds
Number of updated asset objects reloaded before import = 0
Number of asset objects unloaded after import = 122
========================================================================
Received Import Request.
  Time since last request: 0.000011 seconds.
  path: Assets/Resources/Art/UnityChan/Texture/hair_01.tga
  artifactKey: Guid(cbb65ec17f92eb44fb0dde6381b6a415) Importer(2089858483,0ecaa5967403d082aa24f35e1b516d23)
Start importing Assets/Resources/Art/UnityChan/Texture/hair_01.tga using Guid(cbb65ec17f92eb44fb0dde6381b6a415) Importer(2089858483,0ecaa5967403d082aa24f35e1b516d23) [PhysX] Initialized MultithreadedTaskDispatcher with 16 workers.
 -> (artifact id: '305ee0e0609be45e666d7fbcfe9d87ee') in 0.005588 seconds
Number of updated asset objects reloaded before import = 0
Number of asset objects unloaded after import = 1
========================================================================
Received Import Request.
  Time since last request: 0.000028 seconds.
  path: Assets/Resources/AtkAnimations/Warrior Pack Bundle 2 FREE/Archer Warrior Mecanim Animation Pack/Animations/Archer@Fall.FBX
  artifactKey: Guid(124ef774c52d0d74c95bb5e223bac552) Importer(2089858483,0ecaa5967403d082aa24f35e1b516d23)
Start importing Assets/Resources/AtkAnimations/Warrior Pack Bundle 2 FREE/Archer Warrior Mecanim Animation Pack/Animations/Archer@Fall.FBX using Guid(124ef774c52d0d74c95bb5e223bac552) Importer(2089858483,0ecaa5967403d082aa24f35e1b516d23) [PhysX] Initialized MultithreadedTaskDispatcher with 16 workers.
 -> (artifact id: '16c135c4eff8e690ff071e836c8f2dc3') in 0.008343 seconds
Number of updated asset objects reloaded before import = 0
Number of asset objects unloaded after import = 112
========================================================================
Received Import Request.
  Time since last request: 0.000008 seconds.
  path: Assets/Resources/Art/UnityChan/Animations/unitychan_WAIT02.fbx
  artifactKey: Guid(e54e2e1fa0a994b389fe0654511fac47) Importer(2089858483,0ecaa5967403d082aa24f35e1b516d23)
Start importing Assets/Resources/Art/UnityChan/Animations/unitychan_WAIT02.fbx using Guid(e54e2e1fa0a994b389fe0654511fac47) Importer(2089858483,0ecaa5967403d082aa24f35e1b516d23) [PhysX] Initialized MultithreadedTaskDispatcher with 16 workers.
 -> (artifact id: '5f92a7b8350af12fa55e680de4660b3d') in 0.022476 seconds
Number of updated asset objects reloaded before import = 0
Number of asset objects unloaded after import = 325
========================================================================
Received Import Request.
  Time since last request: 0.000010 seconds.
  path: Assets/Resources/Art/Town/Meshes/Materials/unnamed.mat
  artifactKey: Guid(1c80aeb5b8aa8c54db76e3d88d281b77) Importer(2089858483,0ecaa5967403d082aa24f35e1b516d23)
Start importing Assets/Resources/Art/Town/Meshes/Materials/unnamed.mat using Guid(1c80aeb5b8aa8c54db76e3d88d281b77) Importer(2089858483,0ecaa5967403d082aa24f35e1b516d23) [PhysX] Initialized MultithreadedTaskDispatcher with 16 workers.
 -> (artifact id: '5ee6da84631b87d3d346791c9fb0c60c') in 0.003148 seconds
Number of updated asset objects reloaded before import = 0
Number of asset objects unloaded after import = 1
========================================================================
Received Import Request.
  Time since last request: 0.000018 seconds.
  path: Assets/Resources/Art/UnityChan/Animations/unitychan_WALK00_R.fbx
  artifactKey: Guid(dbc663f7e83140241a679da3ca9063b7) Importer(2089858483,0ecaa5967403d082aa24f35e1b516d23)
Start importing Assets/Resources/Art/UnityChan/Animations/unitychan_WALK00_R.fbx using Guid(dbc663f7e83140241a679da3ca9063b7) Importer(2089858483,0ecaa5967403d082aa24f35e1b516d23) [PhysX] Initialized MultithreadedTaskDispatcher with 16 workers.
 -> (artifact id: '8292431265f43c04063e891a947d78c6') in 0.016211 seconds
Number of updated asset objects reloaded before import = 0
Number of asset objects unloaded after import = 325
========================================================================
Received Import Request.
  Time since last request: 0.000009 seconds.
  path: Assets/Several Swords With Scabbards/Swords/KnightSword/Prefab/Knight_sword.prefab
  artifactKey: Guid(60ae83ab14941644dafea0384fbf1974) Importer(2089858483,0ecaa5967403d082aa24f35e1b516d23)
Start importing Assets/Several Swords With Scabbards/Swords/KnightSword/Prefab/Knight_sword.prefab using Guid(60ae83ab14941644dafea0384fbf1974) Importer(2089858483,0ecaa5967403d082aa24f35e1b516d23) [PhysX] Initialized MultithreadedTaskDispatcher with 16 workers.
 -> (artifact id: '2079994085236110dc0cb0622336d9bc') in 0.002873 seconds
Number of updated asset objects reloaded before import = 0
Number of asset objects unloaded after import = 14
========================================================================
Received Import Request.
  Time since last request: 0.000007 seconds.
  path: Assets/Resources/Art/UnityChan/Animations/FaceAnimation/default@unitychan.anim
  artifactKey: Guid(6394472d24c9347e5bb789ec1f15e5bb) Importer(2089858483,0ecaa5967403d082aa24f35e1b516d23)
Start importing Assets/Resources/Art/UnityChan/Animations/FaceAnimation/default@unitychan.anim using Guid(6394472d24c9347e5bb789ec1f15e5bb) Importer(2089858483,0ecaa5967403d082aa24f35e1b516d23) [PhysX] Initialized MultithreadedTaskDispatcher with 16 workers.
 -> (artifact id: 'b8ae79d992eb721b012f1115d886195f') in 0.003172 seconds
Number of updated asset objects reloaded before import = 0
Number of asset objects unloaded after import = 1
========================================================================
Received Import Request.
  Time since last request: 0.000007 seconds.
  path: Assets/Resources/Art/UnityChan/Texture/FO_SKIN1.tga
  artifactKey: Guid(a1d5b2277eb3f6245900378e6fa97575) Importer(2089858483,0ecaa5967403d082aa24f35e1b516d23)
Start importing Assets/Resources/Art/UnityChan/Texture/FO_SKIN1.tga using Guid(a1d5b2277eb3f6245900378e6fa97575) Importer(2089858483,0ecaa5967403d082aa24f35e1b516d23) [PhysX] Initialized MultithreadedTaskDispatcher with 16 workers.
 -> (artifact id: '910eb45ef6cca55287f1ea70c4536ba1') in 0.006809 seconds
Number of updated asset objects reloaded before import = 0
Number of asset objects unloaded after import = 1
========================================================================
Received Import Request.
  Time since last request: 0.000047 seconds.
  path: Assets/Resources/AtkAnimations/Warrior Pack Bundle 2 FREE/2 Handed Warrior Mecanim Animation Pack/Animations/2Handed@Fall.FBX
  artifactKey: Guid(5a3da40707712d84c9c79fd9056679a4) Importer(2089858483,0ecaa5967403d082aa24f35e1b516d23)
Start importing Assets/Resources/AtkAnimations/Warrior Pack Bundle 2 FREE/2 Handed Warrior Mecanim Animation Pack/Animations/2Handed@Fall.FBX using Guid(5a3da40707712d84c9c79fd9056679a4) Importer(2089858483,0ecaa5967403d082aa24f35e1b516d23) [PhysX] Initialized MultithreadedTaskDispatcher with 16 workers.
 -> (artifact id: 'cd9d6a22e2cd8678b5167d163a40e189') in 0.009730 seconds
Number of updated asset objects reloaded before import = 0
Number of asset objects unloaded after import = 112
========================================================================
Received Import Request.
  Time since last request: 0.000008 seconds.
  path: Assets/Resources/AtkAnimations/Warrior Pack Bundle 2 FREE/Knight Warrior Mecanim Animation Pack/Animations/Knight@Run.FBX
  artifactKey: Guid(b093e573ca387a1459010ed43a16d2ad) Importer(2089858483,0ecaa5967403d082aa24f35e1b516d23)
Start importing Assets/Resources/AtkAnimations/Warrior Pack Bundle 2 FREE/Knight Warrior Mecanim Animation Pack/Animations/Knight@Run.FBX using Guid(b093e573ca387a1459010ed43a16d2ad) Importer(2089858483,0ecaa5967403d082aa24f35e1b516d23) [PhysX] Initialized MultithreadedTaskDispatcher with 16 workers.
 -> (artifact id: 'b964203a2d2fc4b9b2e297df893912d3') in 0.008071 seconds
Number of updated asset objects reloaded before import = 0
Number of asset objects unloaded after import = 112
========================================================================
Received Import Request.
  Time since last request: 0.000007 seconds.
  path: Assets/Resources/AtkAnimations/Warrior Pack Bundle 2 FREE/Knight Warrior Mecanim Animation Pack/Animations/Knight@WalkSlow.FBX
  artifactKey: Guid(a39acfe582d0daf45b70f5428e4bd241) Importer(2089858483,0ecaa5967403d082aa24f35e1b516d23)
Start importing Assets/Resources/AtkAnimations/Warrior Pack Bundle 2 FREE/Knight Warrior Mecanim Animation Pack/Animations/Knight@WalkSlow.FBX using Guid(a39acfe582d0daf45b70f5428e4bd241) Importer(2089858483,0ecaa5967403d082aa24f35e1b516d23) [PhysX] Initialized MultithreadedTaskDispatcher with 16 workers.
 -> (artifact id: 'e40a6bb8b1f089deb39fd13cc6a9e0f6') in 0.011050 seconds
Number of updated asset objects reloaded before import = 0
Number of asset objects unloaded after import = 112
========================================================================
Received Import Request.
  Time since last request: 0.000008 seconds.
  path: Assets/Resources/Art/UnityChan/Animations/unitychan_UMATOBI00.fbx
  artifactKey: Guid(8bf916c92a6742d4ea62fd210c3fd0e6) Importer(2089858483,0ecaa5967403d082aa24f35e1b516d23)
Start importing Assets/Resources/Art/UnityChan/Animations/unitychan_UMATOBI00.fbx using Guid(8bf916c92a6742d4ea62fd210c3fd0e6) Importer(2089858483,0ecaa5967403d082aa24f35e1b516d23) [PhysX] Initialized MultithreadedTaskDispatcher with 16 workers.
 -> (artifact id: '665f98a87e7638e2bbee18722f40582e') in 0.016280 seconds
Number of updated asset objects reloaded before import = 0
Number of asset objects unloaded after import = 325
========================================================================
Received Import Request.
  Time since last request: 0.000009 seconds.
  path: Assets/Resources/AtkAnimations/Warrior Pack Bundle 2 FREE/2 Handed Warrior Mecanim Animation Pack/Animations/2Handed@Run.FBX
  artifactKey: Guid(f8a7c8447d8c15740964c9bfcb761d70) Importer(2089858483,0ecaa5967403d082aa24f35e1b516d23)
Start importing Assets/Resources/AtkAnimations/Warrior Pack Bundle 2 FREE/2 Handed Warrior Mecanim Animation Pack/Animations/2Handed@Run.FBX using Guid(f8a7c8447d8c15740964c9bfcb761d70) Importer(2089858483,0ecaa5967403d082aa24f35e1b516d23) [PhysX] Initialized MultithreadedTaskDispatcher with 16 workers.
 -> (artifact id: '7b53d6e5090ebd1c969435f33d122d0b') in 0.008061 seconds
Number of updated asset objects reloaded before import = 0
Number of asset objects unloaded after import = 112
========================================================================
Received Import Request.
  Time since last request: 0.000009 seconds.
  path: Assets/Resources/Art/UnityChan/Texture/hair_01_SPEC.tga
  artifactKey: Guid(c4271b2b1e8bfa949aa9230abaa7709e) Importer(2089858483,0ecaa5967403d082aa24f35e1b516d23)
Start importing Assets/Resources/Art/UnityChan/Texture/hair_01_SPEC.tga using Guid(c4271b2b1e8bfa949aa9230abaa7709e) Importer(2089858483,0ecaa5967403d082aa24f35e1b516d23) [PhysX] Initialized MultithreadedTaskDispatcher with 16 workers.
 -> (artifact id: '0ee90d4f9e5bc620534d11c2f6e3b432') in 0.006480 seconds
Number of updated asset objects reloaded before import = 0
Number of asset objects unloaded after import = 1
========================================================================
Received Import Request.
  Time since last request: 0.000034 seconds.
  path: Assets/Resources/AtkAnimations/Warrior Pack Bundle 2 FREE/2 Handed Warrior Mecanim Animation Pack/Characters/2Handed.FBX
  artifactKey: Guid(781a15e490c144941adf6440cf6b6cdd) Importer(2089858483,0ecaa5967403d082aa24f35e1b516d23)
Start importing Assets/Resources/AtkAnimations/Warrior Pack Bundle 2 FREE/2 Handed Warrior Mecanim Animation Pack/Characters/2Handed.FBX using Guid(781a15e490c144941adf6440cf6b6cdd) Importer(2089858483,0ecaa5967403d082aa24f35e1b516d23) [PhysX] Initialized MultithreadedTaskDispatcher with 16 workers.
 -> (artifact id: '99d1e6419b397e2c0ce4e8a58fec65a0') in 0.009311 seconds
Number of updated asset objects reloaded before import = 0
Number of asset objects unloaded after import = 119
========================================================================
Received Import Request.
  Time since last request: 0.000008 seconds.
  path: Assets/Resources/AtkAnimations/Warrior Pack Bundle 2 FREE/Knight Warrior Mecanim Animation Pack/Materials/Knight.mat
  artifactKey: Guid(cc40f1b9a8fbd6642ad5b1f7b08366e7) Importer(2089858483,0ecaa5967403d082aa24f35e1b516d23)
Start importing Assets/Resources/AtkAnimations/Warrior Pack Bundle 2 FREE/Knight Warrior Mecanim Animation Pack/Materials/Knight.mat using Guid(cc40f1b9a8fbd6642ad5b1f7b08366e7) Importer(2089858483,0ecaa5967403d082aa24f35e1b516d23) [PhysX] Initialized MultithreadedTaskDispatcher with 16 workers.
 -> (artifact id: '689bb150c0dcae299d5791d42e34064b') in 0.004191 seconds
Number of updated asset objects reloaded before import = 0
Number of asset objects unloaded after import = 2
========================================================================
Received Import Request.
  Time since last request: 0.000007 seconds.
  path: Assets/Resources/Art/UnityChan/Animations/FaceAnimation/ASHAMED.anim
  artifactKey: Guid(3555863ff4ef948e298b8d11ea795ec4) Importer(2089858483,0ecaa5967403d082aa24f35e1b516d23)
Start importing Assets/Resources/Art/UnityChan/Animations/FaceAnimation/ASHAMED.anim using Guid(3555863ff4ef948e298b8d11ea795ec4) Importer(2089858483,0ecaa5967403d082aa24f35e1b516d23) [PhysX] Initialized MultithreadedTaskDispatcher with 16 workers.
 -> (artifact id: 'd4f8adc6fdbb1c90d07ffdea1c6035b6') in 0.003916 seconds
Number of updated asset objects reloaded before import = 0
Number of asset objects unloaded after import = 1
========================================================================
Received Import Request.
  Time since last request: 0.000023 seconds.
  path: Assets/Resources/Art/UnityChan/Texture/body_01_NRM.tga
  artifactKey: Guid(3a3c0acc807e9264ca0b32602a928a9a) Importer(2089858483,0ecaa5967403d082aa24f35e1b516d23)
Start importing Assets/Resources/Art/UnityChan/Texture/body_01_NRM.tga using Guid(3a3c0acc807e9264ca0b32602a928a9a) Importer(2089858483,0ecaa5967403d082aa24f35e1b516d23) [PhysX] Initialized MultithreadedTaskDispatcher with 16 workers.
 -> (artifact id: '7c1446c6d97ebdec9fbeed4769b14019') in 0.006741 seconds
Number of updated asset objects reloaded before import = 0
Number of asset objects unloaded after import = 1
========================================================================
Received Import Request.
  Time since last request: 0.000022 seconds.
  path: Assets/Resources/Art/UnityChan/Texture/eye_iris_R_00.tga
  artifactKey: Guid(7521661d2d6cebb479dea03e7336e5de) Importer(2089858483,0ecaa5967403d082aa24f35e1b516d23)
Start importing Assets/Resources/Art/UnityChan/Texture/eye_iris_R_00.tga using Guid(7521661d2d6cebb479dea03e7336e5de) Importer(2089858483,0ecaa5967403d082aa24f35e1b516d23) [PhysX] Initialized MultithreadedTaskDispatcher with 16 workers.
 -> (artifact id: '8a4c915225b43c3d63c24585aeccf285') in 0.005682 seconds
Number of updated asset objects reloaded before import = 0
Number of asset objects unloaded after import = 1
========================================================================
Received Import Request.
  Time since last request: 0.000008 seconds.
  path: Assets/Resources/AtkAnimations/Warrior Pack Bundle 2 FREE/2 Handed Warrior Mecanim Animation Pack/Animations/2Handed@WalkSlow.FBX
  artifactKey: Guid(7c64bd10551274d4aa48072bca44bfce) Importer(2089858483,0ecaa5967403d082aa24f35e1b516d23)
Start importing Assets/Resources/AtkAnimations/Warrior Pack Bundle 2 FREE/2 Handed Warrior Mecanim Animation Pack/Animations/2Handed@WalkSlow.FBX using Guid(7c64bd10551274d4aa48072bca44bfce) Importer(2089858483,0ecaa5967403d082aa24f35e1b516d23) [PhysX] Initialized MultithreadedTaskDispatcher with 16 workers.
 -> (artifact id: 'c2f0ecc3416ec02242ec60a9a0274db6') in 0.009620 seconds
Number of updated asset objects reloaded before import = 0
Number of asset objects unloaded after import = 112
========================================================================
Received Import Request.
  Time since last request: 0.000008 seconds.
  path: Assets/Resources/Art/UnityChan/Shader/CharaOutline.cg
  artifactKey: Guid(98e9eccf54dd0e34c9cb77865555483f) Importer(2089858483,0ecaa5967403d082aa24f35e1b516d23)
Start importing Assets/Resources/Art/UnityChan/Shader/CharaOutline.cg using Guid(98e9eccf54dd0e34c9cb77865555483f) Importer(2089858483,0ecaa5967403d082aa24f35e1b516d23) [PhysX] Initialized MultithreadedTaskDispatcher with 16 workers.
 -> (artifact id: 'abd7f38ff714a57d255a8f00296dafe9') in 0.003560 seconds
Number of updated asset objects reloaded before import = 0
Number of asset objects unloaded after import = 1
========================================================================
Received Import Request.
  Time since last request: 0.000027 seconds.
  path: Assets/Resources/Art/UnityChan/Materials/eye_L1.mat
  artifactKey: Guid(4987862c1c195e74c86994ba4bcbd812) Importer(2089858483,0ecaa5967403d082aa24f35e1b516d23)
Start importing Assets/Resources/Art/UnityChan/Materials/eye_L1.mat using Guid(4987862c1c195e74c86994ba4bcbd812) Importer(2089858483,0ecaa5967403d082aa24f35e1b516d23) [PhysX] Initialized MultithreadedTaskDispatcher with 16 workers.
 -> (artifact id: '3cff9c47ead51932c7a1381080300c69') in 0.004080 seconds
Number of updated asset objects reloaded before import = 0
Number of asset objects unloaded after import = 4
========================================================================
Received Import Request.
  Time since last request: 0.000007 seconds.
  path: Assets/Several Swords With Scabbards/Swords/KnightSword/Textures/Knight_sword_Scabbard_AO.png
  artifactKey: Guid(6af72006b2452514a916c689c48537d5) Importer(2089858483,0ecaa5967403d082aa24f35e1b516d23)
Start importing Assets/Several Swords With Scabbards/Swords/KnightSword/Textures/Knight_sword_Scabbard_AO.png using Guid(6af72006b2452514a916c689c48537d5) Importer(2089858483,0ecaa5967403d082aa24f35e1b516d23) [PhysX] Initialized MultithreadedTaskDispatcher with 16 workers.
 -> (artifact id: '91f96de6dcf52dc709171612b6e922f4') in 0.006385 seconds
Number of updated asset objects reloaded before import = 0
Number of asset objects unloaded after import = 1
========================================================================
Received Import Request.
  Time since last request: 0.000010 seconds.
  path: Assets/Resources/Art/UnityChan/Shader/Unitychan_chara_hada.shader
  artifactKey: Guid(b35a2abbdd5b15d4ca40103088758eac) Importer(2089858483,0ecaa5967403d082aa24f35e1b516d23)
Start importing Assets/Resources/Art/UnityChan/Shader/Unitychan_chara_hada.shader using Guid(b35a2abbdd5b15d4ca40103088758eac) Importer(2089858483,0ecaa5967403d082aa24f35e1b516d23) [PhysX] Initialized MultithreadedTaskDispatcher with 16 workers.
 -> (artifact id: '50ef1edd9cb1c76295b3116157410553') in 0.007006 seconds
Number of updated asset objects reloaded before import = 0
Number of asset objects unloaded after import = 1
========================================================================
Received Import Request.
  Time since last request: 0.000013 seconds.
  path: Assets/Resources/AtkAnimations/Warrior Pack Bundle 2 FREE/Archer Warrior Mecanim Animation Pack/Prefabs/Archer Warrior.prefab
  artifactKey: Guid(b0e8c80702d87fb4f9c231b669dcffd3) Importer(2089858483,0ecaa5967403d082aa24f35e1b516d23)
Start importing Assets/Resources/AtkAnimations/Warrior Pack Bundle 2 FREE/Archer Warrior Mecanim Animation Pack/Prefabs/Archer Warrior.prefab using Guid(b0e8c80702d87fb4f9c231b669dcffd3) Importer(2089858483,0ecaa5967403d082aa24f35e1b516d23) [PhysX] Initialized MultithreadedTaskDispatcher with 16 workers.
 -> (artifact id: 'a713a5a4b8dc2028e1bf570ebb2b27c3') in 0.005919 seconds
Number of updated asset objects reloaded before import = 0
Number of asset objects unloaded after import = 130
========================================================================
Received Import Request.
  Time since last request: 0.000008 seconds.
  path: Assets/Resources/Prefabs/UI/SubItem/Inven_Item_UI.prefab
  artifactKey: Guid(b9d38c69097cfc642aae2476b1c76ff9) Importer(2089858483,0ecaa5967403d082aa24f35e1b516d23)
Start importing Assets/Resources/Prefabs/UI/SubItem/Inven_Item_UI.prefab using Guid(b9d38c69097cfc642aae2476b1c76ff9) Importer(2089858483,0ecaa5967403d082aa24f35e1b516d23) [PhysX] Initialized MultithreadedTaskDispatcher with 16 workers.
 -> (artifact id: '1d39d271944f347cd450810562e06045') in 0.020411 seconds
Number of updated asset objects reloaded before import = 0
Number of asset objects unloaded after import = 16
========================================================================
Received Import Request.
  Time since last request: 0.000009 seconds.
  path: Assets/Resources/Art/UnityChan/Texture/body_01_SPEC.tga
  artifactKey: Guid(7ae1142e9b3a72048960dd9561e0e0d9) Importer(2089858483,0ecaa5967403d082aa24f35e1b516d23)
Start importing Assets/Resources/Art/UnityChan/Texture/body_01_SPEC.tga using Guid(7ae1142e9b3a72048960dd9561e0e0d9) Importer(2089858483,0ecaa5967403d082aa24f35e1b516d23) [PhysX] Initialized MultithreadedTaskDispatcher with 16 workers.
 -> (artifact id: 'b2a0176a32769c1bdfa80de6b232cd3e') in 0.005913 seconds
Number of updated asset objects reloaded before import = 0
Number of asset objects unloaded after import = 1
========================================================================
Received Import Request.
  Time since last request: 0.000008 seconds.
  path: Assets/Unity UI Samples/Textures and Sprites/SF UI/Background/SF Background.png
  artifactKey: Guid(39939fe0b3df2b741aca15c2accaf90a) Importer(2089858483,0ecaa5967403d082aa24f35e1b516d23)
Start importing Assets/Unity UI Samples/Textures and Sprites/SF UI/Background/SF Background.png using Guid(39939fe0b3df2b741aca15c2accaf90a) Importer(2089858483,0ecaa5967403d082aa24f35e1b516d23) [PhysX] Initialized MultithreadedTaskDispatcher with 16 workers.
 -> (artifact id: '941cec87f80b22cf6bdf052fb502e7e6') in 0.011095 seconds
Number of updated asset objects reloaded before import = 0
Number of asset objects unloaded after import = 3
========================================================================
Received Import Request.
  Time since last request: 0.000010 seconds.
  path: Assets/Resources/Art/UnityChan/Shader/Unitychan_chara_fuku.shader
  artifactKey: Guid(00262b50562beb14cbab9b52bced4f9f) Importer(2089858483,0ecaa5967403d082aa24f35e1b516d23)
Start importing Assets/Resources/Art/UnityChan/Shader/Unitychan_chara_fuku.shader using Guid(00262b50562beb14cbab9b52bced4f9f) Importer(2089858483,0ecaa5967403d082aa24f35e1b516d23) [PhysX] Initialized MultithreadedTaskDispatcher with 16 workers.
 -> (artifact id: 'afdf20aecddfac0e80734228ae4dcdcd') in 0.003031 seconds
Number of updated asset objects reloaded before import = 0
Number of asset objects unloaded after import = 1
========================================================================
Received Import Request.
  Time since last request: 0.000008 seconds.
  path: Assets/Resources/Art/UnityChan/Shader/Unitychan_chara_fuku_ds.shader
  artifactKey: Guid(96d05de60c5f7474491f9f94568cf623) Importer(2089858483,0ecaa5967403d082aa24f35e1b516d23)
Start importing Assets/Resources/Art/UnityChan/Shader/Unitychan_chara_fuku_ds.shader using Guid(96d05de60c5f7474491f9f94568cf623) Importer(2089858483,0ecaa5967403d082aa24f35e1b516d23) [PhysX] Initialized MultithreadedTaskDispatcher with 16 workers.
 -> (artifact id: 'a0c84ab084577f09d1ccc32d4f2aabf0') in 0.002871 seconds
Number of updated asset objects reloaded before import = 0
Number of asset objects unloaded after import = 1
========================================================================
Received Import Request.
  Time since last request: 0.000026 seconds.
  path: Assets/Resources/AtkAnimations/Warrior Pack Bundle 2 FREE/Archer Warrior Mecanim Animation Pack/Animations/Archer@Idle1.FBX
  artifactKey: Guid(5b5eb14bb680c7c4da088b9fee7041e4) Importer(2089858483,0ecaa5967403d082aa24f35e1b516d23)
Start importing Assets/Resources/AtkAnimations/Warrior Pack Bundle 2 FREE/Archer Warrior Mecanim Animation Pack/Animations/Archer@Idle1.FBX using Guid(5b5eb14bb680c7c4da088b9fee7041e4) Importer(2089858483,0ecaa5967403d082aa24f35e1b516d23) [PhysX] Initialized MultithreadedTaskDispatcher with 16 workers.
 -> (artifact id: '92180a8bd269df59730fe8c8a6bf8ba8') in 0.008995 seconds
Number of updated asset objects reloaded before import = 0
Number of asset objects unloaded after import = 112
========================================================================
Received Import Request.
  Time since last request: 0.149603 seconds.
  path: Assets/Resources/AtkAnimations/Warrior Pack Bundle 2 FREE/Mage Warrior Mecanim Animation Pack/Animations/Mage@Attack1.FBX
  artifactKey: Guid(ecf1c9844e13bbe48a8729667efdc143) Importer(2089858483,0ecaa5967403d082aa24f35e1b516d23)
Start importing Assets/Resources/AtkAnimations/Warrior Pack Bundle 2 FREE/Mage Warrior Mecanim Animation Pack/Animations/Mage@Attack1.FBX using Guid(ecf1c9844e13bbe48a8729667efdc143) Importer(2089858483,0ecaa5967403d082aa24f35e1b516d23) [PhysX] Initialized MultithreadedTaskDispatcher with 16 workers.
 -> (artifact id: 'b6ba772c6edadb0f02e6ea6008476504') in 0.010796 seconds
Number of updated asset objects reloaded before import = 0
Number of asset objects unloaded after import = 112
========================================================================
Received Import Request.
  Time since last request: 0.000010 seconds.
  path: Assets/Samples/AI Navigation/1.1.6/Build And Connect NavMesh Surfaces/Scenes/5_sliding_window_terrain.unity
  artifactKey: Guid(6c20ed45d4ebd40df8a16fa95e142c57) Importer(2089858483,0ecaa5967403d082aa24f35e1b516d23)
Start importing Assets/Samples/AI Navigation/1.1.6/Build And Connect NavMesh Surfaces/Scenes/5_sliding_window_terrain.unity using Guid(6c20ed45d4ebd40df8a16fa95e142c57) Importer(2089858483,0ecaa5967403d082aa24f35e1b516d23) [PhysX] Initialized MultithreadedTaskDispatcher with 16 workers.
 -> (artifact id: '5b947532c97a5825f03a48eacab74893') in 0.002486 seconds
Number of updated asset objects reloaded before import = 0
Number of asset objects unloaded after import = 1
========================================================================
Received Import Request.
  Time since last request: 0.000114 seconds.
  path: Assets/Samples/AI Navigation/1.1.6/Build And Connect NavMesh Surfaces/Scenes/4_sliding_window_infinite.unity
  artifactKey: Guid(e51437cfed50e46d58183a8174327158) Importer(2089858483,0ecaa5967403d082aa24f35e1b516d23)
Start importing Assets/Samples/AI Navigation/1.1.6/Build And Connect NavMesh Surfaces/Scenes/4_sliding_window_infinite.unity using Guid(e51437cfed50e46d58183a8174327158) Importer(2089858483,0ecaa5967403d082aa24f35e1b516d23) [PhysX] Initialized MultithreadedTaskDispatcher with 16 workers.
 -> (artifact id: '7d9882fc43f60363febb412d38aafe1c') in 0.002688 seconds
Number of updated asset objects reloaded before import = 0
Number of asset objects unloaded after import = 1
========================================================================
Received Import Request.
  Time since last request: 0.000008 seconds.
  path: Assets/Samples/AI Navigation/1.1.6/Build And Connect NavMesh Surfaces/Prefabs/BanyanTree.prefab
  artifactKey: Guid(46d69f622d1354ee0820b7921e262b38) Importer(2089858483,0ecaa5967403d082aa24f35e1b516d23)
Start importing Assets/Samples/AI Navigation/1.1.6/Build And Connect NavMesh Surfaces/Prefabs/BanyanTree.prefab using Guid(46d69f622d1354ee0820b7921e262b38) Importer(2089858483,0ecaa5967403d082aa24f35e1b516d23) [PhysX] Initialized MultithreadedTaskDispatcher with 16 workers.
 -> (artifact id: 'c68a64a37cb163bd74b4515f5cae3675') in 0.009485 seconds
Number of updated asset objects reloaded before import = 0
Number of asset objects unloaded after import = 8
========================================================================
Received Import Request.
  Time since last request: 0.000009 seconds.
  path: Assets/Samples/AI Navigation/1.1.6/Build And Connect NavMesh Surfaces/Scripts/Despawner.cs
  artifactKey: Guid(d3be0b2e79a40424c88b51776d94b8a5) Importer(2089858483,0ecaa5967403d082aa24f35e1b516d23)
Start importing Assets/Samples/AI Navigation/1.1.6/Build And Connect NavMesh Surfaces/Scripts/Despawner.cs using Guid(d3be0b2e79a40424c88b51776d94b8a5) Importer(2089858483,0ecaa5967403d082aa24f35e1b516d23) [PhysX] Initialized MultithreadedTaskDispatcher with 16 workers.
 -> (artifact id: '79aecba8210fa20fffbf906d0fe50498') in 0.003073 seconds
Number of updated asset objects reloaded before import = 0
Number of asset objects unloaded after import = 1
========================================================================
Received Import Request.
  Time since last request: 0.000009 seconds.
  path: Assets/Samples/AI Navigation/1.1.6/Build And Connect NavMesh Surfaces/Prefabs/GroundTile.prefab
  artifactKey: Guid(c1f4492f15da844ebae2767c08ef4aab) Importer(2089858483,0ecaa5967403d082aa24f35e1b516d23)
Start importing Assets/Samples/AI Navigation/1.1.6/Build And Connect NavMesh Surfaces/Prefabs/GroundTile.prefab using Guid(c1f4492f15da844ebae2767c08ef4aab) Importer(2089858483,0ecaa5967403d082aa24f35e1b516d23) [PhysX] Initialized MultithreadedTaskDispatcher with 16 workers.
 -> (artifact id: '74670f2df2ce39b46e9436b93dc2b512') in 0.003334 seconds
Number of updated asset objects reloaded before import = 0
Number of asset objects unloaded after import = 9
========================================================================
Received Import Request.
  Time since last request: 0.000009 seconds.
  path: Assets/Samples/AI Navigation/1.1.6/Build And Connect NavMesh Surfaces/Prefabs/DungeonTiles/Tile14.prefab
  artifactKey: Guid(fd4823febd7d9b2429f5c3ce392bcb7d) Importer(2089858483,0ecaa5967403d082aa24f35e1b516d23)
Start importing Assets/Samples/AI Navigation/1.1.6/Build And Connect NavMesh Surfaces/Prefabs/DungeonTiles/Tile14.prefab using Guid(fd4823febd7d9b2429f5c3ce392bcb7d) Importer(2089858483,0ecaa5967403d082aa24f35e1b516d23) [PhysX] Initialized MultithreadedTaskDispatcher with 16 workers.
 -> (artifact id: 'e1760c832cd1b310c6e414f7a2fd8065') in 0.009337 seconds
Number of updated asset objects reloaded before import = 0
Number of asset objects unloaded after import = 25
========================================================================
Received Import Request.
  Time since last request: 0.000011 seconds.
  path: Assets/Samples/AI Navigation/1.1.6/Build And Connect NavMesh Surfaces/Scripts/RandomInstancing.cs
  artifactKey: Guid(0805752a20e62489680c7c8ba929bccc) Importer(2089858483,0ecaa5967403d082aa24f35e1b516d23)
Start importing Assets/Samples/AI Navigation/1.1.6/Build And Connect NavMesh Surfaces/Scripts/RandomInstancing.cs using Guid(0805752a20e62489680c7c8ba929bccc) Importer(2089858483,0ecaa5967403d082aa24f35e1b516d23) [PhysX] Initialized MultithreadedTaskDispatcher with 16 workers.
 -> (artifact id: 'ea826752e17e1e91c3eaeb50452b9c88') in 0.003806 seconds
Number of updated asset objects reloaded before import = 0
Number of asset objects unloaded after import = 1
========================================================================
Received Import Request.
  Time since last request: 0.000023 seconds.
  path: Assets/Samples/AI Navigation/1.1.6/Build And Connect NavMesh Surfaces/Scripts/AgentLinkMover.cs
  artifactKey: Guid(03bc8063c9e95401f9a8a38bc716750d) Importer(2089858483,0ecaa5967403d082aa24f35e1b516d23)
Start importing Assets/Samples/AI Navigation/1.1.6/Build And Connect NavMesh Surfaces/Scripts/AgentLinkMover.cs using Guid(03bc8063c9e95401f9a8a38bc716750d) Importer(2089858483,0ecaa5967403d082aa24f35e1b516d23) [PhysX] Initialized MultithreadedTaskDispatcher with 16 workers.
 -> (artifact id: '6470b68e84a6506f48eb7c8ae90397fe') in 0.003325 seconds
Number of updated asset objects reloaded before import = 0
Number of asset objects unloaded after import = 1
========================================================================
Received Import Request.
  Time since last request: 0.000125 seconds.
  path: Assets/Samples/AI Navigation/1.1.6/Build And Connect NavMesh Surfaces/Scenes/7_dungeon/NavMesh-Tile6.asset
  artifactKey: Guid(8e345e5dcd92a024e8185275f40903bc) Importer(2089858483,0ecaa5967403d082aa24f35e1b516d23)
Start importing Assets/Samples/AI Navigation/1.1.6/Build And Connect NavMesh Surfaces/Scenes/7_dungeon/NavMesh-Tile6.asset using Guid(8e345e5dcd92a024e8185275f40903bc) Importer(2089858483,0ecaa5967403d082aa24f35e1b516d23) [PhysX] Initialized MultithreadedTaskDispatcher with 16 workers.
 -> (artifact id: '0ca2f7d760e452dbe77a8f6d1ebd2608') in 0.005109 seconds
Number of updated asset objects reloaded before import = 0
Number of asset objects unloaded after import = 1
========================================================================
Received Import Request.
  Time since last request: 0.000008 seconds.
  path: Assets/Samples/AI Navigation/1.1.6/Build And Connect NavMesh Surfaces/Terrains/layer_LightmapWithFog(2048.000,2048.000)(0.000,0.000)(0.000,0.000,0.000),0.000,0.000.terrainlayer
  artifactKey: Guid(9f4e51767bd6244418c3f1234ffeac48) Importer(2089858483,0ecaa5967403d082aa24f35e1b516d23)
Start importing Assets/Samples/AI Navigation/1.1.6/Build And Connect NavMesh Surfaces/Terrains/layer_LightmapWithFog(2048.000,2048.000)(0.000,0.000)(0.000,0.000,0.000),0.000,0.000.terrainlayer using Guid(9f4e51767bd6244418c3f1234ffeac48) Importer(2089858483,0ecaa5967403d082aa24f35e1b516d23) [PhysX] Initialized MultithreadedTaskDispatcher with 16 workers.
 -> (artifact id: '65eae566693587252d7b77b50ebdd878') in 0.004040 seconds
Number of updated asset objects reloaded before import = 0
Number of asset objects unloaded after import = 2
========================================================================
Received Import Request.
  Time since last request: 0.000008 seconds.
  path: Assets/Samples/AI Navigation/1.1.6/Build And Connect NavMesh Surfaces/Scenes/2_drop_plank.unity
  artifactKey: Guid(d5440f69c97a641f19160f152dfb503f) Importer(2089858483,0ecaa5967403d082aa24f35e1b516d23)
Start importing Assets/Samples/AI Navigation/1.1.6/Build And Connect NavMesh Surfaces/Scenes/2_drop_plank.unity using Guid(d5440f69c97a641f19160f152dfb503f) Importer(2089858483,0ecaa5967403d082aa24f35e1b516d23) [PhysX] Initialized MultithreadedTaskDispatcher with 16 workers.
 -> (artifact id: 'c3afddad962d5f37a20369030cc448ea') in 0.002015 seconds
Number of updated asset objects reloaded before import = 0
Number of asset objects unloaded after import = 1
========================================================================
Received Import Request.
  Time since last request: 0.000035 seconds.
  path: Assets/Samples/AI Navigation/1.1.6/Build And Connect NavMesh Surfaces/Prefabs/DungeonTiles/Tile15.prefab
  artifactKey: Guid(ee39dcc75bf7d1f48b96f26bff411bef) Importer(2089858483,0ecaa5967403d082aa24f35e1b516d23)
Start importing Assets/Samples/AI Navigation/1.1.6/Build And Connect NavMesh Surfaces/Prefabs/DungeonTiles/Tile15.prefab using Guid(ee39dcc75bf7d1f48b96f26bff411bef) Importer(2089858483,0ecaa5967403d082aa24f35e1b516d23) [PhysX] Initialized MultithreadedTaskDispatcher with 16 workers.
 -> (artifact id: 'a89e4897b1107df10231543816f0981f') in 0.005029 seconds
Number of updated asset objects reloaded before import = 0
Number of asset objects unloaded after import = 23
========================================================================
Received Import Request.
  Time since last request: 0.000008 seconds.
  path: Assets/Samples/AI Navigation/1.1.6/Build And Connect NavMesh Surfaces/Scripts/FreeCam.cs
  artifactKey: Guid(b6c30eb361e754b75ac25325c5d024bd) Importer(2089858483,0ecaa5967403d082aa24f35e1b516d23)
Start importing Assets/Samples/AI Navigation/1.1.6/Build And Connect NavMesh Surfaces/Scripts/FreeCam.cs using Guid(b6c30eb361e754b75ac25325c5d024bd) Importer(2089858483,0ecaa5967403d082aa24f35e1b516d23) [PhysX] Initialized MultithreadedTaskDispatcher with 16 workers.
 -> (artifact id: 'af388448b3344d4fbc60152924f238cd') in 0.003059 seconds
Number of updated asset objects reloaded before import = 0
Number of asset objects unloaded after import = 1
========================================================================
Received Import Request.
  Time since last request: 0.000007 seconds.
  path: Assets/Resources/AtkAnimations/Warrior Pack Bundle 2 FREE/Mage Warrior Mecanim Animation Pack/Animations/Mage@Idle.FBX
  artifactKey: Guid(be797334aa848784d838447aa3d3a0e4) Importer(2089858483,0ecaa5967403d082aa24f35e1b516d23)
Start importing Assets/Resources/AtkAnimations/Warrior Pack Bundle 2 FREE/Mage Warrior Mecanim Animation Pack/Animations/Mage@Idle.FBX using Guid(be797334aa848784d838447aa3d3a0e4) Importer(2089858483,0ecaa5967403d082aa24f35e1b516d23) [PhysX] Initialized MultithreadedTaskDispatcher with 16 workers.
 -> (artifact id: '606f09b714321ab27e3b9ef520ae4897') in 0.012285 seconds
Number of updated asset objects reloaded before import = 0
Number of asset objects unloaded after import = 112
========================================================================
Received Import Request.
  Time since last request: 0.000008 seconds.
  path: Assets/Samples/AI Navigation/1.1.6/Build And Connect NavMesh Surfaces/Prefabs/DungeonTiles/Tile7.prefab
  artifactKey: Guid(cec3eb0e2dc6e5644ad75ee41750a4d8) Importer(2089858483,0ecaa5967403d082aa24f35e1b516d23)
Start importing Assets/Samples/AI Navigation/1.1.6/Build And Connect NavMesh Surfaces/Prefabs/DungeonTiles/Tile7.prefab using Guid(cec3eb0e2dc6e5644ad75ee41750a4d8) Importer(2089858483,0ecaa5967403d082aa24f35e1b516d23) [PhysX] Initialized MultithreadedTaskDispatcher with 16 workers.
 -> (artifact id: '6dbb8aae7a21b90ab8e78d6621bb7e5d') in 0.004788 seconds
Number of updated asset objects reloaded before import = 0
Number of asset objects unloaded after import = 25
========================================================================
Received Import Request.
  Time since last request: 0.000010 seconds.
  path: Assets/Samples/AI Navigation/1.1.6/Build And Connect NavMesh Surfaces/Scenes/7_dungeon/NavMesh-Tile1.asset
  artifactKey: Guid(80378785cd4db084190958d3dc659a10) Importer(2089858483,0ecaa5967403d082aa24f35e1b516d23)
Start importing Assets/Samples/AI Navigation/1.1.6/Build And Connect NavMesh Surfaces/Scenes/7_dungeon/NavMesh-Tile1.asset using Guid(80378785cd4db084190958d3dc659a10) Importer(2089858483,0ecaa5967403d082aa24f35e1b516d23) [PhysX] Initialized MultithreadedTaskDispatcher with 16 workers.
 -> (artifact id: '765fe131c08050f0125f8591a0e530d8') in 0.003445 seconds
Number of updated asset objects reloaded before import = 0
Number of asset objects unloaded after import = 1
========================================================================
Received Import Request.
  Time since last request: 0.000010 seconds.
  path: Assets/Samples/AI Navigation/1.1.6/Build And Connect NavMesh Surfaces/Scenes/7_dungeon/NavMesh-Tile10.asset
  artifactKey: Guid(b23b6a7d2aaa9ce4582fd2a46f9359f0) Importer(2089858483,0ecaa5967403d082aa24f35e1b516d23)
Start importing Assets/Samples/AI Navigation/1.1.6/Build And Connect NavMesh Surfaces/Scenes/7_dungeon/NavMesh-Tile10.asset using Guid(b23b6a7d2aaa9ce4582fd2a46f9359f0) Importer(2089858483,0ecaa5967403d082aa24f35e1b516d23) [PhysX] Initialized MultithreadedTaskDispatcher with 16 workers.
 -> (artifact id: 'd3e461b092f3af1e1aab20db5a761f45') in 0.003299 seconds
Number of updated asset objects reloaded before import = 0
Number of asset objects unloaded after import = 1
========================================================================
Received Import Request.
  Time since last request: 0.000009 seconds.
  path: Assets/Samples/AI Navigation/1.1.6/Build And Connect NavMesh Surfaces/Prefabs/DungeonTiles/Tile9.prefab
  artifactKey: Guid(7957d6f8f9172704e96d7e9a01ae30df) Importer(2089858483,0ecaa5967403d082aa24f35e1b516d23)
Start importing Assets/Samples/AI Navigation/1.1.6/Build And Connect NavMesh Surfaces/Prefabs/DungeonTiles/Tile9.prefab using Guid(7957d6f8f9172704e96d7e9a01ae30df) Importer(2089858483,0ecaa5967403d082aa24f35e1b516d23) [PhysX] Initialized MultithreadedTaskDispatcher with 16 workers.
 -> (artifact id: 'a73728142d7cc27d912707383f65ac97') in 0.005257 seconds
Number of updated asset objects reloaded before import = 0
Number of asset objects unloaded after import = 27
========================================================================
Received Import Request.
  Time since last request: 0.000008 seconds.
  path: Assets/Samples/AI Navigation/1.1.6/Build And Connect NavMesh Surfaces/Materials/red.mat
  artifactKey: Guid(5195427c0d27644ed90d87ebe86d468a) Importer(2089858483,0ecaa5967403d082aa24f35e1b516d23)
Start importing Assets/Samples/AI Navigation/1.1.6/Build And Connect NavMesh Surfaces/Materials/red.mat using Guid(5195427c0d27644ed90d87ebe86d468a) Importer(2089858483,0ecaa5967403d082aa24f35e1b516d23) [PhysX] Initialized MultithreadedTaskDispatcher with 16 workers.
 -> (artifact id: '665ebfb30f48b2ec7999997d603a08a6') in 0.003557 seconds
Number of updated asset objects reloaded before import = 0
Number of asset objects unloaded after import = 1
========================================================================
Received Import Request.
  Time since last request: 0.000017 seconds.
  path: Assets/Samples/AI Navigation/1.1.6/Build And Connect NavMesh Surfaces/Scripts/DynamicNavMeshObject.cs
  artifactKey: Guid(ac596217843ab3647b721eacaea9c581) Importer(2089858483,0ecaa5967403d082aa24f35e1b516d23)
Start importing Assets/Samples/AI Navigation/1.1.6/Build And Connect NavMesh Surfaces/Scripts/DynamicNavMeshObject.cs using Guid(ac596217843ab3647b721eacaea9c581) Importer(2089858483,0ecaa5967403d082aa24f35e1b516d23) [PhysX] Initialized MultithreadedTaskDispatcher with 16 workers.
 -> (artifact id: '56114269044ae24b370635ed4062bc7f') in 0.002751 seconds
Number of updated asset objects reloaded before import = 0
Number of asset objects unloaded after import = 1
========================================================================
Received Import Request.
  Time since last request: 0.000038 seconds.
  path: Assets/Several Swords With Scabbards/Swords/KnightSword/Model/Materials/Sheath.mat
  artifactKey: Guid(b591a61db2cfda2439e070092f98f5d7) Importer(2089858483,0ecaa5967403d082aa24f35e1b516d23)
Start importing Assets/Several Swords With Scabbards/Swords/KnightSword/Model/Materials/Sheath.mat using Guid(b591a61db2cfda2439e070092f98f5d7) Importer(2089858483,0ecaa5967403d082aa24f35e1b516d23) [PhysX] Initialized MultithreadedTaskDispatcher with 16 workers.
 -> (artifact id: 'fb655bff2c3e77259d7dcb1963ce0037') in 0.003651 seconds
Number of updated asset objects reloaded before import = 0
Number of asset objects unloaded after import = 1
========================================================================
Received Import Request.
  Time since last request: 0.000032 seconds.
  path: Assets/Resources/AtkAnimations/Warrior Pack Bundle 2 FREE/Mage Warrior Mecanim Animation Pack/Animations/Mage@Jump.FBX
  artifactKey: Guid(ccc3fd03b3e3f064ca25dcd069b704a0) Importer(2089858483,0ecaa5967403d082aa24f35e1b516d23)
Start importing Assets/Resources/AtkAnimations/Warrior Pack Bundle 2 FREE/Mage Warrior Mecanim Animation Pack/Animations/Mage@Jump.FBX using Guid(ccc3fd03b3e3f064ca25dcd069b704a0) Importer(2089858483,0ecaa5967403d082aa24f35e1b516d23) [PhysX] Initialized MultithreadedTaskDispatcher with 16 workers.
 -> (artifact id: '16e26c8f2523337c48a77dc8651b998b') in 0.010079 seconds
Number of updated asset objects reloaded before import = 0
Number of asset objects unloaded after import = 113
========================================================================
Received Import Request.
  Time since last request: 0.000007 seconds.
  path: Assets/Samples/AI Navigation/1.1.6/Build And Connect NavMesh Surfaces/Materials/crosshair.mat
  artifactKey: Guid(6f20074b5ffb143d2a869e4cc78d9d5e) Importer(2089858483,0ecaa5967403d082aa24f35e1b516d23)
Start importing Assets/Samples/AI Navigation/1.1.6/Build And Connect NavMesh Surfaces/Materials/crosshair.mat using Guid(6f20074b5ffb143d2a869e4cc78d9d5e) Importer(2089858483,0ecaa5967403d082aa24f35e1b516d23) [PhysX] Initialized MultithreadedTaskDispatcher with 16 workers.
 -> (artifact id: 'f809a922f9357092e441aceaa6afa6ca') in 0.021274 seconds
Number of updated asset objects reloaded before import = 0
Number of asset objects unloaded after import = 2
========================================================================
Received Import Request.
  Time since last request: 0.000010 seconds.
  path: Assets/Samples/AI Navigation/1.1.6/Build And Connect NavMesh Surfaces/Scenes/7_dungeon/NavMesh-Tile13.asset
  artifactKey: Guid(d2a64f951cb69b34098642a9f71840d6) Importer(2089858483,0ecaa5967403d082aa24f35e1b516d23)
Start importing Assets/Samples/AI Navigation/1.1.6/Build And Connect NavMesh Surfaces/Scenes/7_dungeon/NavMesh-Tile13.asset using Guid(d2a64f951cb69b34098642a9f71840d6) Importer(2089858483,0ecaa5967403d082aa24f35e1b516d23) [PhysX] Initialized MultithreadedTaskDispatcher with 16 workers.
 -> (artifact id: '8682f9caab0fc664a1b42424c6aae208') in 0.004293 seconds
Number of updated asset objects reloaded before import = 0
Number of asset objects unloaded after import = 1
========================================================================
Received Prepare
Caller must complete domain reload
Begin MonoManager ReloadAssembly
- Loaded All Assemblies, in  0.825 seconds
Native extension for WindowsStandalone target not found
Native extension for Android target not found
System.Reflection.TargetInvocationException: Exception has been thrown by the target of an invocation. ---> System.NullReferenceException: Object reference not set to an instance of an object
  at Unity.AssetManager.Core.Editor.BaseSdkService+Services.CreateServices () [0x000c1] in .\Library\PackageCache\com.unity.asset-manager-for-unity@1.8.0\Editor\Core\Services\BaseSdkService.cs:177 
  at Unity.AssetManager.Core.Editor.BaseSdkService+Services.InitAuthenticatedServices () [0x00007] in .\Library\PackageCache\com.unity.asset-manager-for-unity@1.8.0\Editor\Core\Services\BaseSdkService.cs:148 
  at Unity.AssetManager.Core.Editor.BaseSdkService.InitAuthenticatedServices () [0x00008] in .\Library\PackageCache\com.unity.asset-manager-for-unity@1.8.0\Editor\Core\Services\BaseSdkService.cs:65 
  at Unity.AssetManager.Core.Editor.PermissionsManager.OnEnable () [0x00017] in .\Library\PackageCache\com.unity.asset-manager-for-unity@1.8.0\Editor\Core\Services\PermissionsManager.cs:178 
  at Unity.AssetManager.Core.Editor.BaseService.set_Enabled (System.Boolean value) [0x0001b] in .\Library\PackageCache\com.unity.asset-manager-for-unity@1.8.0\Editor\Core\Services\ServicesContainer.cs:32 
  at Unity.AssetManager.Core.Editor.ServicesContainer.EnableService (Unity.AssetManager.Core.Editor.IService service, System.Collections.Generic.Queue`1[T] serviceEnablingQueue) [0x0004e] in .\Library\PackageCache\com.unity.asset-manager-for-unity@1.8.0\Editor\Core\Services\ServicesContainer.cs:273 
  at Unity.AssetManager.Core.Editor.ServicesContainer.EnableService (Unity.AssetManager.Core.Editor.IService service, System.Collections.Generic.Queue`1[T] serviceEnablingQueue) [0x0002d] in .\Library\PackageCache\com.unity.asset-manager-for-unity@1.8.0\Editor\Core\Services\ServicesContainer.cs:269 
  at Unity.AssetManager.Core.Editor.ServicesContainer.EnableService (Unity.AssetManager.Core.Editor.IService service, System.Collections.Generic.Queue`1[T] serviceEnablingQueue) [0x0002d] in .\Library\PackageCache\com.unity.asset-manager-for-unity@1.8.0\Editor\Core\Services\ServicesContainer.cs:269 
  at Unity.AssetManager.Core.Editor.ServicesContainer.Resolve[T] () [0x0005b] in .\Library\PackageCache\com.unity.asset-manager-for-unity@1.8.0\Editor\Core\Services\ServicesContainer.cs:254 
  at Unity.AssetManager.UI.Editor.ServicesInitializer.InitializeServices (System.Boolean forceReset) [0x0014a] in .\Library\PackageCache\com.unity.asset-manager-for-unity@1.8.0\Editor\UI\Services\ServicesInitializer.cs:76 
  at Unity.AssetManager.UI.Editor.ServicesInitializer.Init () [0x00000] in .\Library\PackageCache\com.unity.asset-manager-for-unity@1.8.0\Editor\UI\Services\ServicesInitializer.cs:14 
  at (wrapper managed-to-native) System.Reflection.RuntimeMethodInfo.InternalInvoke(System.Reflection.RuntimeMethodInfo,object,object[],System.Exception&)
  at System.Reflection.RuntimeMethodInfo.Invoke (System.Object obj, System.Reflection.BindingFlags invokeAttr, System.Reflection.Binder binder, System.Object[] parameters, System.Globalization.CultureInfo culture) [0x0006a] in <1071a2cb0cb3433aae80a793c277a048>:0 
   --- End of inner exception stack trace ---
  at System.Reflection.RuntimeMethodInfo.Invoke (System.Object obj, System.Reflection.BindingFlags invokeAttr, System.Reflection.Binder binder, System.Object[] parameters, System.Globalization.CultureInfo culture) [0x00083] in <1071a2cb0cb3433aae80a793c277a048>:0 
  at System.Reflection.MethodBase.Invoke (System.Object obj, System.Object[] parameters) [0x00000] in <1071a2cb0cb3433aae80a793c277a048>:0 
  at UnityEditor.EditorAssemblies.ProcessInitializeOnLoadMethodAttributes () [0x000a5] in <4b8f645257c94d1296f440a10c6f388e>:0 
UnityEngine.StackTraceUtility:ExtractStackTrace ()
UnityEngine.DebugLogHandler:LogFormat (UnityEngine.LogType,UnityEngine.Object,string,object[])
UnityEngine.Logger:Log (UnityEngine.LogType,object)
UnityEngine.Debug:LogError (object)
UnityEditor.EditorAssemblies:ProcessInitializeOnLoadMethodAttributes ()

Mono: successfully reloaded assembly
- Finished resetting the current domain, in  0.684 seconds
Domain Reload Profiling: 1507ms
	BeginReloadAssembly (432ms)
		ExecutionOrderSort (0ms)
		DisableScriptedObjects (303ms)
		BackupInstance (0ms)
		ReleaseScriptingObjects (0ms)
		CreateAndSetChildDomain (39ms)
	RebuildCommonClasses (31ms)
	RebuildNativeTypeToScriptingClass (11ms)
	initialDomainReloadingComplete (25ms)
	LoadAllAssembliesAndSetupDomain (324ms)
		LoadAssemblies (247ms)
		RebuildTransferFunctionScriptingTraits (0ms)
		AnalyzeDomain (139ms)
			TypeCache.Refresh (107ms)
				TypeCache.ScanAssembly (95ms)
			ScanForSourceGeneratedMonoScriptInfo (25ms)
			ResolveRequiredComponents (5ms)
	FinalizeReload (684ms)
		ReleaseScriptCaches (0ms)
		RebuildScriptCaches (0ms)
		SetupLoadedEditorAssemblies (568ms)
			LogAssemblyErrors (0ms)
			InitializePlatformSupportModulesInManaged (13ms)
			SetLoadedEditorAssemblies (4ms)
			RefreshPlugins (0ms)
			BeforeProcessingInitializeOnLoad (75ms)
			ProcessInitializeOnLoadAttributes (417ms)
			ProcessInitializeOnLoadMethodAttributes (54ms)
			AfterProcessingInitializeOnLoad (6ms)
			EditorAssembliesLoaded (0ms)
		ExecutionOrderSort2 (0ms)
		AwakeInstancesAfterBackupRestoration (10ms)
Refreshing native plugins compatible for Editor in 3.94 ms, found 4 plugins.
Preloading 0 native plugins for Editor in 0.00 ms.
Unloading 6258 Unused Serialized files (Serialized files now loaded: 0)
Unloading 37 unused Assets / (2.0 MB). Loaded Objects now: 6827.
Memory consumption went from 214.8 MB to 212.8 MB.
Total: 4.111200 ms (FindLiveObjects: 0.360700 ms CreateObjectMapping: 0.177100 ms MarkObjects: 3.249700 ms  DeleteObjects: 0.323100 ms)

Prepare: number of updated asset objects reloaded= 0
AssetImportParameters requested are different than current active one (requested -> active):
  custom:scripting/monoscript/fileName/IGraphContext.cs: 5f9c454733a9524e6131145211509759 -> 5a8152b665b4889d6b1bad47fd13e0db
  custom:scripting/monoscript/fileName/DependencyVersionSelectionToggleEvent.cs: 3f9a1e0e8b7393df8ff12676d81931dc -> 
  custom:scripting/monoscript/fileName/SingleSelectionMetadata.cs: 705970b5aea2f8af50d027233e326c67 -> 
  custom:scripting/monoscript/fileName/UnityThread.cs: c5eec94b6eb7234ef94c6b0c4cbf0442 -> 0d8dbc0a53383cbe95d50165d44faf20
  custom:scripting/monoscript/fileName/BoltCoreConfiguration.cs: 636a8f0dd2df8b4a45bb6569e50f7fcd -> d7a6df1fbba5a22590d801d833ccd956
  custom:scripting/monoscript/fileName/DragFromOutsideManipulator.cs: 8e01c00f94aa14571a648b5421021a66 -> 
  custom:scripting/precompiled-assembly-types:Unity.Cloud.Assets.Runtime.Embedded: bae848875a35fe96f09fcc9f4e534600 -> 
  custom:scripting/monoscript/fileName/ControlConnectionWidget.cs: e88eaf20e85ef3ad74d734c79134e0ca -> 8ff4917e773b5687d93cde07af2a8cda
  custom:scripting/monoscript/fileName/ValueOutput.cs: 4b8d5ae3339c30e3121bf348d120b8f6 -> 0f24f01e6593f76cced72a9d2b00a35a
  custom:scripting/monoscript/fileName/NavMeshSurface.cs: 6ef652ad69ea88173bf35c557b9dddbd -> 34aebd278d8d3d5db6b23265b9c700f9
  custom:scripting/monoscript/fileName/AssetDependenciesComponent.cs: 665a75696dc3ae47e93a4b109d5a00d0 -> 
  custom:scripting/monoscript/fileName/EnsureThat.Guids.cs: bd7acbee6d9d5a238167e20a62147c52 -> d013aa59ca1af7ae620960a166e69902
  custom:scripting/monoscript/fileName/VariableUnitOption.cs: 5b0519fdde80f7b8509bf2dd20ecdd97 -> 8337735361865d772d8dfa71878181af
  custom:scripting/monoscript/fileName/ProjectSettingAttribute.cs: 2555a28ffb84a84e7af424834a80c4e9 -> 333b49c36c02166514aff75e46f3e97a
  custom:scripting/monoscript/fileName/UnitOutputPortWidget.cs: 8f6297df34271fdb1ce2d9607ec6261d -> 90647cc400823b41df847a6cbfc29026
  custom:scripting/monoscript/fileName/DependencyTreeExceptions.cs: 8d717c8797566529cf594f9aab3c0409 -> 
  custom:scripting/monoscript/fileName/Vector3PerSecond.cs: 7d5c15146c6d70be0fb061c8da422802 -> f42c8f61c06e912e38d829089cec7d29
  custom:scripting/monoscript/fileName/GetGraph.cs: 8f6297df34271fdb1ce2d9607ec6261d -> 90647cc400823b41df847a6cbfc29026
  custom:scripting/monoscript/fileName/IDiagnosticsComponentProvider.cs: dbeac349f8c5591a0ab13c5e6354061e -> 
  custom:scripting/monoscript/fileName/UploadAssetData.cs: 0513484751cd3ddb99fedd0c1326ee63 -> 
  custom:scripting/monoscript/fileName/InstanceActionInvoker_3.cs: 8f6297df34271fdb1ce2d9607ec6261d -> 90647cc400823b41df847a6cbfc29026
  custom:scripting/monoscript/fileName/StaticFunctionInvoker_0.cs: 8f6297df34271fdb1ce2d9607ec6261d -> 90647cc400823b41df847a6cbfc29026
  custom:scripting/monoscript/fileName/INetworkHandler.cs: ff71e4526a605d13f8a248b2fb248467 -> 
  custom:scripting/monoscript/fileName/InstanceInvokerBase.cs: 8f6297df34271fdb1ce2d9607ec6261d -> 90647cc400823b41df847a6cbfc29026
  custom:scripting/monoscript/fileName/AssetPreviewer.cs: 7e5fe323593c02990c0f336ccb97808e -> 
  custom:scripting/monoscript/fileName/Factories.Gen.cs: c9550e2a227c017a16a3e473be870754 -> 
  custom:scripting/monoscript/fileName/HttpRequestUriModifierSchema.cs: d9d0919aec0db8793933f98af1da604f -> 
  custom:scripting/monoscript/fileName/Migration_1_6_to_1_7.cs: d254e08e22b9b83ad00773a80b9a5499 -> b16512b8d3860dc20f0853440af04305
  custom:scripting/monoscript/fileName/InvalidOutput.cs: 850b0eb68593614e892ed8e6ded58be3 -> 73b09552b8c2a99c3ed79ee9531d6fbd
  custom:scripting/monoscript/fileName/CloudProjectId.cs: 61b53512fd04ee0daa00dda45457438b -> 
  custom:scripting/monoscript/fileName/ScriptablePathInspector.cs: b41da99a603cbd79d9dffc1bbfe60a5f -> 556697531c68acaa2a60cd0753d1e34c
  custom:scripting/monoscript/fileName/OpenIdPkceConfigurationProvider.cs: 4bc1b4791b7ccd3c0b3ef7ccde7fc836 -> 
  custom:scripting/monoscript/fileName/UnityMainThreadSchedulerGrabber.cs: e5c85cd98696bf4868fe0480e5f1a31d -> 
  custom:scripting/monoscript/fileName/InstanceId.cs: 7425a4469b20872939706b3f88d5c0c7 -> 
  custom:scripting/monoscript/fileName/Spline.cs: 60b8fff5e070d2c489353daa98ee4e1a -> cf34f89a436547234786d6654e8abbc5
  custom:scripting/monoscript/fileName/WebRequestException.cs: 8f71d19fe8e6461e910f7c70d945e342 -> 
  custom:scripting/monoscript/fileName/AuthenticationFailedException.cs: c284b8b7ec15e9cfb8d4a0bbbe681ade -> 
  custom:scripting/monoscript/fileName/IServiceRegistry.cs: 27b0be3a7d5fbabc2f8cff0f28316b4a -> 
  custom:scripting/monoscript/fileName/SidebarProjectContent.cs: cbb510399d8d3e728c1751970262a2cd -> 
  custom:scripting/monoscript/fileName/PointerEventUnit.cs: 479db717c1476962a2f21322dd02e5f6 -> 6140314ea490cafa20471cc2afa27ca8
  custom:scripting/monoscript/fileName/ListIdProviderResponse.cs: 24d3cd8484902e66655a7c7adada04dc -> 
  custom:scripting/monoscript/fileName/Changelog_1_3_1.cs: c134475daaef1c4374afa350283f5be1 -> d4db7ba0cf60efe2bfc8ab1324cedd65
  custom:scripting/monoscript/fileName/IWebAppUrlComposer.cs: 0eaac44081f171d7030db29dc1707abe -> 
  custom:scripting/monoscript/fileName/Draggable.cs: c5105fceb037c335f619b8870579de5d -> e579ef42b25f9bce88b19cd535678422
  custom:scripting/monoscript/fileName/OnTransformParentChanged.cs: 1c2085dfb1e268d967cce6f4aab70cfa -> b523cc280a406818470f67ad2478299e
  custom:scripting/monoscript/fileName/UpdateIdProviderRequest.cs: 90dca144cff885691d127e212281d94c -> 
  custom:scripting/monoscript/fileName/GetVariableUnit.cs: 732b4d68d82bca7060c656beb907e160 -> 8fe55ecc05a252f9d9ca47d3c95240d7
  custom:scripting/monoscript/fileName/MemberUnitDescriptor.cs: 8f6297df34271fdb1ce2d9607ec6261d -> 90647cc400823b41df847a6cbfc29026
  custom:scripting/monoscript/fileName/SerializableProjectConfiguration.cs: 8d2aa3b56842beb1ee3e05f5a4e2f3c4 -> 
  custom:scripting/monoscript/fileName/TypeInspector.cs: cb433c568edfca8089c76d1a38752f07 -> 25446a3aaca9e8c65a7964d422b1a8d1
  custom:scripting/monoscript/fileName/FabrikSolver2D.cs: 1b459dee663046769574800e71800355 -> 779710f21157ef6362fe288f4750cd32
  custom:scripting/monoscript/fileName/InvalidInputWidget.cs: c9c8f3df7744e953111552c5e77e3463 -> ed42341aa19cd0cf38786de526117ee9
  custom:scripting/monoscript/fileName/LoopUnit.cs: 14668ecf6a14447dedd69c0866a2f7ea -> 0bf312ab49b0bec4de8052a8034386ab
  custom:scripting/monoscript/fileName/SpriteLibraryPropertyString.cs: 45fdb34f82104b793a7b323c4ed9af4c -> 05f2451acf836ba8a0ad549d8403c83b
  custom:scripting/monoscript/fileName/Vector2PerSecond.cs: 7a545e454515044fd8b007158453261e -> 992ec43f2454e29bc453e339da238abc
  custom:scripting/monoscript/fileName/ValueConnection.cs: d111949b3306665e65cf5ed1f82fedf9 -> f52a6bf654e976de2a56cd83e1483d79
  custom:scripting/monoscript/fileName/fsIEnumerableConverter.cs: a74cf5ba38c527adf704bab266f3abcf -> 5dfdd126850a82f88b7344bbcb15e5a6
  custom:scripting/monoscript/fileName/AuthenticationServiceInternal.cs: f2320ad47adf55f9875741b342dc3b01 -> 
  custom:scripting/monoscript/fileName/DeprecatedVector4Add.cs: 069123f628363c64dda1c6c5ecf1b63a -> 5332dddd8aaa15c4d32314cacd4364e5
  custom:scripting/monoscript/fileName/AotStubWriterProvider.cs: 67f46945188996a0d026806af5adf6bc -> 9f7c047f311471e098beeb0fbf2a0b01
  custom:scripting/monoscript/fileName/ICloudStorageEntitlements.cs: 9bac7503fc95a287d7b0d3f1774c5b3c -> 
  custom:scripting/monoscript/fileName/ShapeExtensions.cs: 5fc56bdd8b9d8765c4518ecd0d57520b -> e09ad25f8df377cc5d4a1b1baf027ccb
  custom:scripting/monoscript/fileName/ItemFoldout.cs: 90647cc400823b41df847a6cbfc29026 -> 
  custom:scripting/monoscript/fileName/IAccessTokenExchanger.cs: 4579780b8b6f3ce83ac7afff109d5920 -> 
  custom:scripting/monoscript/fileName/ServiceHttpClientExtensions.cs: 7e6fbb3eba8e3e2586ccdd6081081fdb -> 
  custom:scripting/monoscript/fileName/QueueStream.cs: 9acb2b9fb1b5e49b34fc50d15c5687a6 -> 
  custom:scripting/monoscript/fileName/fsExceptions.cs: 163b8d791b2258117529a577fd5084f7 -> 0d1267d7ad75a027263f2924d828532a
  custom:scripting/monoscript/fileName/FlowStateWidget.cs: 0a3bdb230bde879a8ce27aefc9cbcb21 -> abbd4d965f49d571e79606f131a3ef32
  custom:scripting/monoscript/fileName/IServiceComponent.cs: 56d2b4986149318278267c2a2e499b7e -> 
  custom:scripting/monoscript/fileName/SerializationVersionAttribute.cs: 5e5942bd7041676c93f74fbe3f67c143 -> eeafdb1ef0bac3459df7c0b1e94dd057
  custom:scripting/monoscript/fileName/DragStartManipulator.cs: 462cb759adc4efda639008a91036e497 -> 
  custom:scripting/monoscript/fileName/CreateStructOption.cs: 2ec4f56cbb009ce03c8fc8d91765bcf5 -> c90f0248ea7771f17d6585dca23da613
  custom:scripting/monoscript/fileName/IDragAndDropHandler.cs: aac2cdbd1f283d0d4a95c328aaa9d899 -> 228d1446581284afb9dfcbf62fe5fb6c
  custom:scripting/monoscript/fileName/ReaderStream.cs: ade89acbc1515d293474fcca35d86cb4 -> 
  custom:scripting/monoscript/fileName/AuthenticationErrorResponse.cs: 76f05213252f5363e53adf0a1ec22027 -> 
  custom:scripting/monoscript/fileName/Rect_DirectConverter.cs: ed05c822c8fa51675742fb2300784e29 -> ca0a100449a160fcd2069a33fa0a18aa
  custom:scripting/monoscript/fileName/WaitUnit.cs: cfb810e3c7b85d6385cb33802571983a -> d57ee6c327b58ae7460b2b3d44226cd9
  custom:scripting/monoscript/fileName/SidebarContent.cs: e88a9f9231f89a4de74453cc4217242e -> 
  custom:container-demuxer-ogg: 62fdf1f143b41e24485cea50d1cbac27 -> 
  custom:scripting/monoscript/fileName/UnityOnPointerUpMessageListener.cs: 69589d0f4f5dc4324d0923bfdc107f96 -> ed7374c3676dbb668358140ff2df5847
  custom:scripting/monoscript/fileName/CommonErrorCodes.cs: 75f302fd69f29841b35f2306c97082ed -> 
  custom:scripting/monoscript/fileName/SliderAction.cs: 9662a192768a285943d52266792c940b -> 9ad3895488ca37bf87aa1a6d7cc40ac8
  custom:scripting/monoscript/fileName/PathEditorTool.cs: 333a788fcc9b6183ddba75c462ee8a77 -> 35a415925f60f52efe8c7f50c4d9a3e7
  custom:scripting/monoscript/fileName/AuthenticationIdentifier.cs: 6374db9872b89ce7919b9e96916b7540 -> 
  custom:scripting/monoscript/fileName/FlowStateTransition.cs: 0c17978d83f28487bc01724fa48afb79 -> 11ee86677e40168aefa63ff6a496f694
  custom:scripting/monoscript/fileName/SelectOnIntegerDescriptor.cs: 47a292a7b184eee26d242eca53b0ff82 -> aac9d2495baddab12f23e8f9c33db469
  custom:scripting/monoscript/fileName/IChannelTokenProvider.cs: d41d74d962184eab5928b0b3bdda1ee9 -> 
  custom:scripting/monoscript/fileName/AccessToken.cs: e7ce0a8acab470a7b99191c4ddcad1b8 -> 
  custom:scripting/monoscript/fileName/AssetImportResolver.cs: c3707b21fdb8f1d05a925b8346751155 -> 
  custom:scripting/monoscript/fileName/NCalcLexer.cs: 1f41fcfdbf14619422fca1c958e6d443 -> bd48198fc152452b57a6cb30a92d55a2
  custom:scripting/monoscript/fileName/SidebarPanelWindow.cs: 8f6297df34271fdb1ce2d9607ec6261d -> 90647cc400823b41df847a6cbfc29026
  custom:scripting/monoscript/fileName/EditorDebugUtility.cs: f4b1d4e6a2b23e70fbc63f87b87aad0b -> dc5ff75828f5411ca359f79506b78b7b
  custom:scripting/monoscript/fileName/PlayerNamesApi.cs: ed0cc90b3fc5171261d879532c722c4c -> 
  custom:scripting/monoscript/fileName/EditorGameServiceRegistry.cs: 0265fd85a62bd33c32f256257ebc576f -> 
  custom:scripting/monoscript/fileName/AmbiguousOperatorException.cs: 64d482cb206432cf394e7fde0241ab0e -> 6153e99201669c98d415e51e57c4c6e9
  custom:scripting/monoscript/fileName/LabelDescriptor.cs: 4b8f0e62ec16a3f74534b3101a9b915c -> 
  custom:scripting/monoscript/fileName/NesterStateTransition.cs: 8f6297df34271fdb1ce2d9607ec6261d -> 90647cc400823b41df847a6cbfc29026
  custom:scripting/monoscript/fileName/GetScriptGraphs.cs: 5bb14b80847d17df9a7759edc14a5980 -> bf5ab8ef34fe2ef96f70201cd9be59e3
  custom:scripting/monoscript/fileName/AssetDataStatus.cs: b456c83f8b6192529c8f74aa00c65918 -> 
  custom:scripting/monoscript/fileName/ProgressBar.Gen.cs: 09dcf9975c3de3bc94763c35db49d364 -> 
  custom:scripting/monoscript/fileName/UnitPortDefinitionCollection.cs: 8f6297df34271fdb1ce2d9607ec6261d -> 90647cc400823b41df847a6cbfc29026
  custom:scripting/monoscript/fileName/PlanarGraph.cs: cc2fe809865591a71639675129a84f0c -> c59f7dd015f8ceef78bc166eb0a5db46
  custom:scripting/monoscript/fileName/UnitBaseStateExtensions.cs: 1310342dbf037e121c8a909f6a2d68b1 -> 1f59629f3f892feb0ba234b85137d4ae
  custom:scripting/monoscript/fileName/PlayerAccountEditorService.cs: 222e8258b7a745a4502c530fdb5a53b9 -> 
  custom:scripting/monoscript/fileName/IsApplicationVariableDefined.cs: 869bbe22f4f25cc9eb5db19b1bdd871a -> 936775eebcfd7105e7185de4d876d19d
  custom:scripting/monoscript/fileName/InvokeMemberOption.cs: 8c84c54ecd006c4a2d08cb4b1760f200 -> 24f203ef790411a79d1faa11766f3204
  custom:scripting/monoscript/fileName/SpriteSkinUtility.cs: 61f0e2f4d3daa5bbe4923233754a2b6f -> 64adcba57ab413acc3f6a9fda257ce49
  custom:scripting/monoscript/fileName/GraphItemDescriptor.cs: 8f6297df34271fdb1ce2d9607ec6261d -> 90647cc400823b41df847a6cbfc29026
  custom:scripting/monoscript/fileName/UnitCategoryOption.cs: 10fdb2bb3b4a3ffdf12e4f8931d26395 -> c2eae040d620edd1651af316bfa81e65
  custom:scripting/monoscript/fileName/ShortInspector.cs: de3501122ded79ce150c097eb1092968 -> 06aa7e905d4d6826c458fcf9d579864f
  custom:scripting/monoscript/fileName/SetMemberOption.cs: 98c5c82ff6448744c20d062fd79c2aec -> afedb008493b0bf66be2ddc813855671
  custom:scripting/monoscript/fileName/NavMeshModifierVolumeEditor.cs: 5dc38ce975f8531f0c32b6103abe4b3a -> 262a50135a116189426aa01c964a744c
  custom:scripting/monoscript/fileName/AssetDataWithIdentifiers.cs: 0a9c3d9d8205caa7c25eba4d75e38e38 -> 
  custom:scripting/monoscript/fileName/OnMouseInput.cs: 0faf12c4e373e3213a0786088880648b -> da2b0fd767ba453fc8f811c13d2d15f3
  custom:scripting/monoscript/fileName/NetworkConfiguration.cs: e2bae49c2fc410abb400f06d057a575f -> 
  custom:scripting/monoscript/fileName/Acknowledgement_FatcowIcons.cs: 011cc4e42f225e34031bae94e6485500 -> c7ed57913e7e0f7a73f8663ee43675be
  custom:scripting/monoscript/fileName/BoltGUI.cs: 58729c47ef723f1d5c42f919be51873c -> 0654c9f63f0a6346e6bed8d3952dc303
  custom:scripting/monoscript/fileName/UnityEvent_Converter.cs: 0238a9b305d0092139070a41f84b31e8 -> 1eb7d1b1dbd9071062c56f4fee8a8b92
  custom:scripting/monoscript/fileName/GetMember.cs: bde85689884ec92eb89d367850af8cea -> 8284b1d8c027030deed96bbc5a95f460
  custom:scripting/monoscript/fileName/ResponseHandler.cs: d3309722a6b35e47fbfcd01d3512a138 -> 
  custom:scripting/monoscript/fileName/GraphElementEditor.cs: a53f96815da50de15010b1c479bc70cf -> 0cdf409b5aa8d4c25876d72b5c6a3b60
  custom:scripting/monoscript/fileName/ITimeAwaiter.cs: b6a3ec6c32962d944b52bfb66c2d7232 -> 
  custom:scripting/monoscript/fileName/LockedServiceRegistry.cs: ea77a1a45ffb4a9bcd250cb8233d16f9 -> 
  custom:scripting/monoscript/fileName/AddListItem.cs: a4dfa52e26f018ca2d36fe0f8e5d9ac9 -> 5b21b14b6c1874740b91863ca585e8ed
  custom:scripting/monoscript/fileName/NonNullableDictionary.cs: 8f6297df34271fdb1ce2d9607ec6261d -> 90647cc400823b41df847a6cbfc29026
  custom:scripting/monoscript/fileName/IFieldDefinitionData.cs: c2881ca75707ec3e3f913aa00ddf54c7 -> 
  custom:scripting/monoscript/fileName/UnselectTool.cs: 8f6297df34271fdb1ce2d9607ec6261d -> 90647cc400823b41df847a6cbfc29026
  custom:scripting/monoscript/fileName/OnCollisionEnter2D.cs: f7dc4abd6b9b71b5e57c3dead6bab8c1 -> b439eba98d392e4f050add9523967d61
  custom:scripting/monoscript/fileName/OnButtonClick.cs: 74447584df604e68a8df64ccbded504d -> 81432ce82acae280737dcb6749cd4794
  custom:scripting/monoscript/fileName/NavigationOverlay.cs: c5a44226873678a0cb60da52538c2f49 -> 2744f4e7946ebbb71339c9b1ce538d00
  custom:scripting/monoscript/fileName/ProfileEventArgs.cs: 1bd9f2f8f4e6a6917d01c1dcd6c8b351 -> 
  custom:scripting/monoscript/fileName/NestrerUnitWidget.cs: 8f6297df34271fdb1ce2d9607ec6261d -> 90647cc400823b41df847a6cbfc29026
  custom:scripting/monoscript/fileName/GeneratedTag.cs: a021f0f08e59bffc462bae4b8b88836d -> 
  custom:scripting/monoscript/fileName/PageSelectedEvent.cs: e5d050523d5d19b42f63b9f585c7bb94 -> 
  custom:scripting/monoscript/fileName/FakeSerializationCloner.cs: 53598b2af6a2d318cabd36e0ac1408fc -> 0b295768647f3119723ec6541a11b7b0
  custom:scripting/monoscript/fileName/GenericMultiply.cs: 7217d05f1f7128a97389bb1136e08958 -> 1a0adf8935917194192f02155159a4bd
  custom:scripting/monoscript/fileName/LooseAssemblyNameOption.cs: d32b81b48443af9204cf352cef6452fa -> f3d9811b745f79019d0640e4021eab24
  custom:scripting/monoscript/fileName/AssetIdConverter.cs: d23eba8ab21c147f45300e475b356661 -> 
  custom:scripting/monoscript/fileName/ServiceDomainResolver.cs: 218906439e1daee7c73ea23ae0e24a17 -> 
  custom:scripting/monoscript/fileName/SpriteMeshController.cs: 34780568e8da990f767b068aff9631b1 -> 48b4700a77a9da939d39a54e0e7b6ee4
  custom:scripting/monoscript/fileName/UnityLoggerProvider.cs: d4c11dd7e4d580636b4c1c05b7bbf2e5 -> 
  custom:scripting/monoscript/fileName/fsMetaType.cs: 486d5c663ede4aa0ec368c959e3f980b -> 0aa7042b943bd87035f7311301a5073d
  custom:scripting/monoscript/fileName/FlowMacroDescriptor.cs: 382ed3fd29930ca6d225ad51325e0786 -> d36838513117355f7c0121bc8997d228
  custom:scripting/monoscript/fileName/ServiceObserver.cs: 90647cc400823b41df847a6cbfc29026 -> 
  custom:scripting/monoscript/fileName/IVariableUnit.cs: 1a2c43425748631f3f11013ccfe1d68c -> e98397acf692981a8f3c10a7194c4e01
  custom:scripting/monoscript/fileName/CoreLogger.cs: 1639b74467b5a585128e7c7cefe73635 -> 
  custom:scripting/monoscript/fileName/ExternalUserIdProperty.cs: e9524414c13dc2d0db279d48f3b164ab -> 
  custom:scripting/monoscript/fileName/GraphDebugDataProvider.cs: 07daba1f8cc07194ab9edbc35a5193f8 -> 6786a87890b73e41d0053b4e0016355a
  custom:scripting/monoscript/fileName/fsSerializer.cs: 9f77f6970d83f9ad34532c881934e2e8 -> af0a3ad1ec41e0b3743c9a0716ad5e16
  custom:scripting/monoscript/fileName/ReorderableListEvents.cs: 4a8a7d508f73fad4850d5dd2417ff94d -> f4a193ae4593d158dd2c16c95bf4b6c8
  custom:scripting/monoscript/fileName/DisabledMetrics.cs: bbb9bc05cfe10f1818b0676306a0b1b1 -> 
  custom:scripting/monoscript/fileName/UssStyle.cs: 38e3952b5c0f55221c611c3c084f4641 -> 
  custom:scripting/monoscript/fileName/LinkWithAppleGameCenterRequest.cs: e0f7a0b7c8e104323b604274601d0766 -> 
  custom:scripting/monoscript/fileName/DisableUndoScope.cs: c8638deb689af33d039a96bc7c03770e -> bbb46fe524b580c95e10ab529bab4113
  custom:scripting/monoscript/fileName/ScriptMachine.cs: 6b5f35dd48246019e08dc7189b257ecd -> c8a8735642f47e184eb5e227e994c41a
  custom:scripting/monoscript/fileName/ProjectWindowIconOverlay.cs: 06f83914f9f90b53b5a0d074344a5ae9 -> 
  custom:scripting/monoscript/fileName/fsPortableReflection.cs: 9052e4925ecca33eec458a3d7a3b80d0 -> f7ce74c98c8641ca80d2d091dcb7cfb1
  custom:scripting/monoscript/fileName/AuthenticationExceptionHandler.cs: 1e494c22c604eb7b12380bc88616e91a -> 
  custom:scripting/monoscript/fileName/DoNotSerializeAttribute.cs: 61f361f67433c579aebdfc8e5c87844a -> ad5be004f3c3dc1474bca7c4f704a954
  custom:scripting/monoscript/fileName/PluginAcknowledgement.cs: 6c5c5f358a96d191d547d6e4148262da -> 84aed84cbea13a4b4f115dd6838331f1
  custom:scripting/monoscript/fileName/SerializedPropertyProviderAttribute.cs: 5141de7e4e6aad7e3b9116b27cae1399 -> 5132b760a52eb484fe6de2c1160cb54d
  custom:scripting/monoscript/fileName/StatusEntityMapper.cs: d6109c9a138e1bc926d7fbe7ccd6d531 -> 
  custom:scripting/monoscript/fileName/Vector4PerSecond.cs: e42a2088c570e66b0fb31941c8f1b10c -> f1be20501ee1dd12ecdb65d862ebb4de
  custom:scripting/monoscript/fileName/MeshCache.cs: 6c8dcfc3891db420535db23c44f8c005 -> e695199497e2e0e74f0fc6aaab307049
  custom:scripting/monoscript/fileName/SpriteSelector.cs: cf314e274f51c8b0ff95b9928f9efc7d -> 348695922ff1f27e689187721d2220ae
  custom:scripting/monoscript/fileName/SpriteCache.cs: 478f1cd399262a4c19fde03b5c668fdf -> 4911786b4f49fa11ef6cbe960e151a8c
  custom:scripting/monoscript/fileName/VisibilityPropertyDrawer.cs: 70b7b4d25eb9ea5fda3178a1b5e85242 -> 
  custom:scripting/monoscript/fileName/WebRequestItem.cs: afc91a784b821318184e5807a3bd3b7a -> 
  custom:scripting/monoscript/fileName/Cloner.cs: 8f6297df34271fdb1ce2d9607ec6261d -> 90647cc400823b41df847a6cbfc29026
  custom:scripting/monoscript/fileName/DatasetProperties.cs: 212b1f4299a75bb325a6341e65859f4e -> 
  custom:scripting/monoscript/fileName/DisabledMetricsFactory.cs: 7be501bd0f16d76131ffa436d7274447 -> 
  custom:scripting/monoscript/fileName/EnsureThat.Objects.cs: bd7acbee6d9d5a238167e20a62147c52 -> d013aa59ca1af7ae620960a166e69902
  custom:scripting/monoscript/fileName/UrlProvider.cs: 0618ae9aae9e81df34076386acf03389 -> 
  custom:scripting/monoscript/fileName/DownloadManager.cs: 055cf37a542564a82bcfee3adcd091ef -> 
  custom:scripting/monoscript/fileName/FileUpdate.cs: b371905a63707ae8a341416c464be414 -> 
  custom:scripting/monoscript/fileName/ConverterItemDescriptor.cs: 79cc71fb6b5eaa5117f2c548fb9d5e93 -> 8182050d34c5cb602eb7913435a7abee
  custom:scripting/monoscript/fileName/BoneTreeViewController.cs: 83e3493176a99fb8384a0a65aa7cef85 -> 5085947e8a29ee27e0ae9737d12dd783
  custom:scripting/monoscript/fileName/GetStateGraph.cs: f3166c6678a8d2d84c0596953d0cf9b8 -> 3b95d50ea37ac09c3b494a9d6a28d445
  custom:scripting/monoscript/fileName/SettingsCommonHeaderUiHelper.cs: 394582b395d6aebbb1e6e49abf6a1645 -> 
  custom:scripting/monoscript/fileName/IEditorAnalyticsEventRegistrant.cs: c4a0f7089b5b21ceafb7834c915d762f -> 
  custom:scripting/monoscript/fileName/Sort.cs: 704a15c7cb5422d7332388f2a3a38017 -> 
  custom:scripting/monoscript/fileName/UnitShortTitleAttribute.cs: 1e9ae913e2244eba0c0719b0a418ddbb -> 4a8654eb2d558846e3f492a9ebd38aad
  custom:scripting/monoscript/fileName/UshortInspector.cs: 5962718a52b7fe2db133b7cf4d5ba85b -> f5dd8ae771a1c1d11600d9115b824793
  custom:scripting/monoscript/fileName/NullMeansSelfAttribute.cs: f39ca9ca19b2a060d2aef529227db2fd -> 6de034b64adcfcdd3bd2fe4407e7be89
  custom:scripting/monoscript/fileName/GraphPointer.cs: 3b6a6ea162fce2aef2c7ce321b4ce1fe -> e97fd62cb85e815aeb472abaaa6aa5ff
  custom:scripting/monoscript/fileName/UnitAnalysis.cs: 381f126df45681ab499d543a579d1c0f -> e1fd602766c19a17d56fa8f1b5e1be2f
  custom:scripting/monoscript/fileName/AuthenticationServiceInternal.CodeLink.cs: f2320ad47adf55f9875741b342dc3b01 -> 
  custom:scripting/monoscript/fileName/IJsonSerializer.cs: 952e0b7cbb25051b8e0e85eda2a653c8 -> 
  custom:scripting/precompiled-assembly-types:Unity.Services.Core.Internal: 93402fd956a5a80084a611b7eddff22f -> 
  custom:scripting/monoscript/fileName/ISerializationDepender.cs: e36fb119e1b163996e3754bd0d220839 -> 880dc64e4fa822e9ef39d5ff2829cd95
  custom:scripting/monoscript/fileName/BoltCoreResources.cs: 3e6377dd6cfd5ae09715ef2f3d10feb4 -> cfeaa713367534457d35af6372f9c52a
  custom:scripting/monoscript/fileName/IGraphNester.cs: 2d2163570a00e640ddd2c0dcd5b1ea55 -> 92a8fa7b164b7be53e2995558955ddac
  custom:scripting/monoscript/fileName/HttpClientResponse.cs: 9313baa475ddca44cec07c4995e4adab -> 
  custom:scripting/monoscript/fileName/UnitOptionFilter.cs: 1e0586487f42cbb73f9803ed4c326685 -> 030aaaaa4edf986ca6a23c7aa5b7ff73
  custom:scripting/monoscript/fileName/XmlLinkedEvent.cs: efe4e7e159b94963c650fb293df0f9ff -> 
  custom:scripting/monoscript/fileName/OptimizeAndConvertProTransformation.cs: ac46522f6efffd6659f7c1424d4c6138 -> 
  custom:scripting/monoscript/fileName/CreatePointAction.cs: bffa72fa59fe0d175733398e1ec20cf8 -> 9bbe094a9015f08c90fa49bd0adf1e8e
  custom:scripting/monoscript/fileName/InspectViaImplementationsAttribute.cs: 46ea41b552e1aa44280da0b03fd474be -> 959c957070505990e5a7411254494168
  custom:scripting/monoscript/fileName/GraphInspectorPanel.cs: 0c4bc9b84da53abb108bf0592d8bd7f1 -> 6cdd7d01324f1898414357a736e7d967
  custom:scripting/monoscript/fileName/Migration_1_1_3_to_1_2_0.cs: d6dac2c574048b884f3872decd91391a -> 2ab6a53c7c7c30867489eaced0f0aa9e
  custom:scripting/monoscript/fileName/DotProduct.cs: 8f6297df34271fdb1ce2d9607ec6261d -> 90647cc400823b41df847a6cbfc29026
  custom:scripting/monoscript/fileName/fsData.cs: e39037fe5e592066527653a80416e86e -> be03e632f4747f1fd13c6f42d603ca06
  custom:scripting/monoscript/fileName/DictionaryAsset.cs: 0fbecf8b9684bea25ceff030c7ac0905 -> 401dc0be66450e9e2f6e6c55d9205575
  custom:scripting/monoscript/fileName/AssetDataDependencyHelper.cs: 07faa6df1c572823afb27c9bec16037d -> 
  custom:scripting/monoscript/fileName/AsyncOpRetry.cs: 7d4b426ab21943de744ee7f413070273 -> 
  custom:scripting/monoscript/fileName/GridItem.cs: d4689d90b59452de93bcb7cd39503515 -> 
  custom:scripting/monoscript/fileName/IUrlRedirectAwaiter.cs: 8dd5ceb9083714e89becad9c33a71a7b -> 
  custom:scripting/monoscript/fileName/EnumerableCloner.cs: e8bccd0aa55559c7d0ce7f2a86bc9051 -> 867c91b6f37130af4905828be69c5121
  custom:scripting/monoscript/fileName/RemoveDictionaryItem.cs: 4963f4b7930942912801060906b48a7c -> 0e441b7cf7012105cabfee308efbc06b
  custom:scripting/monoscript/fileName/SideBarCollectionFoldout.cs: 7ba94af30b778b42ca1fb34a6fd68f48 -> 
  custom:scripting/monoscript/fileName/IndefiniteOperation.cs: d5a8a94febf81854bc6188af1cc8439d -> 
  custom:scripting/monoscript/fileName/RightShiftHandler.cs: 26cb04906166be5703d6ca3b7cf9b3bb -> 90687f5155b682647a7943853e27608b
  custom:scripting/monoscript/fileName/SkeletonSelection.cs: f54911c2515b73824aa7ae031cb6a5f9 -> 43985630d414fa5b6a16a507b53cbd39
  custom:scripting/monoscript/fileName/IUserRoleRequest.cs: ccc5b229323b6e9c080254df6d4b51cb -> 
  custom:scripting/monoscript/fileName/IAssetReference.cs: d26fafbbc3d2afc23679835f37642ec1 -> 
  custom:scripting/monoscript/fileName/DependencyTreeExtensions.cs: 63e3c71f0d430a351e6159f69f0a0682 -> 
  custom:scripting/monoscript/fileName/FloatInspector.cs: cbe7723db3012179e3a536013a182c44 -> bb6029377bf822d0ae30959dce15aa49
  custom:scripting/precompiled-assembly-types:Unity.VisualScripting.SettingsProvider.Editor: 5dae43cfa57ef8887124ed20494cfe68 -> 41414d03caeb8d6946e082e3faf34ce7
  custom:scripting/monoscript/fileName/fsForwardConverter.cs: f550ae48e854e7a7197f80c4cb411335 -> dd9576806377a1ab53b40fc528edca8c
  custom:scripting/monoscript/fileName/PluginSavedVersionMigration.cs: 8b14a194cd9f3515c26d09c455c089b7 -> f24e1105204e4c6da5712a0d0913426e
  custom:scripting/precompiled-assembly-types:Unity.Services.Authentication.PlayerAccounts.Editor: 5c3b31bffb0adf61a50af8b42d9b3d0a -> 
  custom:scripting/monoscript/fileName/UnityOnJointBreak2DMessageListener.cs: a2096dcad5a0bb3d53ccf2a581d161b8 -> da29bf3b92e970a06b351f31493dc3f0
  custom:scripting/monoscript/fileName/PluginConfigurationItemAttribute.cs: 706b3b88ff326dbef7f5f60c827949e8 -> f95aefcfa7a83fa723dfa4b89a6b2b25
  custom:scripting/monoscript/fileName/SetScriptGraph.cs: b97e0d92b62208b59d76df474bccc959 -> 9ed7486b706e2c1565683e07a317dfff
  custom:scripting/monoscript/fileName/NativeUtility.cs: cc9845dba8f1eb8345f138aef442aac2 -> 509553167c7a8cb233f1fcc98f68b69b
  custom:scripting/monoscript/fileName/ForEach.cs: a8d1446f37e3aa5b5c1f2f58831904fb -> d55750bc6f692ea6e7c7976cd15cc261
  custom:scripting/monoscript/fileName/UnityThreadUtils.cs: 6f10d79f183f36877232e308ffa4d195 -> 
  custom:scripting/monoscript/fileName/Notifications.Gen.cs: 0b77852ac67d3ab84f489a2ddbdf8168 -> 
  custom:scripting/monoscript/fileName/Dict.cs: a53f96815da50de15010b1c479bc70cf -> 0cdf409b5aa8d4c25876d72b5c6a3b60
  custom:scripting/monoscript/fileName/TimestampPicker.cs: c358d6a44d07b8a0331d13944cbad486 -> 
  custom:scripting/monoscript/fileName/SpriteShapeControllerEditor.cs: 9372955a071f8ab93b40a41cf78b762a -> fa15032b47352c39e07b40e27f4cd097
  custom:scripting/monoscript/fileName/Solver2D.cs: 5669a3842784916cc043deae0009f959 -> 46a4bb956549d9607307737dd0cd83f9
  custom:scripting/precompiled-assembly-types:Unity.Services.Core.Components: b1235f9078edc76fe980fa236b46b6b1 -> 
  custom:scripting/monoscript/fileName/GuidInspector.cs: e30f770c402512353cbb9c535716a80b -> ad69a1cd2fc390989edcad1f8d7c42d5
  custom:scripting/monoscript/fileName/UnityOnJointBreakMessageListener.cs: 500e0a387320b3eb56a253ec3b22702d -> a57f033e4328843e3dccbccffd58360b
  custom:scripting/monoscript/fileName/TokenExchangeErrorResponse.cs: f6ae53171c98a8fffae49d38e43b1ec2 -> 
  custom:scripting/monoscript/fileName/StateGraph.cs: 833c7ae20060d19f326a2086d91b5167 -> 49da06a23d3aaa6b8cc2d8d5f9527b43
  custom:scripting/monoscript/fileName/FrameLimiterUtility.cs: 041c1f912f7b5b5f852d6cd5a9e75422 -> 54308ac62339629b9688dbe0fa2adaa5
  custom:scripting/monoscript/fileName/EnvironmentsApi.cs: d5d1f45bf03abd7dd2f469acfd3b5bcb -> 
  custom:scripting/monoscript/fileName/PageFiltersFactory.cs: 441a8af7732420241cdacc7a19619470 -> 
  custom:scripting/monoscript/fileName/DictionaryContainsKey.cs: 883fccbf9e6ce28262cb9f0bd34bcf80 -> ca7dd89f2d6b4710a4004b70b6ed81e5
  custom:scripting/monoscript/fileName/EnvironmentsOptionsExtensions.cs: 1e2776231b4e06a0e9b293a3623d643e -> 
  custom:scripting/monoscript/fileName/IServerEnvironmentId.cs: fff64b157cd649d3d948016718fba14e -> 
  custom:scripting/monoscript/fileName/DictionaryPool.cs: 8f6297df34271fdb1ce2d9607ec6261d -> 90647cc400823b41df847a6cbfc29026
  custom:scripting/monoscript/fileName/AssetDatabaseProxy.cs: 1b05adebf662ee3d2cfc8e1318a40a61 -> 
  custom:scripting/monoscript/fileName/SpriteOutlineRenderer.cs: 622f919403fb34eaf1ca6dac78b45550 -> 081a291237349fba327b1f74cfe9b6ed
  custom:scripting/monoscript/fileName/MeshUtilities.cs: f481a7041d301941b5bf1689a744e97a -> 8e059b2da190ac1a776c2dd07c40fad2
  custom:scripting/monoscript/fileName/Vector2Angle.cs: 3f9238353911ef758d06c3ab3a296721 -> 707bfe24887ee415a09b9189e9ceffb4
  custom:scripting/monoscript/fileName/Refinery.cs: c3aa9b0320af2d716c109b6a69c04ddd -> 585f9b06797e09db87854d4681581c45
  custom:scripting/monoscript/fileName/FlowMacroSavedEvent.cs: 7650270c46760ab088750341ce6603e2 -> a0bce9e831e1ee07937df9b88d455e21
  custom:scripting/monoscript/fileName/ProjectStateRequest.cs: 6ba5b48af1466d2a4dbb6e908352d7c6 -> 
  custom:scripting/monoscript/fileName/ProjectBindRedirectPopupWindow.cs: 03988f1b5263bdfb55c00f001c224465 -> 
  custom:scripting/monoscript/fileName/OperatorSearchValues.cs: 84124d98aad104fee109af7f5afef87c -> 
  custom:scripting/monoscript/fileName/IsolatedSerialization.cs: 82e85376cd56e82d8f91ef8f4d28c80d -> 
  custom:scripting/monoscript/fileName/OpenInAssetManagerHook.cs: b78d4010f3ce8cb0b69ab6e410018ba2 -> 
  custom:scripting/monoscript/fileName/PermissionExtensions.cs: 2d3f1d9607dfad427aa6a4252d3ebe2f -> 
  custom:scripting/monoscript/fileName/DropdownSeparator.cs: 87d08187407210ef509b7345f061d07b -> 37cc3b2316fb839a0b26de7b9c4bd425
  custom:scripting/monoscript/fileName/StickyNoteEditor.cs: 06162eb39ebb2b2c39b8051247d11fb1 -> 1b9cc6508d7c8a03c72e3f019b4cff6e
  custom:scripting/monoscript/fileName/IEnvironmentSaveSystem.cs: 8319bf770542e6764e5512ea06d2b015 -> 
  custom:scripting/monoscript/fileName/XComparable.cs: 3f27a059e794eb48677c0cc4a2a9eeb0 -> 4f9efdd0428def6795a065fc74da312f
  custom:scripting/monoscript/fileName/Ensure.cs: 35d31c0f2cac6df7e53f4b5d27f3ca17 -> a1e02e70592fb360f4c4361fe999d512
  custom:scripting/monoscript/fileName/OrganizationProvider.cs: f2089b4351294d4815b134a51aba3d17 -> 
  custom:scripting/monoscript/fileName/BoneGizmo.cs: 791bf732e026a951f96f8f936e74ccb4 -> 5ca2af00e8e4993e58804b4cc25ecf04
  custom:scripting/monoscript/fileName/DiscreteNumberInspector.cs: 8f6297df34271fdb1ce2d9607ec6261d -> 90647cc400823b41df847a6cbfc29026
  custom:scripting/monoscript/fileName/UnifiedVariableUnit.cs: 83cdcdc4d7571d7696b7a2037dafde05 -> b97ba6c4107a6e8314a5aed1c57a8832
  custom:scripting/monoscript/fileName/InitializeAfterPluginsAttribute.cs: d8d8b488e48aa197ea367cb6352a8359 -> be9651404046f02ca0c22bcd2611325f
  custom:scripting/monoscript/fileName/AnyStateDescriptor.cs: 94767bc9c1b7d736d1e8edbe3ca06e17 -> c5b7b5791639e313d3bec641ee42f7d5
  custom:scripting/monoscript/fileName/EditorPreferencesProviderView.cs: b7ee55770cc7295f00e4e11e6b4e9bc7 -> f6fc6b8b929f2518cdfa1c9eec2afeda
  custom:scripting/monoscript/fileName/Geom.cs: 8bb077b138f814db1660ceb7059d06dd -> 46f3846c55333c64b836819f0c82dd0f
  custom:scripting/monoscript/fileName/CharacterPartCache.cs: d4eaed331fc87b9c9468c7b7b7ceb8bb -> f70b9257bd58e2350f7c3234b7d892ce
  custom:scripting/monoscript/fileName/fsContext.cs: b12370f3045adc55b20afda864716c74 -> 281089c354bf57ec9821965d78b924e4
  custom:scripting/monoscript/fileName/BaseApiClient.cs: 8db05afd887e7e24cdb4782d155e924b -> 
  custom:scripting/monoscript/fileName/ServiceHostResolverFactory.cs: d0ecb131498d18d0ada3980788c19f58 -> 
  custom:scripting/monoscript/fileName/Changelog_1_4_10.cs: 6da5d46f2ee29d5187de44643d843ee6 -> 1bd33d41f8990ce1e130499d3e7e0f37
  custom:scripting/monoscript/fileName/SpriteLibrarySourceAssetFactory.cs: 775fcb963928d827df2e58b52ed2e8eb -> cb1359e14a07fb89e011bc33d29b99fa
  custom:scripting/monoscript/fileName/Sidebar.cs: 94a03008e7f68b57d39202ca3a8c6c0d -> 3e79c4dddba12fa9f1ea5430f5c6828f
  custom:scripting/monoscript/fileName/SpriteLibraryEditorModel.cs: 637fd53007270845469226642d1644ab -> 6791145f3374facd4d01cd725c293efd
  custom:scripting/monoscript/fileName/StatusRequest.cs: 6b5250387b9d638b5a95b2b34ac40c63 -> 
  custom:scripting/monoscript/fileName/GraphInputDescriptor.cs: 78516bdcee6e51deafb27a2c6258a592 -> f8cad4ac9de184576488495c3f5713c8
  custom:scripting/monoscript/fileName/UnitPortDefinitionUtility.cs: 442c03363edb4a7436fdc2dc936ed971 -> 6506a39e63152f2a0440b1177e5ce821
  custom:scripting/monoscript/fileName/TypeAlreadyRegisteredException.Gen.cs: f78f490406edcce398401642789c4f0d -> 
  custom:scripting/monoscript/fileName/IAsyncOperationAwaiter.cs: 4e390262389eabe5476a62852a905252 -> 
  custom:scripting/monoscript/fileName/Multiply.cs: 8f6297df34271fdb1ce2d9607ec6261d -> 90647cc400823b41df847a6cbfc29026
  custom:scripting/monoscript/fileName/ProjectStateHelper.cs: a377430869822a008fcaab13302eb7b2 -> 
  custom:scripting/monoscript/fileName/UnityOnTransformParentChangedMListener.cs: c809c5cae120eab89dd5b3e673408f54 -> ce2ac9f108d94925ed04fd1254f39d15
  custom:scripting/monoscript/fileName/SkinningModuleView.cs: 15892acf63579e4fcb4ce1694b9da077 -> 14125ca3d52935d92d117d216c3faf0c
  custom:scripting/monoscript/fileName/UnityGetUserGuestProjects200Response.cs: 101aa8e271472b02f3ae37c6ca9da3cb -> 
  custom:scripting/monoscript/fileName/EditableListEntry.cs: 9651cc5e73193d850c6414741ba46c19 -> 
  custom:scripting/monoscript/fileName/StateGraphAsset.cs: 2a43c2483ddcfa9da93e08b44acaa4e7 -> dc7dd4bd0764171a027031adeb4d4425
  custom:scripting/monoscript/fileName/NoOpAccessTokenExchanger.cs: f8fd181ae5074259f6fb810095305ce2 -> 
  custom:scripting/monoscript/fileName/GraphDebugData.cs: 3a2bef9d843542b845839c336829907c -> ba8636d7fa556429bc94f06c1e729313
  custom:scripting/monoscript/fileName/IAssetDataSource.Transformation.cs: f0c055dbd074357048b04069d34f7f97 -> 
  custom:scripting/monoscript/fileName/FlowDragAndDropUtility.cs: 9ff1185f73c2ba1edd4e3df4a88059c8 -> 901274c59807e6a921451cbd0cfa7902
  custom:scripting/monoscript/fileName/GenerateWeightsTool.cs: 4be6777ab44bba290d5e0a1720625ec9 -> 484104c82b9aac7ba75d900350371744
  custom:scripting/monoscript/fileName/IMetadata.cs: df9701c6d8a298f1ee6817b61ccda990 -> 
  custom:scripting/monoscript/fileName/GraphOutputInspector.cs: 6d88ee026d7ab6f6c46aab2ec2544e14 -> b0d8525a4e5d46b77dbaca594a7a065c
  custom:scripting/monoscript/fileName/StickyNoteOption.cs: a4dcaa0a0a15bfe14a7713cb65e19e99 -> 7cbecadb4a9de691d8b856d29ddbfb13
  custom:scripting/monoscript/fileName/IUnityEditorAccessTokenProvider.cs: 65731be7727e7507c20961ee433f6e1c -> 
  custom:scripting/monoscript/fileName/UnityAPI.cs: 752e62ec277c1ee506df998ca6f72c71 -> bf9e3e240c1d6c4735710404fd99f584
  custom:scripting/monoscript/fileName/fsConverter.cs: 6da5d0ddb8a96de20de8af6a5e3a4315 -> aabb13cfb9513f19ac95b9e8fde7a261
  custom:scripting/monoscript/fileName/UnityOnMouseDragMessageListener.cs: 841468efd62461269fb03724bda526c8 -> dab98d492f4f114da3e2f1e764db9201
  custom:scripting/monoscript/fileName/AssetIdentifier.cs: 135467647760df2607c990ac5e57f88f -> 
  custom:scripting/monoscript/fileName/UnityWebRequestClient.cs: 171ccf79c76240837e46a8b79f973b6e -> 
  custom:framework-win-MediaFoundation: 216162199b28c13a410421893ffa2e32 -> 
  custom:scripting/monoscript/fileName/ClickAction.cs: b594fc48d3d8796a1b52f2ef7f469669 -> 914e28c145e5e70f30d5213550122193
  custom:scripting/monoscript/fileName/UtilityStructures.cs: 45980815277fb270277d2ccfed5383ce -> 400364b47dc7fa4d1e8b9cb78544e293
  custom:scripting/precompiled-assembly-types:Unity.AssetManager.Upload.Editor: a7a246d650186820708e236dfe23d8bb -> 
  custom:scripting/monoscript/fileName/MoveTowards.cs: 8f6297df34271fdb1ce2d9607ec6261d -> 90647cc400823b41df847a6cbfc29026
  custom:scripting/monoscript/fileName/Acknowledgement_AqnParser.cs: c1b14420c50782df1be7add6475243a4 -> 4027cebcc97824c1c40b8bec33dd8726
  custom:scripting/monoscript/fileName/ReorderableListControl.cs: ceb5ce268528ff19d08b7818dbefbe6e -> 64885d764ca21436846d7cdb47927bfb
  custom:scripting/monoscript/fileName/FunctionArgs.cs: b43c70b05d3f71323ac81c73b7e15807 -> 272d63dd75bb353cc7bd44ecdda5609a
  custom:scripting/monoscript/fileName/BoltFlow.cs: 5046fccc025bcc0abb44f24b170fd1a2 -> c8f7f00f61b8f2dd43885687158bbc1a
  custom:scripting/monoscript/fileName/SetSceneVariable.cs: 290856399e2456d215dd77a8f3854e07 -> cd0ac40bd3a3a6f499d384636dc322ef
  custom:scripting/monoscript/fileName/OnPointerDown.cs: 53831e75389068b4c88b7ff2fee3f68e -> 72866f1b83da6c60a95bd4e20a5fab88
  custom:scripting/monoscript/fileName/AbstractRuntimeServices.Gen.cs: 90647cc400823b41df847a6cbfc29026 -> 
  custom:scripting/monoscript/fileName/IDescription.cs: 0f5ba620b3ae35b513ff405b906973ae -> 863da2f1fb5bca0bf64b2d9492b9a588
  custom:scripting/monoscript/fileName/IGraphWithVariables.cs: 11d6dfdd16b82eb4a173261f83c2bf02 -> e558d8df30ad3ae8db7a06288f39dd0c
  custom:scripting/monoscript/fileName/ConstructorInfoStubWriter.cs: b552ed765684da18a14e4c4b545a9214 -> 526453184621862c6dede576f83a7688
  custom:scripting/monoscript/fileName/GuidCollection.cs: 8f6297df34271fdb1ce2d9607ec6261d -> 90647cc400823b41df847a6cbfc29026
  custom:scripting/precompiled-assembly-types:Unity.Cloud.AppLinking.Runtime.Embedded: d01bfeed759b60eb98942b9eeb782f89 -> 
  custom:scripting/monoscript/fileName/GroupableFieldValue.cs: 9e090098fc6d3951cbc923396b8ea08b -> 
  custom:scripting/monoscript/fileName/TransformationMapper.cs: d6109c9a138e1bc926d7fbe7ccd6d531 -> 
  custom:scripting/monoscript/fileName/OnApplicationResume.cs: b0c7cd583507fab0643e5a1abd40d9df -> a8461e0d39412ba2ab18ce8ae30c36de
  custom:scripting/monoscript/fileName/ServicesInitializer.cs: ab1d8cf62578425c46640e4497d6f5e3 -> 
  custom:scripting/monoscript/fileName/INotifiedCollectionItem.cs: 2eb16e2f686b5869967f702ea83f5bb7 -> ed61901dee45ec6179242622327e89f3
  custom:scripting/monoscript/fileName/LudiqScriptableObject.cs: 51c017749e6f2cc8a1deba8750576562 -> bf48762fe3624aafc7d02b7ace7738ab
  custom:scripting/monoscript/fileName/SpriteShapeGeometryModifier.cs: 112b92d32c4f76ecd434b89fa8b13440 -> 0e0adacc8e28a9b9749e1a2d953decf5
  custom:scripting/monoscript/fileName/Vector4Divide.cs: 8f08182029a484fa0f144fd2ce2f83aa -> dde839cfd6683c5454b0e8242205f974
  custom:scripting/monoscript/fileName/Changelog_1_1_0..cs: 94260bd2b993b096772f96a561422d09 -> 986916bcff6b8986fbc4b302fadbc540
  custom:scripting/monoscript/fileName/EnvironmentInfo.cs: 78a754ae7b45de5c0f5a2d3aef9c92f6 -> 
  custom:scripting/monoscript/fileName/IAssetDataSource.AssetVersion.cs: f0c055dbd074357048b04069d34f7f97 -> 
  custom:scripting/monoscript/fileName/RayInspector.cs: 1a7f7aa139dd43e3e5c14004496591b3 -> acc6b8a7bc3f1f119657315e91bf6f82
  custom:scripting/monoscript/fileName/EditorPlatformSupport.cs: 38c72c390c7adc46c76603d809996153 -> 
  custom:scripting/monoscript/fileName/MemberUtility.cs: 8b847e35ba3df96f9327e7e9cdb3afcd -> 0228b89a344d12ffda1e885c030cd566
  custom:scripting/monoscript/fileName/AssetDetailsPageTabs.cs: a64f347240fe0378d434887237dd100a -> 
  custom:scripting/precompiled-assembly-types:Unity.2D.Common.Editor: fc88cbb63b7f5abdc40ec1aa594415c3 -> 7cbb781a6c9c3533080bdeaa9f578bb7
  custom:scripting/monoscript/fileName/UnlinkResponse.cs: 5c3d6fd0bc8ad5a2b96081560c4e2afd -> 
  custom:scripting/monoscript/fileName/PlayerAccountsException.cs: f345195172d5e267745a144c3f1e950e -> 
  custom:scripting/monoscript/fileName/MemoryConfigurationLoader.cs: e1621a8e05504bfbe89a438b0282bf97 -> 
  custom:scripting/monoscript/fileName/TryCatch.cs: edb950c3f2c919903f9db101cbbddaf7 -> 708102a6f3e203169bc8c7fbe986da68
  custom:scripting/monoscript/fileName/UnitPort.cs: 8f6297df34271fdb1ce2d9607ec6261d -> 90647cc400823b41df847a6cbfc29026
  custom:scripting/monoscript/fileName/StringSearchCriteria.cs: 52d7dc7300db5b708ebfc21be8adff23 -> 
  custom:scripting/monoscript/fileName/BoneSelection.cs: 79fe0f4b6533be61501a931e67815052 -> f232b73035bdd340ca4cbf69c8602252
  custom:scripting/monoscript/fileName/LastItem.cs: b51d05d2528630c2c24650c8780c2741 -> 32997f26f3d23cb6ffb8d1b0d5f686ca
  custom:scripting/monoscript/fileName/AppId.cs: d248a9325e5fca44ea747df58f47b547 -> 
  custom:scripting/monoscript/fileName/AssetRepositoryCacheConfiguration.cs: e718c2c1f0432aec4ca49c69401acc22 -> 
  custom:scripting/monoscript/fileName/LocalUnityTypeFilter.cs: 111a0bd2940c8d84e4655a3570f1c96d -> 
  custom:scripting/monoscript/fileName/LinkOptions.cs: d980be51f14aa6893b870934669980d0 -> 
  custom:scripting/monoscript/fileName/StatusInitializer.cs: 6aac784942020f92c8ba5cc5cb0b3373 -> 
  custom:scripting/monoscript/fileName/CloudStorageEntitlements.cs: 4001a78e720e97f61797a5534fd25133 -> 
  custom:scripting/monoscript/fileName/VariantKeyedCollection.cs: 8f6297df34271fdb1ce2d9607ec6261d -> 90647cc400823b41df847a6cbfc29026
  custom:scripting/monoscript/fileName/EditorTimeBinding.cs: 3c1ba3a45f8169cc13fc8a5aef560816 -> 375e368c6f89338a4bbfdf139315d1c7
  custom:scripting/monoscript/fileName/MessageListener.cs: 7fe8e675e5b1309571101f2846bfa429 -> fc6267213e3cb57cb6b4fc18d21497fb
  custom:scripting/monoscript/fileName/AssetBundleUtility.cs: cbaa9f167c059d308add99888b0c40f2 -> df5e10a88aeab19d2eeba57a8ec393fe
  custom:scripting/monoscript/fileName/EnsureThat.Types.cs: bd7acbee6d9d5a238167e20a62147c52 -> d013aa59ca1af7ae620960a166e69902
  custom:scripting/monoscript/fileName/StatusFilter.cs: 9779de9799c3007b2453aa68b18ca9d3 -> 
  custom:scripting/monoscript/fileName/ISkeletonView.cs: 8840baf3c7cd6c3eb376e033a17db287 -> e6c99206afd62719f2ad0ded1c8ea725
  custom:scripting/monoscript/fileName/LongInspector.cs: 9b7ed70bc2be90da69ee1f11e3273d5b -> 1aee6a90a85f768557420a134d262de2
  custom:scripting/monoscript/fileName/Vector4Lerp.cs: 306de93b89633fded25507b2a3fd38b3 -> 18a3a1647bf5e93645c9921551cdddd6
  custom:scripting/monoscript/fileName/ISet.cs: 8f6297df34271fdb1ce2d9607ec6261d -> 90647cc400823b41df847a6cbfc29026
  custom:scripting/monoscript/fileName/BoneVisibilityTool.cs: 3e160cd1794a30d8ae25631df4afaa34 -> 2a5c57eda3b22c661778d988e0673687
  custom:scripting/monoscript/fileName/StagingTokenExchangeUrls.cs: 7ddebca8557e1d6e23849e5e07df2296 -> 
  custom:scripting/monoscript/fileName/UploadAssetDataFile.cs: 52b8f272acf1d33227675e0ded7e4731 -> 
  custom:scripting/monoscript/fileName/Vector4Round.cs: feede17eef9ddaf0a882bc081f67b580 -> 506e96c0bb3c177276af944ad9fe65dc
  custom:scripting/monoscript/fileName/SpriteShapeGeometryCreator.cs: 42424db6cd4861526d9e857e76e3e99d -> cfbf4830d38e2ec99acb4505be7120dc
  custom:scripting/monoscript/fileName/LabelUpdate.cs: 64bd2ff2ef803f994ba6e1ca2efc7eb1 -> 
  custom:scripting/monoscript/fileName/InspectorVariableFieldAttributeInspector.cs: 151752755851ed05fa25e49288713924 -> f9e2540ee033569909606451b32045b8
  custom:scripting/monoscript/fileName/HttpRequestUriModifierFactory.cs: fca82bb28fee7fc700dd526af2eba887 -> 
  custom:scripting/monoscript/fileName/DeserializationSettings.cs: 1061b12039666d7d981cfe68ebb1982d -> 
  custom:scripting/monoscript/fileName/EnsureThat.Reflection.cs: bd7acbee6d9d5a238167e20a62147c52 -> d013aa59ca1af7ae620960a166e69902
  custom:scripting/monoscript/fileName/IConnectionCollection.cs: 8f6297df34271fdb1ce2d9607ec6261d -> 90647cc400823b41df847a6cbfc29026
  custom:scripting/monoscript/fileName/GreaterThanOrEqualHandler.cs: 3fcedabbbbe88076cf81d8f6723bca29 -> 9b473dc119e154728e6556c9f596f0d2
  custom:scripting/monoscript/fileName/CacheConfigurationWrapper.cs: f22e0c44f0efac1d29807829918ad456 -> 
  custom:scripting/monoscript/fileName/SearchUtilities.cs: eade3cdcca5d86d17d29481a1a4d2e11 -> 
  custom:scripting/monoscript/fileName/SpriteLibraryAssetPostprocessor.cs: 457c2ae7f4a75a1050cd89ded723173c -> 76dc94e3c8de3d56b0597a45fc83fd56
  custom:scripting/monoscript/fileName/FontCollection.cs: ec36c19ec3bdcf575bcdac8ee784bb36 -> 10321622517af28d58f0f73b86ec86ac
  custom:scripting/monoscript/fileName/IProjectConfiguration.cs: 9794b060b4360e9cc39456a13bf716cc -> 
  custom:scripting/monoscript/fileName/Formula.cs: 2f1fcfe485f6ef1cfba4f55a6b3a3ce0 -> de2232fb682f458ca29be9475bcbcbcc
  custom:scripting/monoscript/fileName/ProjectWindowProxy.cs: 0226a12bca7c6d9fa7dd4b4ae63a3bc5 -> 
  custom:scripting/monoscript/fileName/CodeLinkInfoRequest.cs: 339ebe0dca40b55f92e751b1738593a4 -> 
  custom:scripting/monoscript/fileName/IDiagnosticsFactory.cs: 8a3a37fd862b7581b4621716ed14b18e -> 
  custom:scripting/monoscript/fileName/IMemberInfoJsonProvider.cs: a2d18f05eed5bab9f41d26b67423d129 -> 
  custom:scripting/monoscript/fileName/SpriteShapeGeometryCache.cs: 552ce0ceba390ebce1e55749aa83f283 -> 12a89dc14edf4fd78664d642570eccfe
  custom:scripting/monoscript/fileName/ProjectId.cs: 167752f2ba1080ad5f696442f7704cab -> 
  custom:scripting/monoscript/fileName/MetadataFieldDefinition.cs: 607bdef7d134a7bd739d518a2b467376 -> 
  custom:scripting/monoscript/fileName/Smoothen.cs: d5a66fde7ed423b339279c660fa98e7d -> f71119afe4f2c5999c584cc36a8b7832
  custom:scripting/monoscript/fileName/IStateTransitionWidget.cs: 72f837216433acc099ddb32018784190 -> 558ed2f1e0a616c5a9b00e5377da63cc
  custom:scripting/monoscript/fileName/FilesFoldout.cs: 35b224d408e2cc535bf7ba241d71f7bb -> 
  custom:scripting/monoscript/fileName/PriorityQueue.cs: e0a51e584485b56d9971a06b4f70ecb4 -> a53f96815da50de15010b1c479bc70cf
  custom:scripting/monoscript/fileName/StateWidget.cs: a53f96815da50de15010b1c479bc70cf -> 0cdf409b5aa8d4c25876d72b5c6a3b60
  custom:scripting/monoscript/fileName/SerializeAttribute.cs: 16121a61426a83648f0f6893179cbd70 -> f971b950ed99adb2c28fad31be3048c1
  custom:scripting/monoscript/fileName/IServiceFlagRequest.cs: b3a0a6e65e5600f2006d43595e9e07b1 -> 
  custom:scripting/monoscript/fileName/IInspectableAttribute.cs: fe8f38c96183fec762c9bcae2c27576a -> c861089562e44c11235d6e9c797ae2d8
  custom:scripting/monoscript/fileName/SerializableSelection.cs: 716086397f6fce3cf59561531ac052e5 -> 8f6297df34271fdb1ce2d9607ec6261d
  custom:scripting/monoscript/fileName/LinkAssetToProjectRequest.cs: 3033823bebf5806db2288351e29c9596 -> 
  custom:scripting/monoscript/fileName/DotNetHttpClient.cs: d561897b7b414f3d0e60d2496b5fc36e -> 
  custom:scripting/monoscript/fileName/InvokerBase.cs: 0f11fb33acb0bd429264a0604a59a559 -> ccbe2e900a59994e5586b35234c3dc7c
  custom:scripting/monoscript/fileName/ProfilingScope.cs: be5fce895d3ab3cf14831fff370c3834 -> faccdf064a44a2daaa0f0119bf865d8d
  custom:scripting/monoscript/fileName/DatasetSearchCriteria.cs: a28d076f0deefd4241ac42ab3b5f604f -> 
  custom:scripting/monoscript/fileName/SetVariableUnitOption.cs: 8f6297df34271fdb1ce2d9607ec6261d -> 90647cc400823b41df847a6cbfc29026
  custom:scripting/monoscript/fileName/UnityOnPointerExitMessageListener.cs: a88a80c40f4fec5f6317476682bcc995 -> d7abf18d6237284d81953ad3e5f76399
  custom:scripting/monoscript/fileName/SearchCriteriaExtensions.cs: 7e7d239801f7eea21cad596250414ff8 -> 
  custom:scripting/monoscript/fileName/InstanceFunctionInvoker_5.cs: 8f6297df34271fdb1ce2d9607ec6261d -> 90647cc400823b41df847a6cbfc29026
  custom:scripting/precompiled-assembly-types:Unity.AssetManager.Core.Editor: 3562c000312bb8988872d79c8fa8ed62 -> 
  custom:scripting/monoscript/fileName/MultiInputUnitAlphabeticDescriptor.cs: d977ca871381f0289741a63263adf541 -> 24b776aa31474b5842d26810d3570480
  custom:scripting/monoscript/fileName/GraphNest.cs: 8f6297df34271fdb1ce2d9607ec6261d -> 90647cc400823b41df847a6cbfc29026
  custom:scripting/monoscript/fileName/Recursion.cs: 498270e00a5a73a50642c5f34e83ca0d -> b52b2901f82aac64bbeaa0130ee518f6
  custom:scripting/monoscript/fileName/SearchCriteria.cs: 90647cc400823b41df847a6cbfc29026 -> 
  custom:scripting/monoscript/fileName/ProgressUtility.cs: fa7e1d0bb3cfdb311fd1290c37d9a8e5 -> 0d413f7b1b48a67ad354459c756a7d49
  custom:scripting/monoscript/fileName/BoolInspector.cs: 3e4af0314b4ec32f5be7e10c7350468a -> 63dfe207393e22859584be57dc236370
  custom:scripting/monoscript/fileName/Negate.cs: 05a810ebf2083bbf7a77f9ac2d8cb0f9 -> 732682fdbfc8d9a4d8fe571ef19f7a04
  custom:scripting/monoscript/fileName/IPlayerNameComponent.cs: eaaece226ae40f7f834e5e963741d0de -> 
  custom:scripting/monoscript/fileName/EditablePathController.cs: d73a7f0df8651eb3f19d7d1ce6541ebf -> f77332f1cd4decead6ec722d05fe8672
  custom:scripting/monoscript/fileName/ConfigurationEntry.cs: c1ed8586c7c9df05d945744b24303784 -> 
  custom:scripting/monoscript/fileName/SerializerSettings.cs: 7a7577f480a32058e9496b2ffedf7472 -> 
  custom:scripting/monoscript/fileName/TypeIconPriorityAttribute.cs: b84ccb96bbd5eb20e7439d6d6144897c -> 6881971c1004bb8388458fc28866316f
  custom:scripting/monoscript/fileName/EditablePathExtensions.cs: 0e50b7328f9e19007c2940b49a693727 -> d8cc0b84fa774526a64b3645a6edccb4
  custom:scripting/monoscript/fileName/HashUtility.cs: 263df5e0e944351830e3488a59096736 -> c57d0c54b23e34ef8f1062b4e924498e
  custom:scripting/monoscript/fileName/BaseSdkService.cs: af1b9fde1028b2d7d62aff707a321895 -> 
  custom:scripting/monoscript/fileName/SearchAndAggregateRequestParameters.cs: 50f963c3ff801a93eeb9f12761a47ee7 -> 
  custom:scripting/monoscript/fileName/FilterSearchEvent.cs: 0d5f2f89ee87c3e4c84de9d019a643a9 -> 
  custom:scripting/monoscript/fileName/GUIAction.cs: 1c3847aaae59a5c5d4c6b9a6e43d7c39 -> 350d8dad99ed62d0b448f77355d8f2b1
  custom:scripting/monoscript/fileName/WarnBeforeRemovingAttribute.cs: 4a9f909869653001e8f22f1bccb43f06 -> 86f1fea71fa52b0039e88c9b34c98182
  custom:scripting/monoscript/fileName/FileSystem.cs: ab92d4d8629b2af54c3a35102bd12cc4 -> 
  custom:scripting/monoscript/fileName/XmlLinkedMember.cs: 83ebbc44b07d4de0b62121c7811a18b1 -> 
  custom:scripting/monoscript/fileName/OnMouseUpAsButton.cs: b8c6ce242cedf9e216c6438e4bc0b5eb -> 0c3f5e684f1e482eb726fea789e9f835
  custom:scripting/monoscript/fileName/PerSecond.cs: 8f6297df34271fdb1ce2d9607ec6261d -> 90647cc400823b41df847a6cbfc29026
  custom:scripting/monoscript/fileName/ServiceHostResolverExtensions.cs: e2bb61e81caa94f379554906d6a41cbb -> 
  custom:scripting/monoscript/fileName/AssetReferenceQueryBuilder.cs: 9a21c1d7b102937548698d13d741bf36 -> 
  custom:scripting/precompiled-assembly-types:Unity.Services.Core.Device: 63b48da9c583ff24a0dde69e3097501c -> 
  custom:scripting/monoscript/fileName/AssetDownloadUrl.cs: 5ce7990fccb2c8aea722535d92b089a3 -> 
  custom:scripting/monoscript/fileName/OnDisable.cs: 5c4b5e7f05a8d257a82bf60e5222936f -> 472f45fbd41deaa8eec975cdc493ad6e
  custom:scripting/monoscript/fileName/MessageListenerEditor.cs: 90055fe5e02908789a6f2066116108a9 -> ad1d4776e9148cc69565bcca27cf82fb
  custom:scripting/monoscript/fileName/IEntitlementsJsonProvider.cs: 55c214d7fb30f98027ce55ef827e75b3 -> 
  custom:scripting/monoscript/fileName/AssetVersionDto.cs: 9a75159cb389d07d62c1dec0e988ff11 -> 
  custom:scripting/monoscript/fileName/IRectSelector.cs: 8f6297df34271fdb1ce2d9607ec6261d -> 90647cc400823b41df847a6cbfc29026
  custom:scripting/monoscript/fileName/IAssetDataSource.Project.cs: f0c055dbd074357048b04069d34f7f97 -> 
  custom:scripting/monoscript/fileName/AnimationCurveInspector.cs: e5edd6a3d985e97ec16b69e9d9fa992e -> b7567312db55f13396692d0cb80cd8cc
  custom:scripting/monoscript/fileName/OptimizedPropertyDrawer.cs: 8f6297df34271fdb1ce2d9607ec6261d -> 90647cc400823b41df847a6cbfc29026
  custom:scripting/monoscript/fileName/Metadata.cs: cba7cfae4e2c15dce7c8041adbdb9e44 -> 3f57c8b7806480ac6987c41c42d0b695
  custom:scripting/monoscript/fileName/MetadataMapper.cs: d6109c9a138e1bc926d7fbe7ccd6d531 -> 
  custom:scripting/monoscript/fileName/NamespaceInspector.cs: e654ac2265048a6d9d73c1a46eb84990 -> 225f4c7311bbff8131baa1258dcf1836
  custom:scripting/monoscript/fileName/SideBar.cs: 60865a272138bbd3625b6456a2752e59 -> 
  custom:scripting/monoscript/fileName/Status.cs: f5ac0736e6c21b7f41c7f30211218f45 -> 
  custom:scripting/monoscript/fileName/fsConfig.cs: 75b6c7b33ac095c5e6f15ca3154fcf39 -> b85fba37382b394d2c28b0ef10de9361
  custom:scripting/monoscript/fileName/EditorAssetResourceProvider.cs: 8817cdae2104f407c59876c095c21635 -> 3bea972c2975f77af2ac51bb3309516d
  custom:scripting/monoscript/fileName/WidgetList.cs: a53f96815da50de15010b1c479bc70cf -> 0cdf409b5aa8d4c25876d72b5c6a3b60
  custom:scripting/monoscript/fileName/IAuthenticationService.cs: 31b1f8ca01e97ab63ffa37f9fac410be -> 
  custom:scripting/monoscript/fileName/InstanceActionInvoker_0.cs: 8f6297df34271fdb1ce2d9607ec6261d -> 90647cc400823b41df847a6cbfc29026
  custom:scripting/monoscript/fileName/SuperStateWidget.cs: 50889d34572a88d7c72e66957ecf6a69 -> e25dbdf82cd7be22a9f84275f67bb9a3
  custom:scripting/monoscript/fileName/OnGUI.cs: fc67bc1d40595070b2b41a1b927dacdf -> b69e264cabebe670c978933f5085f76a
  custom:scripting/monoscript/fileName/SemanticVersion.cs: 62cbd798d89a83aabf1b60646802447b -> c4f32f0783e4d534624e4db733011ec9
  custom:scripting/monoscript/fileName/RectSelectionTool.cs: 8f6297df34271fdb1ce2d9607ec6261d -> 90647cc400823b41df847a6cbfc29026
  custom:scripting/monoscript/fileName/GuestProjectJsonProvider.cs: 0482bcb937798627bfbd468e9705301c -> 
  custom:scripting/monoscript/fileName/IKeyValueStore.cs: b9d2e4c2a046dbf7f67f53bac67c0329 -> 
  custom:scripting/monoscript/fileName/LeftShiftHandler.cs: aab2641addff403f4f836d112e7f6dd5 -> b0084cd51b6b9e507b311b3e8ae544cb
  custom:scripting/monoscript/fileName/AssetPreview.cs: 1452533e55f87fbeb5c6260beb7ba506 -> 
  custom:scripting/monoscript/fileName/AssetCollectionProperties.cs: b0f3d75594d90935a287846d60a87cd5 -> 
  custom:scripting/monoscript/fileName/JsonWebToken.cs: 576840f242d675d41e4a3e0094ff62a5 -> 
  custom:scripting/monoscript/fileName/IEditableEntry.cs: 6191c05613f030ba5f2ed3a949cef7a1 -> 
  custom:scripting/monoscript/fileName/CloudStorageUsage.cs: 0b5cd8eca4423d7e052c4c836bfa3da7 -> 
  custom:scripting/monoscript/fileName/IEditorGameServiceIdentifier.cs: a0ceaf826ce6fd5a1bb279e1579a965f -> 
  custom:scripting/monoscript/fileName/OfflineUiHelper.cs: 74f5179e6468b11d72cd60998e0c725b -> 
  custom:scripting/monoscript/fileName/MemoryStreamDownloadHandler.cs: 6ee002ed45eed8155a613861c88c713a -> 
  custom:scripting/monoscript/fileName/RoleExtensions.cs: f1fdfa11439d62b281883acc1457cb12 -> 
  custom:scripting/monoscript/fileName/StaticActionInvoker_4.cs: 00afda585609cf7ea1abdfe57d498a6c -> 0bfaadd9c6343f03b56ac7e40b9c81b8
  custom:scripting/monoscript/fileName/GroupAndCountAssetsQueryBuilder.cs: 94708ccbb11b4be3d0d64c3c90f91a9b -> 
  custom:scripting/monoscript/fileName/GenericScriptablePath.cs: 8f6297df34271fdb1ce2d9607ec6261d -> 90647cc400823b41df847a6cbfc29026
  custom:scripting/monoscript/fileName/SetGraph.cs: 8f6297df34271fdb1ce2d9607ec6261d -> 90647cc400823b41df847a6cbfc29026
  custom:scripting/monoscript/fileName/OnTransformChildrenChanged.cs: 3305579dcd1a11bca2f794779e639428 -> ea50493dd73ea004f2dc75895870ac57
  custom:scripting/monoscript/fileName/ServiceAccountAuthenticatorSettingsBuilder.cs: 52633670fc7d8d252059bab06ccc7322 -> 
  custom:scripting/monoscript/fileName/FuzzyGroup.cs: d0a574c1197ce41ebeb6bf8d320cf6ff -> 54b6adaaaed9f0076be91e986ac7cba4
  custom:scripting/monoscript/fileName/SerializableDictionary.cs: 8f6297df34271fdb1ce2d9607ec6261d -> 90647cc400823b41df847a6cbfc29026
  custom:scripting/monoscript/fileName/TabbedPage.cs: 326a68897bf32d4dc6e87f159e036fc4 -> f1cb16f184c287544e6bbf34d0220b4f
  custom:scripting/monoscript/fileName/AsyncLoadOperation.cs: 7a11401183e548ab48713f834b9967f0 -> 
  custom:scripting/monoscript/fileName/SetMemberDescriptor.cs: 9f8113383b05ad7e6fefbdd192aadf51 -> 112e4d239eff3dd9c8c81da2a16dfdda
  custom:scripting/monoscript/fileName/EnsureThat.Booleans.cs: bd7acbee6d9d5a238167e20a62147c52 -> d013aa59ca1af7ae620960a166e69902
  custom:scripting/monoscript/fileName/IFuzzyOptionTree.cs: 4efc636b55f5f27499dd8b592f915666 -> e0b782bb9595686eef122f75b883dcf2
  custom:scripting/monoscript/fileName/LiteralOption.cs: 69757c39ad0c0a9fe9c679ff8eb9eba8 -> 8989a7705490711459427b7ae44321e7
  custom:scripting/monoscript/fileName/SpriteResolver.cs: 4e7bd8ee129996c188b7009d36d51845 -> a00ceed6373a6a4b751227edb6a74adf
  custom:scripting/monoscript/fileName/ProgressBar.cs: 07db3f116ce4de44ab4fd705b3cc90f0 -> 
  custom:scripting/monoscript/fileName/DatasetDescriptorDto.cs: 1cde2c0806fd4e0bc2a7b755ee411eb5 -> 
  custom:scripting/monoscript/fileName/BoltStateManifest.cs: f7b837e3e06a4ce551f5f349bb6447f3 -> e78aa51fd6b6f3decad56dfdecb9b6a7
  custom:scripting/monoscript/fileName/GlobalEventUnit.cs: 8f6297df34271fdb1ce2d9607ec6261d -> 90647cc400823b41df847a6cbfc29026
  custom:scripting/monoscript/fileName/AsyncOperationAwaiter.cs: ddd9d932eca2ff6dc550c174a68fdc5b -> 
  custom:scripting/monoscript/fileName/ServiceConnector.cs: 39cf1fdff0180205a2cbceb2df7a870e -> 
  custom:scripting/monoscript/fileName/VariablesAsset.cs: 471a9081b3f97c64bf8478dc651a36ee -> af4435662a8a97e9bc50046bd347982b
  custom:scripting/monoscript/fileName/NullCoalesce.cs: b6e0cc37346d297390a7d0cac5980245 -> 3fe7984746e3ba60d69ca8c27d5020ee
  custom:scripting/monoscript/fileName/ISelectUnit.cs: f5637df647e872a16b2dd4b816aea73f -> 3789b76c2cda0f7e9d4f64f800a3ace4
  custom:scripting/monoscript/fileName/Vector4Subtract.cs: 1eacf8217e264d5de1d96705985632f4 -> 033355841708a734437da8c9edcfe8af
  custom:scripting/monoscript/fileName/ConverterItemInfo.cs: 17347613d9bcd61fc21bb1087f168562 -> 9fb131dfa28a9ed6b6d00fd9cf83ece4
  custom:scripting/monoscript/fileName/SinglePageWindow.cs: 8f6297df34271fdb1ce2d9607ec6261d -> 90647cc400823b41df847a6cbfc29026
  custom:scripting/monoscript/fileName/MultipleEditablePathController.cs: 2c829d4449674370203505d97a7777f9 -> c7cff4cfb29e01669fb7da4c388d9253
  custom:scripting/monoscript/fileName/SpriteShapeAssetPostProcessor.cs: 6a81f1d05dc8870162e793e2d06d1af3 -> 73de8173be15559f77f57426683a34f8
  custom:scripting/monoscript/fileName/AssetMapper.cs: d6109c9a138e1bc926d7fbe7ccd6d531 -> 
  custom:scripting/monoscript/fileName/AdditionHandler.cs: 884bc572461ac83fee44aa0b7cf7f847 -> 51d4d917393299f96e6fcba3471b2ec9
  custom:scripting/monoscript/fileName/NodeWidget.cs: 8f6297df34271fdb1ce2d9607ec6261d -> 90647cc400823b41df847a6cbfc29026
  custom:scripting/monoscript/fileName/UnityServicesInitializer.cs: fa9a608355e48120534d684af5f04612 -> 
  custom:scripting/monoscript/fileName/LinkWithExternalTokenRequest.cs: 61c423aaf4de4e3ac498b3de2256f9ff -> 
  custom:scripting/monoscript/fileName/Vector2Absolute.cs: 0dd55f9fc5fb6a8f01187194f536731b -> d96725b2677bb5036a058a6f66b4021a
  custom:scripting/monoscript/fileName/SpriteShapeEditorUtility.cs: adb2019df6a4ec19a5d0b3bb8271ccec -> 61d51f3b8579a7323ddfb9c2a8b412d8
  custom:scripting/monoscript/fileName/AssetLabelsDto.cs: e56b4fab946043ad0c0a957a6af994f7 -> 
  custom:scripting/monoscript/fileName/UnityTask.cs: 33a81d3e16f6fd0437c181decccfd3f9 -> 
  custom:scripting/monoscript/fileName/PlayerAccountServiceInternal.cs: c5a61bec22849ac7e0c4d0d9bf307d98 -> 
  custom:scripting/monoscript/fileName/SingletonAttribute.cs: 834eddbb5a20f4dc9a8b9730989067ac -> 606a14516a7a0342fa81a28160a1148b
  custom:scripting/monoscript/fileName/SpriteSkinCompositeDebugWindow.cs: 5efeef62674defbd33001fe6825fe818 -> cfba2a9ab9f478f83b403f97900ec10c
  custom:scripting/monoscript/fileName/InspectorUtility.cs: cd1b1b45f058507557c132422ddb5eb6 -> d2444697ecf5f370ee1ff9969e9d66f8
  custom:scripting/monoscript/fileName/SpriteShapeEditor.cs: 483561532593a5ae7ff6f8f00ce319ce -> ea72cd3f4e07a37f8468847b9ff7fa11
  custom:scripting/monoscript/fileName/MetadataObject.cs: 30142b3598a85090ee8141099438b9f6 -> 
  custom:scripting/monoscript/fileName/UnifiedVariableUnitOption.cs: 3638c0207b92598ca161ff63ce77046f -> f0826b5d7248c9832d67310d00f8c836
  custom:scripting/monoscript/fileName/ApproximatelyEqual.cs: e7fc889c7b8c74e578dbf296cf160fb7 -> ba4b352f2bd12ad96d0564f86d97dedf
  custom:scripting/monoscript/fileName/CounterDto.cs: 894e83ce86edb97dd8ecc433058a5392 -> 
  custom:scripting/monoscript/fileName/DatasetId.cs: ab0fddff5617b0d82c85ae40b420baf7 -> 
  custom:scripting/monoscript/fileName/VisibilityToolColumnHeader.cs: d07cc58959f894cb1972a906846f2f66 -> c62a589c7fccbec45bff1d0110045205
  custom:scripting/monoscript/fileName/ActionSchedulerCleaner.cs: 1750f9737ba65c8b5f441e824f90784f -> 
  custom:scripting/monoscript/fileName/MultiAssetDetailsPage.cs: bb33c37aaf4e67a6281cacadf342084a -> 
  custom:scripting/monoscript/fileName/StaticFunctionInvoker_3.cs: 8f6297df34271fdb1ce2d9607ec6261d -> 90647cc400823b41df847a6cbfc29026
  custom:scripting/monoscript/fileName/ContextMenuBuilder.cs: ef392a2c99f367753cb1f271c5233d1a -> 
  custom:scripting/monoscript/fileName/CustomEventArgs.cs: 0a8e665490e859e6511e520ad5a00bfd -> 8349be538a17d0a25c18e1db50bb9fa6
  custom:scripting/monoscript/fileName/BoneVisibilityToolInterface.cs: 708b93b9cbcc0cf04457605f4bc0dacc -> 970a56d3df96bf7ffa7bca232f2abd57
  custom:scripting/monoscript/fileName/InsertListItem.cs: 588ec241eebfe0fd8172ed8fa0493632 -> c69e787b26d536e980c8ba266ca7911d
  custom:scripting/monoscript/fileName/SpriteVisibilityTool.cs: c6d67a79c90ceb03046f3151239555df -> 155babe8b79693e7881d9ff2d7d79388
  custom:scripting/monoscript/fileName/ProjectConfiguration.cs: b6a00bb7bd3df2a451321f73e7cb7141 -> 
  custom:scripting/monoscript/fileName/AssetOperationManager.cs: 1e5f9cab0fe428be93255c075f5f3b82 -> 
  custom:scripting/monoscript/fileName/SkeletonController.cs: 1e1dcf69971843448a0cc2cd99e68891 -> ca31d33d6d6e1ca91fd03fe374c28a06
  custom:scripting/monoscript/fileName/TypeOptionsSettings.cs: ddef14ace63d49ef6f9e14d9acbb866c -> fc7c1c61a51ee82f9710cde585bb3cfc
  custom:scripting/monoscript/fileName/WindowClose.cs: 702ede7b157f3be6d8632f784df69820 -> 92169ce4f05cd9b445946e557427a35c
  custom:scripting/monoscript/fileName/ControlOutputDefinition.cs: f6af6526dde553bb4c4f1788fff72343 -> ddc4e5f77b6673526086a8e175fc8b6e
  custom:scripting/monoscript/fileName/IGraphEventHandler.cs: 8f6297df34271fdb1ce2d9607ec6261d -> 90647cc400823b41df847a6cbfc29026
  custom:scripting/monoscript/fileName/MachineDescriptor.cs: 8f6297df34271fdb1ce2d9607ec6261d -> 90647cc400823b41df847a6cbfc29026
  custom:scripting/monoscript/fileName/IProjectData.cs: 2b027c0fbada19cb448f0a56b0316fb4 -> 
  custom:scripting/monoscript/fileName/FieldDefinitionDescriptor.cs: c969c43b37e339dacb6a5762537bc35d -> 
  custom:scripting/monoscript/fileName/AssetDataSource.Collection.cs: ebc0fad151fb9bb8e368592886229376 -> 
  custom:scripting/monoscript/fileName/Greater.cs: b31da9c4bbb5f1cc1cdecd155b996186 -> 67a38ef1348a2b6c558b98ee5c7446b9
  custom:scripting/monoscript/fileName/AuthenticationSettingsProvider.cs: 05b37aad70370d94336d7fc60906bf31 -> 
  custom:scripting/monoscript/fileName/IKEditorManager.cs: 5b1aec418ce853ffbdfa8ed80d928f4e -> d435c6bd94c4e6aa94fdb00586100af7
  custom:scripting/monoscript/fileName/PkceConfigurationProvider.cs: 2367bd9ba1ad9c9d378ad5be2c662983 -> 
  custom:scripting/monoscript/fileName/UnitOptionTree.cs: 0dc9769a84990623371178a09ea21da0 -> aae3195462ff4a159f7adaff547ec47f
  custom:scripting/monoscript/fileName/SetVariableOption.cs: bfa1c8ae4ad586ba6efb8a6f99a510db -> d1e3fdea6ce394e6fd83effa11102f5b
  custom:scripting/monoscript/fileName/UnitConnection.cs: 8f6297df34271fdb1ce2d9607ec6261d -> 90647cc400823b41df847a6cbfc29026
  custom:scripting/monoscript/fileName/ILabelCreation.cs: 507a5a00c19557110e555b8631db42a2 -> 
  custom:scripting/monoscript/fileName/ICache.cs: b7e7e60b1aff49487213315bdd7dc2c0 -> 
  custom:scripting/monoscript/fileName/TaskExtensions.cs: 799e3570ea92eecc2884ee63a75000d9 -> 
  custom:scripting/monoscript/fileName/UnityOnSelectMessageListener.cs: 60873b7776f9d6b86e823d4a38c56f57 -> 5418f1957c9f17f9a72463b21aadb67c
  custom:scripting/monoscript/fileName/NullableSearchCriteria.cs: 90647cc400823b41df847a6cbfc29026 -> 
  custom:scripting/monoscript/fileName/FileMetadataDataSource.cs: ca86ccc0b9219436595a7e40e452cb79 -> 
  custom:scripting/monoscript/fileName/ScalarMoveTowards.cs: a03e52af4624c84cb0c7bf37a6e99d27 -> 177d2dfa587c432bb6d1694fe8fe6731
  custom:scripting/monoscript/fileName/SpriteLibrarySourceAssetImporter.cs: b91445d6fbae961da1fea6d22379af35 -> e19ac5ab76f742761c8e99167dd901b1
  custom:scripting/monoscript/fileName/NumericRangePredicate.cs: c6392326f9225e6e6a00412772a6bc1d -> 
  custom:scripting/monoscript/fileName/Icons.cs: 0b07177caea0a7d911c06bc399838f0a -> abf089f96620a0dfa1fac77a06c6c48e
  custom:scripting/monoscript/fileName/MessageManager.cs: 770a3187ac9c2fd80267bc812fd0b52e -> 
  custom:scripting/monoscript/fileName/Sync.Gen.cs: ac834b133bcd24c6292144f8ec2fc479 -> 
  custom:scripting/monoscript/fileName/DoubleInspector.cs: 28d0090713d71f0ecc4f668c86cee37f -> 258844d23f152a78352282131edcadc6
  custom:scripting/monoscript/fileName/WeightPainterToolWrapper.cs: ba240e089f0df0cc74256157b56d57eb -> 306757894f4ec5f31aab395ffb18c469
  custom:scripting/monoscript/fileName/Changelog_1_4_1.cs: 9ed3132c07b8b1bbdb31256e924f37e5 -> 51aaf3297dd6030337abf79b7dded9c0
  custom:scripting/monoscript/fileName/CharInspector.cs: 5b4d689945dfe08d9d7ea6cfda11ac11 -> 5b7f5491ecf70cdb83c41c2b9f5557cc
  custom:scripting/monoscript/fileName/EnvironmentConfigProvider.cs: cadac2235852654a9596b0eac1628eac -> 
  custom:scripting/monoscript/fileName/Changelog_1_4_9.cs: b240de1a38a44deca89ae27ef8f84962 -> 26bf986e47f94de6c64cc022b7014d1c
  custom:scripting/monoscript/fileName/ISelection.cs: 716086397f6fce3cf59561531ac052e5 -> 8f6297df34271fdb1ce2d9607ec6261d
  custom:scripting/monoscript/fileName/NesterUnitEditor.cs: 5b42dd466f857787e31822f7d175e983 -> 66d4ef3e821a7aa663036ae77357b664
  custom:scripting/monoscript/fileName/ImportOperation.cs: b23152939416001f3914c28baa690e81 -> 
  custom:scripting/monoscript/fileName/UnityOnCollisionEnter2DMessageListener.cs: 0b559963f89222e5a50c5774ebb2ae54 -> 5ed51ed46fb8f988976399b9cc2bed11
  custom:scripting/monoscript/fileName/AssetsGridView.cs: 90527b600260511408207566ef2de2a3 -> 
  custom:scripting/monoscript/fileName/GetAssetCollectionsRequest.cs: ddd3da0bf7f6847f8fb6b70a303eef18 -> 
  custom:scripting/monoscript/fileName/ValueInputWidget.cs: 295077f4718d35ad6f7c2699ac262070 -> d1b5db5d9aceb446af2dc0660b766105
  custom:scripting/monoscript/fileName/TokenExchangeResponse.cs: 125c914b11f28208c041a27437fdb238 -> f20183d4cf939766d3c1e15cc3bec2e3
  custom:scripting/monoscript/fileName/ISceneVariableUnit.cs: 4179a0a5a20ee95a92c75f392946687c -> ec79eb884b2a357f1f25549909da94bc
  custom:scripting/monoscript/fileName/IProjectBaseData.cs: ef6a56925c0d31a36bb81a5eeeee81a9 -> 
  custom:scripting/monoscript/fileName/UnitOptionUtility.cs: 3f049be8bcf201e3e1ea813cddfd820c -> 0ef7b179511e66dc88c17c65e82be5f9
  custom:scripting/monoscript/fileName/NavMeshSurfaceEditor.cs: facd6a0c9776c7d71689d1aab9819f46 -> adb1294e971eab992abc2e3e7e051565
  custom:scripting/monoscript/fileName/Vector3Angle.cs: a81822234a142bdb4aae18bfb3033179 -> a6bcbd79b8113a39ec8c61f122c8618c
  custom:scripting/monoscript/fileName/BoneGizmoToggle.cs: 6080587e8c4b9456dee97160c62d35fc -> bf6dbaced73e2540a06738119da66615
  custom:scripting/monoscript/fileName/IAssetIdentifier.cs: 4a4277a716f9f9baeaee54c2cbf4c73a -> 
  custom:scripting/monoscript/fileName/ReorderableListGUI.cs: e65c7f5baca6baf1166a511106636d42 -> e96e2cd8401e9f66ad40e370951e9241
  custom:scripting/monoscript/fileName/PlayerAuthentication.cs: b3374c45ab3df91e9704f7e8562a5c82 -> 
  custom:scripting/monoscript/fileName/ClearList.cs: 6b90a5fd99117386c50493e40513fa44 -> f5d8787c6ebc9e9657b370e0c61b95b8
  custom:scripting/monoscript/fileName/TrackedAssetIdentifier.cs: d32f2f7d8a245b6b8feba921f148ddf4 -> 
  custom:scripting/monoscript/fileName/NewtonsoftSerializer.cs: 455e87e74f7c4ce7bdb201550b0ccccf -> 
  custom:scripting/monoscript/fileName/IAssetSearchFilter.cs: 78c1e074979f3bb3d1aefdbaecfe2121 -> 
  custom:scripting/monoscript/fileName/WebWindow.cs: d3f095cb670728cbe9ae5d4e7b8b1cb8 -> 52d4efdf4feb114aa8636993fb0d2a30
  custom:scripting/monoscript/fileName/UnityRuntimeUrlProcessor.cs: b54379368818a851ab52da65610b6408 -> 
  custom:scripting/monoscript/fileName/OrganizationSelectedEvent.cs: 34c2cb0338dd675eedd625f68f62249b -> 
  custom:scripting/monoscript/fileName/ScalarDivide.cs: 8faa7f7148b967ad697a21f7a0a79bfc -> f19f8395c8a63a9662310d068cc0a8ce
  custom:scripting/monoscript/fileName/AbstractOpenAPISchema.cs: 4c96fa5e2670746d6ef16c9d02321248 -> 
  custom:scripting/monoscript/fileName/NesterStateAnalyser.cs: 8f6297df34271fdb1ce2d9607ec6261d -> 90647cc400823b41df847a6cbfc29026
  custom:scripting/monoscript/fileName/UnityClipboard.cs: e716dd847d39f2031d99608cd43dd97b -> 
  custom:scripting/monoscript/fileName/ReachableStatusesDto.cs: 877e85d6ee19b78e7284acd16527a2a5 -> 
  custom:scripting/monoscript/fileName/StateGraphContext.cs: d88ca0fa28b91420109f8e9702ba3694 -> bbc4d337249a519774f14bd75a4c2221
  custom:scripting/monoscript/fileName/UnitOptionRow.cs: 7c8ef65bad9c62fed2d37031f6c56fab -> c43d4c22dd98b3dfc4391b15fb0805ae
  custom:scripting/monoscript/fileName/Vector4Average.cs: 35fb871a6bcc271b2c7627d0bb06957e -> abda3fc57cf9d8ccac60d932a9f2fbce
  custom:scripting/monoscript/fileName/ITransformSelection.cs: 8f6297df34271fdb1ce2d9607ec6261d -> 90647cc400823b41df847a6cbfc29026
  custom:scripting/monoscript/fileName/While.cs: 8c6c8e3ef1ae149f8f7e809389067d1e -> 17e5d54ed462062e5d5760c0e9bc5676
  custom:scripting/monoscript/fileName/AccessTokenErrorUiHelper.cs: 398831acfad9119e6105671c7f2d98b3 -> 
  custom:scripting/monoscript/fileName/ITransformationData.cs: de1bb52402021671c3bb13771b708bda -> 
  custom:scripting/monoscript/fileName/PaginationData.cs: eedb790f642c9393257ea392b87a69fc -> 
  custom:scripting/monoscript/fileName/NavMeshModifierVolume.cs: 6bd7a278588de5bdfc0e671df1a878df -> 8dc531216c72b86c60b86e16ff3da10b
  custom:scripting/monoscript/fileName/GreaterOrEqual.cs: e68ae41a42a3c5f8ea71e61841c4f3e2 -> e9859c1ebb91bae31c78057ba264db4a
  custom:scripting/monoscript/fileName/IAnimationPreviewable.cs: dde40f9433e41b7638241bad33a97284 -> a11f57a904cdd8a077d8809d9322ef9d
  custom:scripting/monoscript/fileName/ServiceUrlBuilder.cs: 75f301a24c4e4d38116d1a1c11631963 -> 
  custom:scripting/monoscript/fileName/GraphNestEditor.cs: 34a3cade155fa3c1cbfdcf5d7c6b7912 -> c9c8b25a79b936c5c27138d647a7505f
  custom:scripting/monoscript/fileName/IDecoratorAttribute.cs: e4c594b363fc25193c83768467a8cfd2 -> 79d5c4e3f5d47e66d701ee948b4a92c8
  custom:scripting/monoscript/fileName/NavMeshUpdaterUtility.cs: 8ab501a5bf03f031c19b40f7668c1641 -> 5eb03802e6dba19b3e13aaf384805cac
  custom:scripting/monoscript/fileName/AssetCacheConfiguration.cs: 58787c4a441f0a35f6db08f42fbb1843 -> 
  custom:scripting/monoscript/fileName/IReadOnlyMetadataContainer.cs: a3a4836476578d9bed3b5e92c3bbaa68 -> 
  custom:scripting/monoscript/fileName/UnityUserInfoJson.cs: 1f933d69c8b79716074aa8a478510905 -> 
  custom:scripting/monoscript/fileName/LockedPackageRegistry.cs: 99e3472ea654b46f01a9dea3a90719dd -> 
  custom:scripting/monoscript/fileName/Codebase.cs: 42e07d59aa3c826c1d470bf30214aebd -> 3d3bba1bce4097c83025ef501ce8aaad
  custom:scripting/monoscript/fileName/HttpResponse.cs: fe56c84be580f48ba5f6047136e2cf67 -> 
  custom:scripting/monoscript/fileName/CloudProjectSettingsUnityEditorAccessTokenProvider.cs: a99414fbf9e6349c12ef0ef81e27fd7a -> 
  custom:scripting/monoscript/fileName/ServiceHost.cs: 6f5fe4145c4e775cd34a6fe8fc4acaac -> 
  custom:scripting/monoscript/fileName/ProjectDescriptorDto.cs: 2701958f5e69654db1aa46a450511cff -> 
  custom:scripting/monoscript/fileName/SceneVariables.cs: b61a6e7b8e92c0af11b14e78c4cdf6f0 -> adbe82d8c1fe846cc0fd392070f0d591
  custom:scripting/monoscript/fileName/ProjectConfigurationBuildInjectorWithPlayerProcessor.cs: bfe4c2bc0cd0ee036e60e1bfa30dda8a -> 
  custom:scripting/monoscript/fileName/StringPredicate.cs: 4901b00529544069c27eeec06bacd9eb -> 
  custom:scripting/monoscript/fileName/WindowEvents.cs: c84103ae4b678b959b1f7554fb4f5065 -> dbcb7f1f66aa7c01d625c0fe2361f993
  custom:scripting/monoscript/fileName/InstancePropertyAccessor.cs: 8f6297df34271fdb1ce2d9607ec6261d -> 90647cc400823b41df847a6cbfc29026
  custom:scripting/monoscript/fileName/UnitInspector.cs: 103a463e399c83ed030e8b28d9af45f1 -> b82f407c05e6212f7f39a92f76d3bf89
  custom:scripting/monoscript/fileName/BoltProduct.cs: cdb5fa3b566e22a161b1d1703eaeadcc -> d325025fa7e043df2ad2a968f180520a
  custom:scripting/monoscript/fileName/IServiceUrlBuilder.cs: 13be638527219a0b32af6fd5c7433f19 -> 
  custom:scripting/monoscript/fileName/CreatedDatasetDto.cs: c99a70321dab4af4706fac83d900fffa -> 
  custom:scripting/monoscript/fileName/GraphElement.cs: 8f6297df34271fdb1ce2d9607ec6261d -> 90647cc400823b41df847a6cbfc29026
  custom:scripting/monoscript/fileName/StatusTransition.cs: 9a418aee5345311db78341c9a3966058 -> 
  custom:scripting/monoscript/fileName/SerializationOperation.cs: 6a9a82efcce176f1d45072f953415659 -> 4f7b0347911ef5b1800d2873c2d1915f
  custom:scripting/monoscript/fileName/LooseAssemblyName.cs: e2648d7f297314b7f7c7e1fcc9801d79 -> 6f1ccfdabc2c2e480e14d5bce34b7bb1
  custom:scripting/monoscript/fileName/Solver2DMenuAttribute.cs: 634761f67cfa7023e6789ea83c9d13e3 -> 91218ff23ff0a6547b47e643f5ec48f1
  custom:scripting/monoscript/fileName/ChannelUrlRedirectionInterceptor.cs: 5ce94f8ed744c19f50c9dd3d9d7bd778 -> 
  custom:scripting/monoscript/fileName/ProjectSettingsProviderView.cs: 91bb061d0adf637154d408e2a8a5ed45 -> 2f92d4ed06d9417a0cb6e74fc1254d08
  custom:scripting/monoscript/fileName/IEnvironmentAnalytics.cs: c2ab3518cf2897a2ac4cf87258f13731 -> 
  custom:scripting/monoscript/fileName/ChipListField.cs: c85b72f02ff1aefca942795785ec2f99 -> 
  custom:scripting/monoscript/fileName/UnityOnMouseEnterMessageListener.cs: c6a5f7dc2b792142c49fecf370119cf7 -> b50fea7bc2810ab3b218a10a2efde427
  custom:scripting/monoscript/fileName/ImportedAssetsTracker.cs: 47334cff164b49f0d73dd93b9cddf6fd -> 
  custom:scripting/monoscript/fileName/EditorTypeUtility.cs: f01cc6db8ffd338026877c190463df70 -> f17bdba33bb70eafa81abe9a95570e00
  custom:scripting/monoscript/fileName/PlatformSupportFactory.cs: df587e0e4a0d534a3b35df53217163a2 -> 
  custom:scripting/monoscript/fileName/VisibilityToolBase.cs: b52757425c69f6faed06b4802f6323c4 -> 5627c44d018820327284d6f5ea1b9a77
  custom:scripting/monoscript/fileName/VideoTranscodingTransformation.cs: 7b3588410aa5f613b5a4b8beca48ea8e -> 
  custom:scripting/monoscript/fileName/LudiqBehaviourEditor.cs: 009e76936a3266c1a51c186bff58ab61 -> fa26cbed97df4f7353b21ca53311f8a8
  custom:scripting/monoscript/fileName/UTess.cs: 409a6c158804590196d73d88c6ca3c75 -> 51da8e15ab7d786ba3646ac01bf263e5
  custom:scripting/monoscript/fileName/VisualScriptingCanvas.cs: 8f6297df34271fdb1ce2d9607ec6261d -> 90647cc400823b41df847a6cbfc29026
  custom:scripting/monoscript/fileName/NavigationPreferences.cs: 0363b64d3a7a7e0cf24ac21ff2a55693 -> ada9399a4f085d4c824cc06527e7fcae
  custom:scripting/monoscript/fileName/Changelog_1_4_6.cs: f6d2f98c02cae707e0ef7f17e473783d -> f1a2de9359d9e4ada8d8703cba9d34c5
  custom:scripting/monoscript/fileName/Vector4MoveTowards.cs: 063e8b7cedce9b34af39fb2a4c485817 -> 0f950d95b40fc9409d8c3b5e5e498723
  custom:scripting/monoscript/fileName/IGraphDebugData.cs: 0291bbdb5d683bb734665586afce80e3 -> ecf324917b72bf110a60595b754db019
  custom:scripting/monoscript/fileName/ListOption.cs: 0918387c5e8e1bc27898751c94d60bc2 -> e774c50dfced06a16c3e5ab5b9db20b8
  custom:scripting/monoscript/fileName/TransformationCacheConfiguration.cs: 3e304151388b2f6b0da18f4fb96b7d99 -> 
  custom:scripting/monoscript/fileName/ServiceHostResolver.cs: e6108104d88f130615e1210b5abf226e -> 
  custom:scripting/monoscript/fileName/IndexedSelection.cs: b5df59f2a36f527f7974e96430103ca5 -> c29448e037592c0c15567d83c28e53a9
  custom:scripting/monoscript/fileName/FrameDelayedCallback.cs: c7fbd2f860575131d0550245a633bf6a -> 07b56ad212f3572a29a8dc33203466f7
  custom:scripting/monoscript/fileName/WaitWhileUnit.cs: 4ebad96572b3faf6388bc3f062f0f2c7 -> 46b01c12b24235e5523dffc8d7005f40
  custom:scripting/monoscript/fileName/SearchRequestFilter.cs: 21943e273aacc65c7f1635f2a30636a2 -> 
  custom:scripting/monoscript/fileName/UnityOnBeginDragMessageListener.cs: a51f8cb2b13ea970d720aac90f71a075 -> 76903cd6008437cd1035331cd7fa9e09
  custom:scripting/monoscript/fileName/MinimumBinaryHeap.cs: 58e2f67451a6dd12649c5819616167df -> 
  custom:scripting/monoscript/fileName/IAuthoringData.cs: 9fe2d3b49ce5ff76d289a95a5eae3a5b -> 
  custom:scripting/monoscript/fileName/VSMigrationUtility.cs: 941d50e4f235c6626dd329b7a6c6c099 -> 1bf12dfb34b6c193c75d46471a91463e
  custom:scripting/monoscript/fileName/GraphSelection.cs: d7fd921b97a13d8a5ed8f051fd42883e -> 74ebe38b16ab828b613c4feefaf04677
  custom:scripting/monoscript/fileName/CopyTool.cs: ca795005c4f891002e4e55df69581c84 -> 27520b0c3da84f7bb691323846bcbd77
  custom:scripting/monoscript/fileName/GraphInputInspector.cs: 4e42ec6918908e1db3861e60ed51aeff -> 30bb0bda4d9528cbda1fcfb89ec63b07
  custom:scripting/monoscript/fileName/License.MSPL.cs: 13c5847110981de5580fe8f2a140b448 -> a5ab905f5c78b8e49ba4ca27bafd9498
  custom:scripting/monoscript/fileName/ModelBinding.Gen.cs: 90647cc400823b41df847a6cbfc29026 -> 
  custom:scripting/monoscript/fileName/LudiqEditorUtility.cs: 96d0d536f18b8c49656b6d5f87992d18 -> ec662421d6f34130aecf189cb2d15572
  custom:scripting/monoscript/fileName/ScalarMinimum.cs: 1a56eb7a93196c4470407e869c1f3a82 -> f53a1c8442e3c2df7239a50e55281603
  custom:scripting/monoscript/fileName/LocalAssetContextMenu.cs: 214f1c6559b9d3c657be3403559a3912 -> 
  custom:scripting/monoscript/fileName/DependencyNotFoundException.Gen.cs: b85b8fa51199029c7dffa67f92fbcb8c -> 
  custom:scripting/monoscript/fileName/SpriteLibCombineCache.cs: 8069fdd0eb3ba7bb1ddc2ff9f4dfa34b -> 6bda9b835d479f609b42c7cc735b54e8
  custom:scripting/monoscript/fileName/BoltCoreMigration.cs: c173d24597b8fb753615db5e8f4a4978 -> f505c1058e44e21615012d0186e883f8
  custom:scripting/monoscript/fileName/PortLabelHiddenAttribute.cs: c82eaebbbc713c79e27672f4edf84041 -> ae55e09f85ed0b3cab9b3269610979ac
  custom:scripting/monoscript/fileName/SpriteLibraryEditorWindow.cs: fcf8510cf2b88c770cc33dc9bdb47198 -> 299acb092cf22a363b64960811b3d05e
  custom:scripting/monoscript/fileName/ReimportFoldout.cs: 52387ad08fcdd16a6ab2594a5625b462 -> 
  custom:scripting/monoscript/fileName/LayoutData.cs: eb648157e2e9b4c72fa22bb91408dfe2 -> fdb2acd96d1c94365b90db1beafbffab
  custom:scripting/monoscript/fileName/TransformationData.cs: 6cff26846d95158820ae75a3a71a0240 -> 
  custom:scripting/monoscript/fileName/SpriteShapeAnalytics.cs: 51297ab35d495887c6221d34a5b435ee -> d9016fc5476c11c74e9fdcbb9eba1cb0
  custom:scripting/monoscript/fileName/IInitializablePackageV2.cs: aa06fccc5712784ca17e5e7b41810911 -> 
  custom:scripting/monoscript/fileName/InspectorDelayedAttribute.cs: 3d10cc29711476ee5a0b1f8fd90c006e -> 71b6fc1964e7ff2d90e118315641a0c2
  custom:scripting/monoscript/fileName/AuthenticationNetworkClient.cs: 03de7749d9d501955d18d6a6716d33e0 -> 
  custom:scripting/monoscript/fileName/CacheLocationValidationResult.cs: 8c5a366ca9fe628744214873bb4fad85 -> 
  custom:scripting/monoscript/fileName/Empty.cs: 8f6297df34271fdb1ce2d9607ec6261d -> 90647cc400823b41df847a6cbfc29026
  custom:scripting/monoscript/fileName/UnityOnDropdownValueChangedMessageListener.cs: 656336ac8c6a4ad52ef2ebffc2d7a2a0 -> 6f478968d5c5d78fe901b43d6946571c
  custom:scripting/monoscript/fileName/TypeSerializer.cs: d270503b490e6ccd5f33d59baf85f885 -> 980cfd0f384903af93caf40ffebc41ea
  custom:scripting/monoscript/fileName/PluginUtility.cs: 05c0ce8cb160bb6de6304e7b2f919269 -> b8acd29a8d734e1ff1a0ce88012a2e01
  custom:scripting/monoscript/fileName/UploadContextMenu.cs: c6d29b17be01c8502d63619cdd04aa1f -> 
  custom:scripting/monoscript/fileName/AssetDependency.cs: 19cb4799ae6181b04b43f01bdec10437 -> 
  custom:scripting/monoscript/fileName/CommandAction.cs: c9c9c06dd8fbd3e849be3007b7950665 -> 530dc47cd5fa844cd7c963801dcb2b07
  custom:scripting/monoscript/fileName/PkceConfigurationProviderFactory.cs: 4d6dd50d32a16abf8466db3cc925e691 -> 
  custom:scripting/monoscript/fileName/EditorProvider.cs: 16ce12186430e965e0c081296180dafd -> 082862f168558eb996d0ce391925885e
  custom:scripting/monoscript/fileName/NameUtility.cs: ece63606279ed13679c17c3803c64988 -> 3ffc2ec3515809d162f00c5db0d6ad03
  custom:scripting/monoscript/fileName/VariableKindAttribute.cs: a0ae4f6de78f1572ed94379e456ac5cf -> de0bf1593960a7508ea96dcf9112ddef
  custom:scripting/monoscript/fileName/StateTransition.cs: 6d340e6be37bb6e01600101e70f92af0 -> cb41d93a4ff8a2ba53cd15f63eff5b89
  custom:scripting/monoscript/fileName/SerializationVisitor.cs: d8ac445a1a39796bc5920f93f469ac66 -> aaacf1afb564406c713b60b6a6e52be0
  custom:scripting/monoscript/fileName/SpriteSkinComposite.cs: fd6e5fbd55596cd3fb173fed55906ea7 -> 65c77a467c12dddcc9d7172aecbf0d0c
  custom:scripting/monoscript/fileName/UnifiedVariableUnitDescriptor.cs: 8f6297df34271fdb1ce2d9607ec6261d -> 90647cc400823b41df847a6cbfc29026
  custom:scripting/monoscript/fileName/FlowGraphDescriptor.cs: a0dcc1ace2e9864477f5cf27a9d40e1d -> 5d191965547d9314d5b3696d5a6590a7
  custom:scripting/monoscript/fileName/BoltFlowConfiguration.cs: 683ebb12c5ab6f5d3faec847bcc55c0c -> d433eb31c6f32acda40e0e9f2bd0a06e
  custom:scripting/monoscript/fileName/AdminApiHeaders.Gen.cs: 90647cc400823b41df847a6cbfc29026 -> 
  custom:scripting/monoscript/fileName/InvalidImplementationException.cs: ff46002b6c4e78296cc1fa83a05c13ce -> 7bd8e81d52cb759df6a5a6ed8ad88d3e
  custom:scripting/monoscript/fileName/PriorityHeap.cs: b433bdf4e6b545c2a67135254b26d6a7 -> 564cfa0fe686526a17a840e93cad3423
  custom:scripting/monoscript/fileName/CreateAssetVersionRequest.cs: 04e14616ae663394b26fbb65607d7bca -> 
  custom:scripting/monoscript/fileName/LoggerExtensions.cs: a100b73c225acca164936cbe1774155e -> 
  custom:scripting/monoscript/fileName/UnityThreadUtilsInternal.cs: db907031b91c05c00109dd0308888529 -> 
  custom:scripting/monoscript/fileName/DescriptorProvider.cs: d22bd5e7aed57405c15aada9ed032480 -> c535a5a98aa79d5935f51c41af0d5ee9
  custom:scripting/monoscript/fileName/ExpectedTypeAttribute.cs: 19cb34416c0f9f7f8e07ae2d7b8fe2d5 -> 6bc14fd15d2a6a4a9a6c84343d66e7f1
  custom:scripting/monoscript/fileName/OptimizedReflection.cs: 17618efebada523eb04a0f067352d9bb -> c00bd739c1d3d3f2e1cb3e9fc23186b7
  custom:scripting/monoscript/fileName/SingleDecoratorProvider.cs: 8f6297df34271fdb1ce2d9607ec6261d -> 90647cc400823b41df847a6cbfc29026
  custom:scripting/monoscript/fileName/NavMeshUpdaterEditor.cs: 50121c23ec79e7ac6c70dd99f719297f -> 169704080eda430978bba61ddedeb304
  custom:scripting/monoscript/fileName/INodeWidget.cs: cad007969863fe34c965d0df4df76c66 -> eff956c762e8c333a3418507110015ae
  custom:scripting/monoscript/fileName/HttpClient.cs: 6f589aa53e23fc30613c9de6ca38fe21 -> 
  custom:scripting/monoscript/fileName/IBrowserUtils.cs: 853495efd7e1b5a70805e51aec3e9226 -> 
  custom:scripting/monoscript/fileName/GetFileUrlRequest.cs: a6d7092b624bbf8b0c28570d7f8ecf0d -> 
  custom:scripting/monoscript/fileName/AuthenticationEditorServiceInternal.cs: aaa3f524b48c1551d4758f999dcca411 -> 
  custom:scripting/monoscript/fileName/UnitPortDescriptor.cs: 0f781803240ca63af0f199c9148403be -> a12042f624674379131d7c6a6debdfd0
  custom:scripting/monoscript/fileName/IClipboard.cs: 353ef871367410e91d31bba7cdf1c588 -> 
  custom:scripting/monoscript/fileName/LabelSearchFilter.cs: e4e980494582e02b53f483a1beeb1add -> 
  custom:scripting/monoscript/fileName/IsVariableDefinedOption.cs: 343bf7815b8fd84c7f6c098ffd068268 -> 74775238a0c6630e4c1be1b72362804f
  custom:scripting/monoscript/fileName/UnitDescription.cs: 28a9c560b62b538eec55627020533d54 -> cee0f896e295864b945a50fd065afc0d
  custom:scripting/monoscript/fileName/IOrganizationJsonProvider.cs: 08f8224741ee5e97d69f39f63a84b7d4 -> 
  custom:scripting/monoscript/fileName/IFileCreation.cs: 04eb266bfd80446f433107e6befd48cd -> 
  custom:scripting/monoscript/fileName/UnitHeaderInspectableAttribute.cs: 5bffdf0ad1107891df41beab798e7147 -> 2678799d02e401691d4068772d932a65
  custom:scripting/monoscript/fileName/VariableDeclaration.cs: ec215b5b11d4fbacd5982dcb58d71c6d -> e4207be86356ce0471fbd0ac4a969435
  custom:scripting/monoscript/fileName/IObjectVariableUnit.cs: a7c82bef58b82c104739cc61ffa3a911 -> 2ee9793345b28278bbb8bdb28429c8ce
  custom:scripting/monoscript/fileName/FileCacheConfiguration.cs: 09e3fd630bc556bf0a1b44a49b185d90 -> 
  custom:scripting/monoscript/fileName/Polygon.cs: bedb4cdf854d471b8afa34b5e99d96b9 -> 21004f3d1554f834098e6deabc63e2e3
  custom:scripting/precompiled-assembly-types:Unity.Cloud.Assets.Embedded: 9ebd48e8eb21b11ba117934798af7a5c -> 
  custom:scripting/monoscript/fileName/WaitForSecondsUnit.cs: 9e60783f89351239efaa0219160b9cec -> 58ae247989286d76b856fb3931148849
  custom:scripting/monoscript/fileName/IFieldDefinitionCreateData.cs: 3a65115bd3c6531d7e4590e79e6d6c40 -> 
  custom:scripting/monoscript/fileName/GenericScriptablePathInspector.cs: 8f6297df34271fdb1ce2d9607ec6261d -> 90647cc400823b41df847a6cbfc29026
  custom:scripting/monoscript/fileName/AssetCollectionUpdate.cs: 21258c1477171a306ad25343a9ea7313 -> 
  custom:scripting/monoscript/fileName/ValuePortDefinition.cs: eee592ecfaa2632982c6333095fca461 -> debe555132fb2f254f626610e482ee49
  custom:scripting/monoscript/fileName/UnityPatchProjectV1Request.cs: c6a39576d362d5719b8c0057b54f465b -> 
  custom:scripting/monoscript/fileName/ApiSourceVersion.cs: 07e4fd30461a6028e93bf846a62f1d9c -> 
  custom:scripting/monoscript/fileName/IAssetDataSource.Status.cs: f0c055dbd074357048b04069d34f7f97 -> 
  custom:scripting/monoscript/fileName/License.Iconmonstr.cs: 0732e2e3b5bc7f5a4b3f4dc130f0707c -> 6b02518cde3a48a35d934613669f1da3
  custom:scripting/monoscript/fileName/EnsureThat.Comparables.cs: bd7acbee6d9d5a238167e20a62147c52 -> d013aa59ca1af7ae620960a166e69902
  custom:scripting/monoscript/fileName/GenericSum.cs: 62711bfe9e87a65480a67419bf9e57b0 -> da9d440ae6d9b8d0670a01add31278f4
  custom:scripting/monoscript/fileName/ScalarExponentiate.cs: 8a24b17b469fd78266feb582cee98379 -> 613bcdc7fab5f88910621b1824956dd1
  custom:scripting/monoscript/fileName/UriHelper.cs: 5693437e96f9b2541b50594b4077e2f1 -> 
  custom:scripting/monoscript/fileName/ServicesCreationException.cs: 40142800771fcc1f5855193d741c129e -> 
  custom:scripting/monoscript/fileName/GraphOutputAnalyser.cs: e93fa2a028730b44690b928bcbb8170e -> 6539bd149f9877e6097dc9a746f4567f
  custom:scripting/monoscript/fileName/OnEnterState.cs: 2a9deca12458462c44137e09c1d8f577 -> 0e9474387edc80849007f721fac2cd42
  custom:scripting/monoscript/fileName/SpriteSkin.cs: 12421797ddf1f3ae4d1be524b1f8ac93 -> 6453a74557edd127f64fcf0a46dc90a8
  custom:scripting/monoscript/fileName/IEnvironmentFetcher.cs: 4324c744baa655843f8a2db18e322b79 -> 
  custom:scripting/monoscript/fileName/IUnitDescriptor.cs: 5ffb917e00d8529f822e8651d6812c16 -> 88cc1517dbbfb4adf1cacce20c0728c5
  custom:scripting/monoscript/fileName/FuzzyOption.cs: 8f6297df34271fdb1ce2d9607ec6261d -> 90647cc400823b41df847a6cbfc29026
  custom:scripting/monoscript/fileName/Once.cs: 7e7f0815e396b7791242c5ff743ce1d1 -> e341ecea1af86a886f5d8cadd4c4dc64
  custom:scripting/monoscript/fileName/FlowStateTransitionEditor.cs: 8cc7ab5d7dd56691ee02b7d6c1863603 -> 2a8972034993784cc35edc652d17135e
  custom:scripting/monoscript/fileName/VisibilityToolResizer.cs: 36259e2d43db654346e802e65c3ef33b -> efae9472a98397e3f5d2759e91e80e93
  custom:scripting/monoscript/fileName/EditorUnityObjectUtility.cs: 2715077b27dd604e2f21c10e549761b6 -> 428c5e79a9ccfb89632f3033054d01fa
  custom:scripting/monoscript/fileName/StateTransitionWidget.cs: a53f96815da50de15010b1c479bc70cf -> 0cdf409b5aa8d4c25876d72b5c6a3b60
  custom:scripting/monoscript/fileName/SetSavedVariable.cs: f96ea0c93902e178060add45e6c56006 -> 1cc143693692721155ad60abac1ae91b
  custom:scripting/monoscript/fileName/ITokenExchangeUrls.cs: f529e59149e9ccc31fc5b827b34c33db -> 
  custom:scripting/monoscript/fileName/BoltCorePaths.cs: a4f6e9bf803aa8cbe3163ff8d9f9c4c4 -> 272508a063da5fa259afb61335ba7576
  custom:scripting/monoscript/fileName/AssetExceptions.cs: 6967e09e3b54c5e5cbd4a06082b3e12d -> 
  custom:scripting/monoscript/fileName/Macro.cs: 8f6297df34271fdb1ce2d9607ec6261d -> 90647cc400823b41df847a6cbfc29026
  custom:scripting/monoscript/fileName/Triangulator.cs: aa0438989c07335e4f6555858f91fbf7 -> d867a9a7a8385ef82ff357feb70c59d4
  custom:scripting/monoscript/fileName/MetadataSearchCriteria.cs: e9c99479e7e4e31f01cb6554300921fa -> 
  custom:scripting/monoscript/fileName/UserSettings.cs: 0c874768020c3ba201a45303a7c0d69c -> 9e4394bfb310a3a1793e2a2cb6766c46
  custom:scripting/monoscript/fileName/AuthenticationServiceInternal.PlayerNames.cs: f2320ad47adf55f9875741b342dc3b01 -> 
  custom:scripting/monoscript/fileName/MemberUnitAnalyser.cs: e61c9c96a34b5bf090601479f5d92668 -> 6116815191544c206ca7f4940dda8fab
  custom:scripting/monoscript/fileName/StateMachine.cs: 6f15ee954a946cf143e5a7c18cdb10f0 -> 4752e958e06e35ed9c1224cc3c2fc022
  custom:scripting/monoscript/fileName/TimeSeriesBuilder.cs: b3d21d30b0953c49fa32e4a1aae3fdd8 -> 
  custom:scripting/monoscript/fileName/CreateAssetReferenceRequestBody.cs: 90010f7b087c3827b2f38fdf5db6fd61 -> 
  custom:scripting/monoscript/fileName/IServiceDomainResolver.cs: ef5c566a288980ed544c925555b980c2 -> 
  custom:scripting/monoscript/fileName/DictionaryValueAtIndexMetadata.cs: 82053b2d42307ee4aae96cc974f20262 -> 7f089d9f1159a102bf96a688e23efc00
  custom:scripting/monoscript/fileName/ImportStatuses.cs: 9eed745e30aef1cffaa4f21839415e82 -> 
  custom:scripting/monoscript/fileName/DrawOverlayIcon.cs: 1b02c2fe8a850c0e4a039a3f3eb5d632 -> 
  custom:scripting/monoscript/fileName/ChangeAssetStatusRequest.cs: b577cac1540f94a9ff4ad3ef9192fff0 -> 
  custom:scripting/monoscript/fileName/FuzzyOptionNode.cs: 0e2ee63c5c68bab4e3b2b12caf38819c -> 7d6687fbd54f969d29294a066f909980
  custom:scripting/monoscript/fileName/SaveVariables.cs: e16a0ed4a67c6d62d64eacfeb7ddb7db -> aa130424e338ae170ebc48a2e7fff2e0
  custom:scripting/monoscript/fileName/DateTimeMetadata.cs: 408f80bf9f8a9bf33255210e604c3b1c -> 
  custom:scripting/monoscript/fileName/AcrossProjectsSearchAndAggregateRequest.cs: b09fde52b9be8b55c33518e017cbc3c1 -> 
  custom:scripting/monoscript/fileName/PackageVersionUtility.cs: dc56d93848a416800c6ccd14bb6d5854 -> 99289552b3002580ed83d93f823834c0
  custom:scripting/monoscript/fileName/XmlDocumentation.cs: 65f050d2be354d9c9a4fa4153b70472c -> 07785628c5deb915a1d459736ca22d83
  custom:scripting/monoscript/fileName/AssetManagerException.cs: 38362cd731dbbeb2420d4dcfb4e89c46 -> 
  custom:scripting/monoscript/fileName/IGraphElementAnalysis.cs: d301c71009c843f1e9a7962d52d6e1f7 -> 26e391928557236f223ce174544c1fcf
  custom:scripting/monoscript/fileName/AssetDataSource.Metadata.cs: ebc0fad151fb9bb8e368592886229376 -> 
  custom:scripting/precompiled-assembly-types:Unity.Services.Core.Threading: ca5820d3037e7034a063518fa47775e2 -> 
  custom:scripting/monoscript/fileName/GetLabelListRequest.cs: 754d8d3b0c50b7b8fde909bc52538184 -> 
  custom:scripting/monoscript/fileName/ReadOnlyHttpRequest.cs: 8ed1e96527aeaf3049f26baaeff0902d -> 
  custom:scripting/monoscript/fileName/PredictableAttribute.cs: 4618a7627f2766e42701993ac720ef94 -> 1ea496a0cc6d2fa2bd8b8e978e047058
  custom:scripting/monoscript/fileName/Changelog_1_0_0.cs: 4efa3dc6df4ad8319a7b3db4b1c33646 -> 7bb4b070250e5555ef8a37a8b2df948b
  custom:scripting/monoscript/fileName/InstanceFunctionInvoker_4.cs: 8f6297df34271fdb1ce2d9607ec6261d -> 90647cc400823b41df847a6cbfc29026
  custom:scripting/monoscript/fileName/ConnectionCollectionBase.cs: 8f6297df34271fdb1ce2d9607ec6261d -> 90647cc400823b41df847a6cbfc29026
  custom:scripting/monoscript/fileName/SerializedPropertyProvider.cs: 8f6297df34271fdb1ce2d9607ec6261d -> 90647cc400823b41df847a6cbfc29026
  custom:scripting/monoscript/fileName/ImportTrigger.cs: 201356b6b0b784f9c7329aff9278aec8 -> 
  custom:scripting/monoscript/fileName/IdProviderOptions.cs: 2237ecb3f519b0161181bd3bf31fe9ea -> 
  custom:scripting/monoscript/fileName/CrossProduct.cs: 8f6297df34271fdb1ce2d9607ec6261d -> 90647cc400823b41df847a6cbfc29026
  custom:scripting/monoscript/fileName/SavedFilterUtilities.cs: f40d81d0972fe4a5cc973c274d3e884d -> 
  custom:scripting/monoscript/fileName/SkeletonTool.cs: ca9910ebc7cc87ff1728c9fee07ef087 -> 97664cfbe5d00849e390803bf39156f7
  custom:scripting/monoscript/fileName/GUIHelper.cs: 573c2f6abffa5aa399705b309ce20383 -> d29ec1b6faa47dc3c531ea76fa2fa9e6
  custom:scripting/monoscript/fileName/AllowsNullAttribute.cs: fbbe78f9bbe7e14dd8c33eba33cec27b -> aa4919529d6030faabbc8806ddd84dfe
  custom:scripting/monoscript/fileName/UnityOnInputFieldValueChangedMessageListener.cs: 045b48cbc67aad4f297a185abf055b48 -> d6412169170cdaf0986305b6d5a5d229
  custom:scripting/monoscript/fileName/Ray2DInspector.cs: df517009b20cde6d5c859a7083f6780a -> 2526093b106652c6914ed2fd64cdc185
  custom:scripting/monoscript/fileName/Singleton.cs: 8f6297df34271fdb1ce2d9607ec6261d -> 90647cc400823b41df847a6cbfc29026
  custom:scripting/monoscript/fileName/ElementAdderMeta.cs: 8c9cead3b4baa2a12113453397fd8cf1 -> 46e2fabfee9a881c631f8b160e05666d
  custom:scripting/monoscript/fileName/SignInOptions.cs: 3dfcf5fdd65ccf1bb05a3e4c3cb52e74 -> 
  custom:scripting/monoscript/fileName/NavMeshModifierEditor.cs: 64d96048d1ecb52c13f79fe460520c53 -> b8675d28116f43f78881455a7301fe8c
  custom:scripting/monoscript/fileName/FuzzyGroupOption.cs: a3dc1c1620cf5ee8fb621fcfd2ee2f3d -> 219dceb50f7ea51e1e4e84f1dd8de71d
  custom:scripting/monoscript/fileName/IUnitInvalidPort.cs: 93d75d4fcb6f79ab2d4e0d5cf14f8637 -> 0cff8fff5cf647aa6d1da278d00e5fa1
  custom:scripting/monoscript/fileName/UnityOnTriggerExit2DMListener.cs: 2838f5e33b2f940be7ed848fa48299ba -> d93c88671aeea0bde15c781a228c56d3
  custom:container-muxer-webm: aa71ff27fc2769a1b78a27578f13a17b -> 
  custom:scripting/monoscript/fileName/fsConverterRegistrar.cs: b353b86b7a09e2664ebbfdce5fa6f9da -> 921c61751465f27cee1f0cf217cd53f1
  custom:scripting/monoscript/fileName/IDataset.cs: 35604b2491c83b8e1b7a4252bb163e84 -> 
  custom:scripting/monoscript/fileName/AssetDataset.cs: 9c592897e4edd61dfecbbcd6300fd605 -> 
  custom:scripting/monoscript/fileName/OnEndDrag.cs: 4569ccccf121a9d1596b1d90b73decf7 -> 2068c64c4a1f150a45a1d8a0068197e1
  custom:scripting/monoscript/fileName/PkceConfiguration.cs: e7f23a9405c78e3950d8ad1067549161 -> 
  custom:scripting/monoscript/fileName/OnSubmit.cs: ab685b73e3f478f6996358228d1f0921 -> bb1a2fdc869405f926851377f675e2a0
  custom:scripting/monoscript/fileName/CreateStructDescriptor.cs: fc7e8f407904c24bad97be5a4ca4100a -> e6e7e78d7fcc53b6a05ae7b36ed21c2f
  custom:scripting/monoscript/fileName/OperatorHandler.cs: 24b9831992d14ab9cfc2b475aa4088ab -> cb8e59b05e1a940f8d0bd18f7bedf43f
  custom:scripting/monoscript/fileName/StaticActionInvokerBase.cs: 86c6758b4581340b8c23ecbc26f25a60 -> 8b70aa357027de34606dd1f4b161582a
  custom:scripting/monoscript/fileName/ListContainsItem.cs: dec0b5ac221957236c102ef630270a4a -> 626bc79b87c7877ac7c29f38a83e6112
  custom:scripting/monoscript/fileName/DownloadOperation.cs: a5cf0036d1623ba42184a0920af23cf2 -> 
  custom:scripting/monoscript/fileName/IEntitlements.cs: aec0a8e836b9f7d534333380f821bf39 -> 
  custom:scripting/monoscript/fileName/ICloudStorageJsonProvider.cs: 103120b21258cc2d9e2a7c6d4f337d99 -> 
  custom:scripting/monoscript/fileName/CachePathHelper.cs: 712d382303c11d5ea1f55d743b0e6de2 -> 
  custom:scripting/monoscript/fileName/OnToggleValueChanged.cs: 1e20948b435619d583e2c32194f92ed4 -> c2064107a05661c475d441d75ade72c6
  custom:scripting/monoscript/fileName/CachedTask.cs: 686f24055057a12cc0c270be553f7a96 -> 
  custom:scripting/monoscript/fileName/OnDrawGizmosSelected.cs: 552362a9d34ca59cd3544358e4d62f22 -> 8eca6104b99f72d3ede78c5d626a8b50
  custom:scripting/monoscript/fileName/VisibilityAttribute.cs: 49e798b1c498546f09244503349891b2 -> 
  custom:scripting/monoscript/fileName/CanvasProvider.cs: 0569e477f18c68cdac7b228d853901a7 -> 7d8179873c4e31126a91e67424b7cbf5
  custom:scripting/monoscript/fileName/ServiceEnvironmentUtils.cs: 4776b16546e049474916ee1c5b9c8c3f -> 
  custom:scripting/monoscript/fileName/fsVersionedType.cs: 4b8fcd2e079ff6be6cfe0882744c0247 -> 163910e6a0f234b025101e42844abf16
  custom:scripting/monoscript/fileName/ActionScheduler.cs: 26f8b078a6af33e9402a5cc996644a79 -> 
  custom:scripting/monoscript/fileName/TransformationProperties.cs: 8da65e8c9950cfdd23f7870a46f864de -> 
  custom:scripting/monoscript/fileName/SignInWithCodeRequest.cs: 7bf44437e8b421175d4f702d049e1a42 -> 
  custom:scripting/monoscript/fileName/StringMetadata.cs: 5478cf9ea7c2babebbbd5c2ff32b56dd -> 
  custom:scripting/monoscript/fileName/IGraphItem.cs: a987cc0de9413499832177b722d300dc -> 5cf251784048f5ec401c7a91b395c829
  custom:video-decoder-webm-vp8: 9c59270c3fd7afecdb556c50c9e8de78 -> 
  custom:scripting/monoscript/fileName/Update.cs: 8ad3cac108eb5742b8c09693bed0047c -> de1b9524ee8be2545ff677ee30b46eca
  custom:scripting/monoscript/fileName/ReplenishingRateLimiter.cs: b8067b9ca946449d68fb007ae39da9cf -> 
  custom:scripting/monoscript/fileName/ScalarModulo.cs: 40f7748d8535e92a65be9bd6e8da7a16 -> 9ae07cbc975ce0d9e2c92f237ca4ea6d
  custom:scripting/monoscript/fileName/Vector4Absolute.cs: c91e4f14ac72ccbc80250e8220931986 -> 493719413c095195d4fa5af6a82974f2
  custom:scripting/monoscript/fileName/EditablePath.cs: b6c5767ec3991319eb9703b3cd57e277 -> d201b99b8f42a629011dff545c0755a1
  custom:scripting/monoscript/fileName/SerializableTypeExtensions.cs: c428c69db48eba57694b2e40d84dc49b -> b71cc0e73fce5e8edc0705bfea7133d0
  custom:scripting/monoscript/fileName/ScriptablePath.cs: 7533bda1957cae2a38f44d1f952a797b -> 1a1740dc7a8ed68b33f7230fb3f9c47a
  custom:scripting/monoscript/fileName/DataSourceProviderConstants.cs: 5f197d5d712df5b0a55312d439983398 -> 
  custom:scripting/monoscript/fileName/EnvironmentSettingsProvider.cs: 237263cbc2f115c0b90b2c3fc83a1110 -> 
  custom:scripting/monoscript/fileName/IServiceMessagingClientExtensions.cs: 4241ef7c7b876bd9ca2062ac44cdc2fe -> 
  custom:scripting/monoscript/fileName/UnityUpdateOrganizationRequest.cs: c81a99780bba7daac8cc2c5dac469fe1 -> 
  custom:scripting/monoscript/fileName/SelectOnInteger.cs: 527e9f792d98ac209737d01592971bef -> 0e940f535ced381fba5d3465bff63b6a
  custom:scripting/monoscript/fileName/LinkedDependencyAttribute.cs: be5638dca92dda88dd03ef081d66fb61 -> 
  custom:scripting/precompiled-assembly-types:Unity.Services.Authentication.Editor: 831ecb0abf562bbca157b4a9f259c0eb -> 
  custom:scripting/precompiled-assembly-types:Unity.Services.Core.Editor: 97a55c763b5f9b0748fa2961c267de9f -> 
  custom:scripting/monoscript/fileName/UpdatedAssetData.cs: a61c000641f36e0b87ee44dc8b799f7a -> 
  custom:scripting/monoscript/fileName/HelpUrls.cs: 2ab62bc7616e1f75bb9eaa819a355c35 -> c1a90585e3e9c9d25f58f9141655f24f
  custom:scripting/monoscript/fileName/UrlRedirectionInterceptor.cs: 683c2244b3d5640d41ced61f4f9fd317 -> 
  custom:scripting/monoscript/fileName/SearchRequestPagination.cs: f5a7cbe418a3f253509878c1f7848046 -> 
  custom:scripting/monoscript/fileName/EditorStyles.cs: 5438e07e7e5fe5015f7119cacf580797 -> 68ee1237b0cfd5560073e763583cc22f
  custom:scripting/monoscript/fileName/UnityAdsIdentifier.cs: 6666e4d931c1a681dcee861ce8dc56a2 -> 
  custom:scripting/monoscript/fileName/RetryPolicyConfig.cs: 533d36c1df5475ce177f07fcbfd5c545 -> 
  custom:scripting/monoscript/fileName/Changelog_1_0_1.cs: 110915f57fb94b220fc500713b80d6e3 -> 8c03a61e4b8708ef159843d69929f45e
  custom:scripting/monoscript/fileName/PersistenceV1.cs: fd1f940f0f4d1f09efe3a9f6ef0d7382 -> 
  custom:scripting/monoscript/fileName/PackageRegistrationEvent.cs: 5eea4b15450f0757f30a8f049aca5c33 -> 
  custom:scripting/monoscript/fileName/IGraphNest.cs: 29bfce924b46d4817c9bf0d98e87d129 -> c86b1adad38e8e51f978c1d02de208e3
  custom:scripting/monoscript/fileName/AnimationCurve_DirectConverter.cs: a3e7c0e27431b4c4e82949fd167ce1ed -> 6645d33feb61d344d2bcbab6eed63d6b
  custom:scripting/monoscript/fileName/NumericRange.cs: e521db5ea091a5aeaed6ba0d72de0d1b -> 
  custom:scripting/monoscript/fileName/ProcessingOperation.cs: 3ddfbaa1dbfa059858038a47ccfd7e69 -> 
  custom:scripting/monoscript/fileName/IAssetProjectsJsonProvider.cs: 1fb666c9786e8d1de243af397df803ab -> 
  custom:scripting/monoscript/fileName/IconUtility.cs: 1ce0711f6af0ef0c133dba4079137ec2 -> 6b91e25f05c8767d6036a81ce79189a3
  custom:scripting/monoscript/fileName/AnalyticsSender.cs: 78e23c80e0e3896c2c941aae036387a2 -> 
  custom:scripting/monoscript/fileName/CompositeAuthenticatorSettings.cs: d0e64513be4ce5d5c5c5ce3537e6c0fb -> 
  custom:scripting/monoscript/fileName/NesterUnitAnalyser.cs: 8f6297df34271fdb1ce2d9607ec6261d -> 90647cc400823b41df847a6cbfc29026
  custom:scripting/monoscript/fileName/CreateDictionary.cs: 79f8f1ea7745958b08b8cf790c5b7acb -> 7bc0e525f1c1ebe1e149d9ee660fdc17
  custom:scripting/monoscript/fileName/GenerateGeometryTool.cs: 0296388db859b19b563d298eeb9be2dd -> 5fa8cfcf79a9441afbc6ea0a14ecc21d
  custom:scripting/monoscript/fileName/EnvironmentValidator.cs: 08b5a9dc48dd22c719e1975ef1db1683 -> 
  custom:scripting/monoscript/fileName/OnPointerClick.cs: bf0e0f89666e136803469cd0e408a585 -> 9a96e9ba2ed625ef308ae8d820ff14da
  custom:scripting/monoscript/fileName/TypeUtility.cs: 15c083cdfe59ff74e8a7115fa0d503b4 -> 697cbcee997ea80178c464c8fd931a69
  custom:scripting/monoscript/fileName/fsIgnoreAttribute.cs: a76837ab10686ff84fc454d63ab731d7 -> effffdfe220b0b7f43dd8b70784f9900
  custom:scripting/precompiled-assembly-types:Unity.Services.Authentication: 2982c57ee65d93cae746232f6a738887 -> 
  custom:scripting/monoscript/fileName/GraphOutputWidget.cs: ec1e6f492ca397422ef6181ba429fc0d -> 77fe3f61c0a4fa911f316ff4a7694317
  custom:scripting/monoscript/fileName/ProjectConfigurationBuilder.cs: 3a77bc00f860533701242ca98886ca86 -> 
  custom:scripting/monoscript/fileName/BufferManager.cs: feef528ab83681439018791ae34459fe -> 22c557c364cdf0f2698b2061dfa27246
  custom:scripting/monoscript/fileName/OnDestroy.cs: 7f93cf3ad5ae46b2c24caae9d9034d9f -> 36ddb7b3cfb50d5b86b9f1ab4ab1c559
  custom:scripting/monoscript/fileName/MigrationAnalytics.cs: 5e9f3727625ea57522b3ad4c022b98eb -> 53715641b9e78fef474fd615f14086f2
  custom:scripting/monoscript/fileName/IAccessTokens.cs: 3e3094814f4dba04dfbc3053655e6598 -> 
  custom:scripting/monoscript/fileName/BoneEditor.cs: b5d8ae89ea8177d473eeb438c0e2d3ac -> 6f4135c91b6e2b3dbc1e6a0f93046e0d
  custom:scripting/monoscript/fileName/UserRoleRequestUiHelper.cs: a99a899edbebc06ce30ec51f79ff566a -> 
  custom:scripting/monoscript/fileName/ICanvas.cs: ba2b09611e4f45f3c8dc0d44ee0b88f5 -> 078dfe3b476a429e6bd6b5ed5dd7245d
  custom:scripting/monoscript/fileName/AuthenticationApiClient.cs: 2cc37a8bf9374ef76d2364c0e211cdbf -> 
  custom:scripting/monoscript/fileName/GenericModulo.cs: ead477fd648f659562e4b22d27a864df -> 63ea7218a4db5e7fec0557f0e86d6ccc
  custom:scripting/monoscript/fileName/IUnifiedVariableUnit.cs: 9817a2b6d6f48250c521765ee003bfa0 -> 61cb25be05866a9338449dc7691f75ab
  custom:scripting/monoscript/fileName/EventUnitWidget.cs: 089acacbfd3a8fc5edeeb913ce55c218 -> 3dff90b56aefdf95615cacbbdf661490
  custom:scripting/monoscript/fileName/UtcTimeProvider.cs: 34e00235b689057dfe7c5f53347158ea -> 
  custom:scripting/monoscript/fileName/GraphStack.cs: b81c9bbdbdea83506d06cff1aed61e6c -> ad64a437712ef777a7dffdb8a6b6db46
  custom:scripting/monoscript/fileName/IKChain2D.cs: 420b7ff3ed38513599b4eee4ebc00cc2 -> d08ed72b5bab2bf265079128e1894ec2
  custom:scripting/monoscript/fileName/OnTriggerEnter2D.cs: b37540da317bd6a2dd22865d6ad8ff0e -> 424fd0a102c45101f22eb10a3e8eea34
  custom:scripting/monoscript/fileName/AssetManagerSettingsManager.cs: c9aa2dcd2365585f0972deb18cf34faa -> 
  custom:scripting/monoscript/fileName/HttpProgress.cs: fcdb92d4a504bfc7144cd6854367baca -> 
  custom:scripting/monoscript/fileName/FlowStateTransitionWidget.cs: dc03a874bd068d89ba913ca1f277538c -> 6832d64ba3b775210f32556ec88107db
  custom:scripting/monoscript/fileName/UnitSubtitleAttribute.cs: 1881649afc3f330563a995e07536a73c -> caeda92415e6895660c48aa9090590a9
  custom:scripting/monoscript/fileName/OnTimerElapsed.cs: 519e74e9c9934e0f00ce799a7de1c192 -> 5401f7723bcf6a4b3dabe1a13c4cb63a
  custom:scripting/monoscript/fileName/StateTransitionAnalysis.cs: 3ae7d634ded8da2a50b3243f6e52c30b -> b8d2f0ff8e022ea5d68c7f523f7f00d4
  custom:scripting/monoscript/fileName/UnityOnCollisionStay2DMessageListener.cs: 82e0baa72499532793048f0d05bb2a47 -> ca35595a6702834292c2600ae9abcfc2
  custom:scripting/monoscript/fileName/GraphWindow.cs: 7ff2db7e5cae40eca01c3ee239518f6a -> 2b46017bda90ec4f6f7beb1b37de2b5e
  custom:scripting/monoscript/fileName/SearchBar.cs: 1906c6746364ea91c6fcfee7d8b0f6c9 -> 
  custom:scripting/monoscript/fileName/IServiceHttpClient.cs: 7dafc03a792b5b07fcd6e7db7b4846a7 -> 
  custom:scripting/monoscript/fileName/ILabel.cs: 632797ae8fa529141f05e3069b59f56d -> 
  custom:scripting/monoscript/fileName/PlayerNameComponent.cs: 616524ede11d4f33e8b32eb57711208b -> 
  custom:scripting/monoscript/fileName/SpriteMeshData.cs: ca26323652c7835488756d7d2aabb646 -> ef8f64e97c3efc257dd660a15b17f675
  custom:scripting/monoscript/fileName/GraphContextProvider.cs: f115c31d7f01c75540fc4f5f88858d6b -> 707d959fd5e5c5817609685a915818c6
  custom:scripting/monoscript/fileName/IPkceRequestHandler.cs: dc0610142d961c652eda655b445e53da -> 
  custom:SearchIndexIgnoredProperties: e643bd26f0fe6173181afceb89e7c659 -> 
  custom:scripting/monoscript/fileName/UnityOnCancelMessageListener.cs: 34062c7580def7a3db811f43e4b54723 -> 9b3a3cc58cd2abdbe44d614bb9169603
  custom:scripting/monoscript/fileName/Vector2Subtract.cs: a7508d9f63cbf293f8ba7a924ccd8eea -> 5b67726b035b41d8d16e6541d00196b6
  custom:scripting/monoscript/fileName/CategoriesTab.cs: d01c4ec6c2eb31672ed8a6cbcbab42e7 -> 77d49337e8bbb084e909ac8099610673
  custom:scripting/monoscript/fileName/DictionaryKeyAtIndexMetadata.cs: f9f2c20dcfb43fcda36272eb0d50aca6 -> 1b6140590f224c800b1e498e47718178
  custom:scripting/monoscript/fileName/MeshToolWrapper.cs: b87caf5cdcd1589662f610a11b449126 -> a66f21c0b5db3443b173f40e61b53332
  custom:scripting/monoscript/fileName/MovedFromAttributeExtensions.cs: fce8a6748ada1fe1db21df9b1b63e4ff -> 2513d73d6c0cab3b85ce366b596f9055
  custom:scripting/monoscript/fileName/PkceAuthenticator.cs: 4a26a3c278a0e44a1fa32d2aeda62f64 -> 
  custom:scripting/monoscript/fileName/fsDateConverter.cs: 2bc7d603dd6053c6676ef3522766646d -> f132edb16280267883c3e5ba2a28fb11
  custom:scripting/monoscript/fileName/BackgroundWorker.cs: fba3ff531ec284f68ec5fa148339c7e1 -> cb1e416f8ab417f9c111cd6344533344
  custom:scripting/monoscript/fileName/Logger.cs: 3bec3eb7e141e23045bf9eb1d3695b17 -> 
  custom:scripting/monoscript/fileName/EnsureThat.Strings.cs: bd7acbee6d9d5a238167e20a62147c52 -> d013aa59ca1af7ae620960a166e69902
  custom:scripting/monoscript/fileName/InequalityHandler.cs: 523febfc14ed497b138fe00f931fabad -> 52a35a84860d2bcfaf6ddcb15c6d6893
  custom:scripting/monoscript/fileName/GraphGroupEditor.cs: 1185ddfdb42cee938868eab264a08353 -> 9132f9aadc29bbf94fc697638bb27dd4
  custom:scripting/monoscript/fileName/OrganizationProjectsJsonProvider.cs: e24fc0427702f8b4dc945e0d7f1bb624 -> 
  custom:scripting/monoscript/fileName/SystemEnvironmentPathUtils.Gen.cs: 9f60a7d4b8edfd5e67c66c89eee984df -> 
  custom:scripting/monoscript/fileName/AssetCollectionMapper.cs: d6109c9a138e1bc926d7fbe7ccd6d531 -> 
  custom:scripting/monoscript/fileName/IUserInfo.cs: 57337f4ac3231dabf2c350e0214d5bda -> 
  custom:scripting/monoscript/fileName/GroupAndCountEnums.cs: b89d7539fe0ed8e2d22d915dcd07db3e -> 
  custom:scripting/monoscript/fileName/NavMeshLinkEditor.cs: db5b506298670e15595eb17639342f60 -> aed8ae070d922149bb2ba3de06889ff6
  custom:scripting/monoscript/fileName/ICloudStorageUsage.cs: 45f1bfeedda59df12c4b89244942a038 -> 
  custom:scripting/monoscript/fileName/ProjectIconDownloader.cs: ae3e0debd4fb1678001d140061a4d71a -> 
  custom:AudioImporter_EditorPlatform: d09bf68614088b80899f8185d706f6e7 -> 
  custom:scripting/monoscript/fileName/PageTokenDto.cs: e3d00fb09f318bde283da8acac1b1c4c -> 
  custom:scripting/monoscript/fileName/MetadataCollectionAdaptor.cs: 65f66a6bd9304738c0fada198c69f849 -> 7079485f55563f255fd1ceb5eb734e5f
  custom:scripting/monoscript/fileName/ServiceHttpClientHeaderModifier.cs: 136bb5592ca96a54356b39edfb9016e2 -> 
  custom:scripting/monoscript/fileName/Cooldown.cs: 0b3fe377322b06daf95784e3aeb0f04a -> 19159598af5338cdbf0a53aa0a3598eb
  custom:scripting/monoscript/fileName/ISelectable.cs: fcc7eae87f95d438bcb8b3cfa64595d4 -> 5ebd0c6cdb82b8c435f72f1d3586bacc
  custom:scripting/monoscript/fileName/SkinningCache.cs: 60d9ce4059aa07914c2b6046175358f6 -> 284601830d8cb99f101d5e645929b5c5
  custom:scripting/monoscript/fileName/MultiSelectionMetadata.cs: c239c9cfcaa05c9f6bb25195d4cee984 -> 
  custom:scripting/monoscript/fileName/ClientId.cs: 5badec9dd5ecfa55f005777c693c8e8e -> 
  custom:scripting/monoscript/fileName/AssetSearchCriteria.cs: 84632601e6ab2bbc4f55fcb84bf155c4 -> 
  custom:scripting/monoscript/fileName/UlongInspector.cs: 58432656f13aeeac738eda827cf246d6 -> 5bfca71aeaacbb42823b1089cc9cb7a3
  custom:scripting/monoscript/fileName/GenericElementAdderMenu.cs: 36e5987cc8e23aba7e7f62f60387d0a7 -> a7882fab17131352c95f40b705f407a6
  custom:scripting/monoscript/fileName/Cloning.cs: 573a4525f13eb7199fb3ff34525144ad -> 954215058e9e01cd7b6e8efe8532a4f6
  custom:scripting/monoscript/fileName/CreatedByFilter.cs: 37f64162dc28796c3d6bb530264cdd0e -> 
  custom:scripting/monoscript/fileName/ValueOutputWidget.cs: e5dc2aafce8169af36a23edeeda467d4 -> c487dff601da30c3de282508dbca9ca4
  custom:scripting/monoscript/fileName/FieldDefinitionCreateData.cs: db32521290bb7d260b66bf45d2c8112c -> 
  custom:scripting/monoscript/fileName/EnvironmentsApiInternal.cs: ddda38a23193b92419a4176f3ffd04a7 -> 
  custom:scripting/monoscript/fileName/SemanticVersionInspector.cs: ef218e4f60276a5e1f535581084f6f71 -> 22e4a879625f90a300bd48e6c053323a
  custom:scripting/monoscript/fileName/CollectionContextMenu.cs: 746dfd6e3e47a139ba2efc032e12bef0 -> 
  custom:scripting/monoscript/fileName/PlayerAccountSettingsElement.cs: 5b1395a2175ac0d73823a2634fef8924 -> 
  custom:scripting/monoscript/fileName/CancellableProgressBar.cs: 48fc9df39c02f1d1c54ef16ef81a2fea -> 
  custom:scripting/monoscript/fileName/EditorGameServiceAnalyticData.cs: 0fc6f3bf04cc7c89fce9a2c7c7ab285b -> 
  custom:scripting/monoscript/fileName/Subtract.cs: 8f6297df34271fdb1ce2d9607ec6261d -> 90647cc400823b41df847a6cbfc29026
  custom:scripting/monoscript/fileName/AuthoringInfo.cs: b9fb9bb91b5fc97341abbaaae96c4a37 -> 
  custom:scripting/monoscript/fileName/ContinuousNumberDrawer.cs: 8f6297df34271fdb1ce2d9607ec6261d -> 90647cc400823b41df847a6cbfc29026
  custom:scripting/monoscript/fileName/ListCloner.cs: 34fabadad2f974d5863897444d3c45b2 -> b312f3a0bd67cbe276b17e5c0ca97d58
  custom:scripting/monoscript/fileName/ConstructorNotFoundException.Gen.cs: d5eeea08ebee99ae8f097d0f6c2b88b0 -> 
  custom:scripting/monoscript/fileName/EnvironmentServiceRegistry.cs: 87c6dee4ea55850e884c48687d120061 -> 
  custom:scripting/monoscript/fileName/EditorSpriteGUIUtility.cs: 16b6786f8b8d0cec2293f3a6cf1b6fcb -> 7329fddc6a5c8b530c69627a681294d9
  custom:scripting/monoscript/fileName/OnJointBreak.cs: 7206db33a69c3769741496d070a681f7 -> da34a5d8ebca01bc2f2e3e58201dde08
  custom:scripting/monoscript/fileName/AccessTokensSingleton.cs: ed21a5edcf5821a4e4c3f640d88a8890 -> 
  custom:scripting/monoscript/fileName/QueryListParameter.cs: 90647cc400823b41df847a6cbfc29026 -> 
  custom:scripting/monoscript/fileName/UnityOnScrollbarValueChangedMessageListener.cs: a24df79cafa9326d6f0fdc4ba6f862cc -> d30e50edeb814dc7e937511de19becf0
  custom:scripting/monoscript/fileName/SpriteShapeGenerator.cs: 3a2c3ed0e51f8e3549104fd21c78df5f -> 523c4542b0e0fd5ec495161cd0ba9dae
  custom:scripting/monoscript/fileName/AuthenticationServiceInternal.Notification.cs: f2320ad47adf55f9875741b342dc3b01 -> 
  custom:scripting/monoscript/fileName/SkinningModule.cs: 4bddbda263e22c9f8155d3591fddf611 -> 7f94b633da47067742c60e5441345fe7
  custom:scripting/monoscript/fileName/FieldsCloner.cs: 708a018716f3e7e01a91a293cce7ea60 -> db206c09effea928b533bd0f9c3aee71
  custom:scripting/monoscript/fileName/IoUtils.cs: 407719a7637f4a4931cf4ba6f0c431e9 -> 
  custom:scripting/monoscript/fileName/InstanceActionInvokerBase.cs: 8f6297df34271fdb1ce2d9607ec6261d -> 90647cc400823b41df847a6cbfc29026
  custom:scripting/monoscript/fileName/IGizmoDrawer.cs: 6529d1521002454ef12ece07c551eb30 -> a0f7c2e9db59418f7d9371c87ff44412
  custom:scripting/monoscript/fileName/PlayerInfoResponse.cs: 7091c573bda774a29831316b5a3262da -> 
  custom:scripting/monoscript/fileName/NativeArrayHelper.cs: 5fd357a5fc9a199ff98583796b00bc06 -> 6443bd550247a0056a96bfc79390727b
  custom:scripting/monoscript/fileName/ServiceHttpClient.cs: 9571d0274b508a058be724e18e964fae -> 
  custom:scripting/monoscript/fileName/FlowEditorBindings.cs: cc5b9e40a74172b211936a6e8a763d0b -> 906e7c444e5fba404bf0622ad28c3003
  custom:scripting/monoscript/fileName/ISavedVariableUnit.cs: 31775db3bd02dbed9de0a7080c0c7114 -> 4e6de7f2b8a1be685bec9b6173a6f0b4
  custom:scripting/monoscript/fileName/StaticPropertyAccessor.cs: 8f6297df34271fdb1ce2d9607ec6261d -> 90647cc400823b41df847a6cbfc29026
  custom:scripting/monoscript/fileName/BoneSpriteInfluenceTool.cs: d7ea0e24574eeff3454e00e274edf595 -> 64e9b0a56cdb0e720b497eb8b949f8de
  custom:scripting/monoscript/fileName/SuperStateEditor.cs: 13866fb33de56ae76328475436ffbc9c -> 9c9b6f46c3765faa33499ae6f201dd4d
  custom:scripting/monoscript/fileName/IStatus.cs: 4898c997c9924fc385ddc80bb1da21d6 -> 
  custom:scripting/monoscript/fileName/UploadSettings.cs: f2b9dacea952dab0d40b923a1fc7f491 -> 
  custom:scripting/monoscript/fileName/DebugUtility.cs: 7e00c996ce2b1aab098f3f952ff8b802 -> bd490dbb4d22e264b43629b4c0719413
  custom:scripting/monoscript/fileName/AssetManagerWindow.cs: 941493df5084ff0088272b5d9fd02e25 -> 
  custom:scripting/monoscript/fileName/StatusView.cs: 072bdee76cd5d52d29ae3c6bc2ef55e4 -> 
  custom:scripting/monoscript/fileName/XmlLinkedMethod.cs: 0832a872e8f410f9dbd4e4797775d14c -> 
  custom:scripting/monoscript/fileName/IndividualEditor.cs: b51db2b5cff4070598fad35cd80c4e98 -> cdf7aca20dd50748ce6e2ea6745e68e2
  custom:scripting/monoscript/fileName/UserMetadata.cs: 7b47a47f3826ea6998ba68db8f24f4ca -> 
  custom:scripting/monoscript/fileName/CoreProviderSettings.cs: 92ddc1680a3923b89d9faea96f4972ca -> 
  custom:scripting/monoscript/fileName/UpdateAllButton.cs: 3a2070146be8b1b19bd3b09ee80caee0 -> 
  custom:scripting/monoscript/fileName/DecimalInspector.cs: 3b775ee058a90231d13ecbdcc4ea009a -> 3cf54715ddb9097294e87dcf1d9662b6
  custom:scripting/monoscript/fileName/MemberInspector.cs: d276b700981371e65f18fa03e224619a -> 214f7240193cf9a47c4c14444660cee0
  custom:scripting/monoscript/fileName/ImportSearchFilter.cs: e6456ff2a36be49f28086d6986ad8f8c -> 
  custom:scripting/monoscript/fileName/OrganizationRequest.cs: 64b85dedd848f20fc01410f85974ab47 -> 
  custom:scripting/monoscript/fileName/DropdownOption.cs: 6fc3afa4f2687decafc5ac7d6f8fbcfa -> f3f23181bdfb5e06d54df35f2a0fa150
  custom:scripting/monoscript/fileName/EmptyEventArgs.cs: 6c2a02cc4ae6038d0a2e065406f57ccb -> 5786b7dda2fa9a348eee79767a0aff62
  custom:scripting/monoscript/fileName/Round.cs: 8f6297df34271fdb1ce2d9607ec6261d -> 90647cc400823b41df847a6cbfc29026
  custom:scripting/monoscript/fileName/BaseSearchCriteria.cs: a4ad5059d15cd93997f8ce651f1be4de -> 
  custom:scripting/monoscript/fileName/fsDirectConverter.cs: 4ebc70a99287673a4b6e70989ba4c7b5 -> 97ca7599ee98a0b9cb6ef4db6921d501
  custom:scripting/monoscript/fileName/ReimportWindow.cs: c99e1c27dec3d928eb7285b09e00261a -> 
  custom:scripting/monoscript/fileName/InvalidConnectionException.cs: 7e5190aebd11343a81b323317d78af8b -> 96c4b683771dbeb05b5f1e7eaa2fb483
  custom:scripting/monoscript/fileName/PathUtility.cs: 44921a1d8a4b60bae6cf6fd91572aaa5 -> bc44f04172a562131c264196de185160
  custom:scripting/monoscript/fileName/ITimeProvider.cs: ddd25bd8e3c8be311aae000881753524 -> 
  custom:scripting/monoscript/fileName/SelectionFieldDefinitionCreation.cs: 2d3a31a283b767ec1e82791a15985521 -> 
  custom:scripting/monoscript/fileName/Toolbar.cs: 4aa31cf8b95496171199d3742d502ddc -> a885dcc36fdcf651d9a93e50c6fd27ba
  custom:scripting/monoscript/fileName/CheckAssetBelongsToProjectRequest.cs: 7a372e1e863ea941387647da2af335f1 -> 
  custom:scripting/monoscript/fileName/TypeIconAttribute.cs: 6625bbbccf92a6819edd93ba3ced5c58 -> ff92ccc2b63885eb7043c007714f17d4
  custom:scripting/monoscript/fileName/State.cs: 9b7f00b752c95f4d6ed0499e7877cf30 -> 7b399a2323d8175a0208ae1f055d7099
  custom:scripting/monoscript/fileName/ExposeDescriptor.cs: c01def20583313a9396c2e87ab728d0c -> 6d2b997d3aaef8b14bf7a5db4d50c49f
  custom:scripting/monoscript/fileName/MultiSelectionItem.cs: e5eac09791cee8b3e81433ace9d52822 -> 
  custom:scripting/monoscript/fileName/ImportButton.cs: 74ed15aa93ff2a4fbf3d9522e45ab9e1 -> 
  custom:scripting/precompiled-assembly-types:Unity.VisualScripting.Core.Editor: 3835f49b855fbe5ca07b20dbb03fa7db -> 6e93a11dcf6fe9b2484fd373f7af19ba
  custom:scripting/monoscript/fileName/OnTriggerExit.cs: a32adabc0a258f2311415455269da39e -> 93828fa4d16df2704e5bd701b61d5e8c
  custom:scripting/monoscript/fileName/SkinnedColor.cs: 8219b9fd1c689202c62ca8121f66b290 -> cc8825cc66b6fcc453e8f26436cac2f9
  custom:scripting/monoscript/fileName/FlowState.cs: a1b03749408f21845a96f92a698e0885 -> 4254257f86fc3998549de26aee2d74ab
  custom:scripting/monoscript/fileName/IosPlatformSupport.cs: e9172c023b83ee5017e6d97cd7012675 -> 
  custom:scripting/monoscript/fileName/GetTransformationRequest.cs: de3c4ac755097d7675c6b1311cfbfd79 -> 
  custom:scripting/monoscript/fileName/fsJsonParser.cs: 50597614f46a4caf3d8a8fa20d3ac77d -> 17a5eb9438a580af550fa556c5c3ff94
  custom:scripting/monoscript/fileName/EnsureThat.NullableValueTypes.cs: bd7acbee6d9d5a238167e20a62147c52 -> d013aa59ca1af7ae620960a166e69902
  custom:scripting/monoscript/fileName/FuzzyOptionTree.cs: d6ed8d9e97f2e0e4494dc77e8b6f2b63 -> 69cf573e7134152b50ab9cb0af1d5cec
  custom:scripting/monoscript/fileName/IAuthenticationAdminClient.cs: dd3bd69da7b023dd8c81266be3f38afd -> 
  custom:scripting/monoscript/fileName/HttpListenerHtmlResponse.cs: 70ae96c9adfa7e0247c85ae1a2969598 -> 
  custom:scripting/monoscript/fileName/FlowMachineDescriptor.cs: 1a074873b02e06c450158f25305afca5 -> dfa099e5da6b9b391ee73acb5d3210b0
  custom:scripting/monoscript/fileName/TransformCacheExtensions.cs: d01b62eef671f3b297795ab9d94fa18d -> bc09fa53187bacf7356cf530d0f168a2
  custom:scripting/monoscript/fileName/MissingComponent.cs: 6fcd30b84d1ca630662778f50cedadd3 -> 
  custom:scripting/monoscript/fileName/DeprecatedVector3Add.cs: 0ca239ab31dac4005bc5a8a2508cb991 -> cc72b725bd7eee22b4c7b4642a6c0865
  custom:scripting/monoscript/fileName/AngleRangeController.cs: 1b3cf7b8bc4053e98b64382a08b8938d -> e316598fd596e7023ded280259d6f689
  custom:scripting/monoscript/fileName/PluginContainer.cs: 21417f154baf442fa038282488203b0f -> d26a2cb4c13b757f33313a532105abb4
  custom:scripting/monoscript/fileName/IProxyableNotifyCollectionChanged.cs: 8f6297df34271fdb1ce2d9607ec6261d -> 90647cc400823b41df847a6cbfc29026
  custom:scripting/monoscript/fileName/Responses.cs: cf8e91b141cc85b29c745e415fc1f688 -> 
  custom:scripting/monoscript/fileName/Transient.Gen.cs: fb508b42c100a2c07b866a44f9ab3ed0 -> 
  custom:scripting/monoscript/fileName/SkinningEvents.cs: 0c026884210dc9cee2c4e98ebec6eab5 -> 3680eebb309e7447e9644765e8739990
  custom:scripting/monoscript/fileName/AutomaticReflectedInspector.cs: f33cd9e85edcccf1b1ddba74f30c802e -> 9fc3ddd3f374d0f57fea02d52b0b0b85
  custom:scripting/monoscript/fileName/MergedGraphElementCollection.cs: d1e1940d52af2e8c60d5e8d219b1be7e -> 4a457d42f654eaa93d0bbd32e4547342
  custom:scripting/monoscript/fileName/InvalidConnection.cs: b058e30590d344235dbc3556ba9536a9 -> 2def6bd18e753ea7e370f455b671d79f
  custom:scripting/monoscript/fileName/AssetDetailsFooter.cs: 6a23e412cd2d42e076a301cbbb6eba82 -> 
  custom:scripting/monoscript/fileName/LudiqGraphsEditorUtility.cs: 31ec834fca6ea4a4d363c676711e6e27 -> 3e7be7499dc600ab0dced2cf9610bc04
  custom:scripting/monoscript/fileName/AsyncUrlRedirectAwaiter.cs: 0a677451aa2f4e13c5a5684a537f8e44 -> 
  custom:scripting/monoscript/fileName/UnitEditor.cs: c337302e6b2eaf3eae889d5b4f9c0fe9 -> 671411ba6279933c8b92a41e749ac45a
  custom:scripting/monoscript/fileName/StateEventHooks.cs: e2448ce75a33f81d97889f4b1ab866f3 -> 0ed01bf0c8187933eac6f99cf4678052
  custom:scripting/monoscript/fileName/IServiceHostResolver.cs: 63b093f8f40b3ffd7905e5c2807192e3 -> 
  custom:scripting/monoscript/fileName/AssetDataAttributeCollection.cs: 84ec472380420f1135905592ba84bd9c -> 
  custom:scripting/monoscript/fileName/IInstallationId.cs: f04e3188def2f4af24969a3d446782a7 -> 
  custom:scripting/monoscript/fileName/MemberUnit.cs: 6344bc5fb20b93ae06c8f5a30fb4ceb8 -> aa1ff8f21557f978a83ee631044514c8
  custom:scripting/monoscript/fileName/UnityOnParticleCollisionMessageListener.cs: ecfa660391064aa6e43d969ee7dcd828 -> bd95772a0c4e88f93421dade73c0f303
  custom:scripting/monoscript/fileName/AcrossProjectsSearchAndAggregateRequestParameters.cs: 288b7d13999084e88069777e202645d3 -> 
  custom:scripting/monoscript/fileName/IUrlRedirectionAuthenticator.cs: bfe9747f58c2bdc6a9599b9c73cfc010 -> 
  custom:scripting/monoscript/fileName/Sequence.cs: 041e2d74b6f6f3a1d36e74a276ce998d -> 7009d00abda0c4ac478accbc485f9948
  custom:scripting/monoscript/fileName/LogEvent.cs: d4fb52a1bd81e704945128f322812d4d -> 9bf386b9808c16608387e196f7a5e9d6
  custom:scripting/monoscript/fileName/EnumOption.cs: cd6a27f4e603965640f9746431347ebd -> f4d8be247d26c4efcbf810a1110d9bad
  custom:scripting/monoscript/fileName/Identity.cs: 2640f586bfcf9285892659a9f70878c1 -> 
  custom:scripting/monoscript/fileName/ISearchValue.cs: c010c6d199128af2418721d7ef93f251 -> 
  custom:scripting/monoscript/fileName/AssetProjectCacheConfiguration.cs: c6836a76cf56c371c159df6075cd2a7a -> 
  custom:scripting/monoscript/fileName/AssetDataManager.cs: 275f8d2e6d46fa1456867c2b3ebb343d -> 
  custom:scripting/monoscript/fileName/AssetTypeSearchCriteria.cs: 100d28956e64a49e93830e7d07c85489 -> 
  custom:scripting/monoscript/fileName/IResourceProvider.cs: ca9144148806582a6ad96c8fa1ece08d -> 4b4333faac1f035dca79aa7cb63380b6
  custom:scripting/monoscript/fileName/ProjectSettingMetadata.cs: f2ca749b84bd848ef71513deb63277ae -> 55a33ec1b8f66def43c46a38b9efc518
  custom:scripting/monoscript/fileName/StringObfuscator.cs: 531ff58824658b6a37dddbc045448abd -> 
  custom:scripting/monoscript/fileName/RectVertexSelector.cs: 3a5de258c1df85e8246a7483e114a31e -> 2c276737185d283110ad52afa5d9c23f
  custom:scripting/monoscript/fileName/IconSize.cs: 0f2a1849e7a4c72123988ae569ea1fef -> bf5b083362bf08a17dca3e17de02a878
  custom:scripting/monoscript/fileName/TransformationQueryBuilder.cs: 3217e4880dc00dd9c00e659972c4f1c8 -> 
  custom:scripting/monoscript/fileName/ClipboardFactory.cs: 1a4a26d9883111c5ea8d16e3201324a3 -> 
  custom:scripting/monoscript/fileName/GUIStyle_DirectConverter.cs: d5d77fcbff85fbee3689770c04b1456b -> bf1499ab6673601dfa249bb7043d0c4c
  custom:scripting/monoscript/fileName/StateDescription.cs: 802adb73fd813baf181fed0ee1fbcb54 -> d20abf8f1d52ec805a5a195c2d813cc3
  custom:scripting/monoscript/fileName/EnvironmentIdComponent.cs: 78e2c5c1c372ba12a0cd62129f564266 -> 
  custom:scripting/monoscript/fileName/TransformationUtilities.cs: 94b838429c89bc73e126e4b7a900a6e1 -> 
  custom:scripting/monoscript/fileName/NavMeshSceneConverter.cs: 6496c5f8eec789f0b87d8b24a60b77ce -> baf486a1c1cdf03a3111dd113d13c2f4
  custom:scripting/monoscript/fileName/CollectionQueryBuilder.cs: 14e58e959e4fe43f70406723e46d18f7 -> 
  custom:scripting/monoscript/fileName/Migration_1_5_1_to_1_5_2.cs: 1abe41ea7b598a58b2f794060671953b -> 8792e3799f64efb94727afa8cef2ec95
  custom:scripting/monoscript/fileName/IOProxy.cs: df45ede240ec0e213fd880652c8cf957 -> 
  custom:scripting/monoscript/fileName/CreateFileRequest.cs: 6bc55ae76e1fa0975cd3c029b3766f83 -> 
  custom:scripting/monoscript/fileName/VariableDeclarationInspector.cs: a144c959f49cf71930a20505aeb91975 -> 4d03f83f65d120027124eb573faf01f4
  custom:scripting/monoscript/fileName/LinqUtility.cs: 265970003bf0b9e2455dc317dd0a9297 -> 0abfa5e75ddf22e1d9fab445246c4177
  custom:scripting/monoscript/fileName/OnTriggerStay.cs: ebbfb73de60eb9367a3b5c3911073afb -> 3dce8a1a683ecaeaf7eb06bdf218dd9d
  custom:scripting/monoscript/fileName/ServiceAccountAuthenticator.cs: 844d2511d7afd4776e8f3f99bd7ffffc -> 
  custom:scripting/monoscript/fileName/VisualElementExtensions.cs: 57ac41657ceb18e7a58552c382aec222 -> 28d3e288ea1cf459fc3cca96347c70bf
  custom:scripting/monoscript/fileName/IUnitPortDefinition.cs: 5ee9f5884f50d12fa7f5ed7bfe2dc53f -> 09a34ed77ecf3f3dd912a5c2695fbcbf
  custom:scripting/monoscript/fileName/ISpriteMeshView.cs: a681a73b50027a075b0f16388c4f4711 -> 32dcbbdee706c632e33d2a60044e19b6
  custom:scripting/monoscript/fileName/UnityOnMouseUpAsButtonMessageListener.cs: 464cb3caeec2902d7048112f096be595 -> 9ffca90fcbcc656d5b5567773acc47a2
  custom:scripting/monoscript/fileName/Graph.cs: b986b1a1f9572f41e55c7d3f19b0111d -> ca034750cb6e06894d8a0da85795a5fa
  custom:scripting/monoscript/fileName/StorageInfoHelpBox.cs: c355bf24f89e4b341e7d275c66ef0c22 -> 
  custom:scripting/monoscript/fileName/SerializedPropertyUtility.cs: 6c7c2ac70232f37df618fe6d93f9dfe6 -> 00b230383132877f7e3bf77713482b9d
  custom:scripting/monoscript/fileName/NamespaceOption.cs: a617b4de6b28f26b1c2786d3f24c40b6 -> 1d723369515df8cf15a25d9c9d8ebd67
  custom:scripting/monoscript/fileName/ScalarLerp.cs: fc0fd2a8f27d4b47b031cf9a5001f5e9 -> 03bf8f4a35f61331a011d966a0004f22
  custom:scripting/monoscript/fileName/SuperUnitEditor.cs: 2628e6cd19747e5ca3598469a66d68df -> 87f2113ddf5ffef00cc8a6f2a7b630fc
  custom:scripting/monoscript/fileName/CollectionDescriptorDto.cs: 5c9eb3b07ac29203896727ef790bd35b -> 
  custom:scripting/monoscript/fileName/StateDescriptor.cs: 8f6297df34271fdb1ce2d9607ec6261d -> 90647cc400823b41df847a6cbfc29026
  custom:scripting/monoscript/fileName/FlowStateEditor.cs: bea4b0ee9a6fd112d6a9e244824828a4 -> cd1a6387d4b5ba68f2934186204b406c
  custom:scripting/monoscript/fileName/ControlInputDefinition.cs: a8ee44c899c93a7f8c3b37435bfafaad -> 4f1bd57761ace1663834e54a2bf71300
  custom:scripting/monoscript/fileName/LateUpdate.cs: 55a370e44fa1e25a36c464e59909211a -> fe6a1ac14fd9ba258b4a05e7b476007f
  custom:scripting/monoscript/fileName/AnalyserProvider.cs: aec283e52e86bb205918fb79be2ea13f -> c2954e1d53cd1258402118291e4f15c8
  custom:scripting/monoscript/fileName/UrlMetadataFilter.cs: c8282da5fa35cd598694893b8e671e09 -> 
  custom:scripting/monoscript/fileName/BoltCore.cs: 8fb32511dfa688773bacde17c96b3370 -> 27caa04b487991f8668bd0ee79a01599
  custom:scripting/monoscript/fileName/CustomPropertyProviderSettings.cs: e2211f6eba7fe69318e68c22fb0a51ce -> ad8f502c7a6a2daca43a2d6db9820695
  custom:scripting/monoscript/fileName/SessionTokenComponent.cs: 848c4b939917c1ea9cdbfbdb84502080 -> 
  custom:scripting/monoscript/fileName/IAssetBaseData.cs: b2bd2d755beae38869195645223744cf -> 
  custom:scripting/monoscript/fileName/DatasetCacheConfiguration.cs: 97c457091e2b639ee6ad8fb915e27442 -> 
  custom:scripting/monoscript/fileName/WidgetAttribute.cs: cf8f10d5354767ae7da1025a72f9f615 -> 512184ba86ee4cbea37606cf202fc9e3
  custom:scripting/monoscript/fileName/InitializationOptions.cs: a3b098c01b711d197eb5be831c1fe3cb -> 
  custom:scripting/monoscript/fileName/SearchConditionRange.cs: c7ab6e1e60dcc11ab2247db14bc06e54 -> 
  custom:scripting/monoscript/fileName/AuthenticationPackageInitializer.cs: a27d296699afa0fb86730c702633be0c -> 
  custom:scripting/monoscript/fileName/MetadataPageEntry.cs: 207866bf49c6abb512c7a2ea406094f7 -> 
  custom:scripting/monoscript/fileName/ReferenceCollector.cs: 0978177015398d8cb20402bfbacec99d -> 1579b66ef1e5a5d6ec02c4efcabe64c3
  custom:scripting/monoscript/fileName/fsTypeConverter.cs: a1832f435faacdbf88d473072400b43a -> c62a3d783937a91710378779387d65dc
  custom:scripting/monoscript/fileName/AssetProjectMapper.cs: d6109c9a138e1bc926d7fbe7ccd6d531 -> 
  custom:scripting/monoscript/fileName/StateCanvas.cs: 6d636d63775594469dfc92c066a4fb5c -> a1e1de865b452c32c994093583558cdb
  custom:scripting/monoscript/fileName/SearchCompletedEvent.cs: 8350d5c0d19da0989c9ff390ecfa7e67 -> 
  custom:scripting/monoscript/fileName/GetMemberOption.cs: 7c9f8c517bce6e54216fab37d6f72abf -> 49d21fc37840931fad36675fd3c90743
  custom:scripting/monoscript/fileName/ResponseDeserializationException.cs: ee4bcd8feef77e51dd56d7612403078e -> 
  custom:scripting/monoscript/fileName/Vector4Inspector.cs: 46f57b9fc90395850c551cbef53e5608 -> 8960bb5d546aa8e97d54fa806d0deeaa
  custom:scripting/monoscript/fileName/GraphInstances.cs: 8887d18fc7dcffb00dbc7088552ec6c8 -> 946bbf0b2d628f78659edf347ef62cfb
  custom:scripting/monoscript/fileName/VectorInspector.cs: 579a17deb89650aaf0e5fef4a4159873 -> 1c73b5e4c1543e9b7c13b58001929166
  custom:scripting/monoscript/fileName/AggregationsDto.cs: fb991065dc5c92676e407bd351b4066e -> 
  custom:scripting/monoscript/fileName/FontVariant.cs: 491b943eba5b2b003527b3087e51612a -> 7a08da6493e6dfe5a96335e20465f840
  custom:scripting/monoscript/fileName/XString.cs: 9ae86a212d1cb7a7cec483e9db1fe2b3 -> 406eec8d66ea34aa85f8651363b8d207
  custom:scripting/monoscript/fileName/AuthenticationExtensions.cs: 5f32c775217f6226c59bc30a889f96fc -> 
  custom:scripting/monoscript/fileName/CountItems.cs: 5c084ed9fe0c2f549eb9c8b5d5bcb639 -> d491922709ded8c682825c451483990d
  custom:scripting/monoscript/fileName/UnitWidget.cs: c619977679ad6a3466636bfbff97c1e1 -> f7c556ee7c634fddb777c979bba0b72d
  custom:scripting/monoscript/fileName/Equal.cs: 5acaf5c3a5564ac6b701f28f1eb716c1 -> d7550ce987d971572446e38f61a1aa1a
  custom:scripting/monoscript/fileName/LudiqBehaviour.cs: 0706e64a1dbf006d5d1e7e4b61381f9e -> 6762243038be92b7d8131298f892d17d
  custom:scripting/monoscript/fileName/StateAnalysis.cs: c31a6370f390dda673851e9b020e3c7a -> 07cd95f22eca4f0ef0d78cbb2406f43c
  custom:scripting/monoscript/fileName/IOpenIdUserInfoProvider.cs: 2b04d58fa57ce8933fb2ef8ef9877cec -> 
  custom:scripting/monoscript/fileName/IUnitDebugData.cs: d58e3a4b20a619e9a8a50c7e34edb38c -> 23fae206843ec4ac41e75d3d2a6166df
  custom:scripting/monoscript/fileName/IFieldDefinitionUpdate.cs: c6a308dbac966415b75272caf401ad89 -> 
  custom:scripting/monoscript/fileName/IdProviderResponse.cs: 1ffce30252e1799b812e9515c5e2162e -> 
  custom:scripting/monoscript/fileName/PkceAuthenticatorSettingsBuilder.cs: 5c5572b05ec9d4aeb14f3f7a44d09bd4 -> 
  custom:scripting/monoscript/fileName/IPrewarmable.cs: da57971e636b5757e40b6b919648621c -> 4b305cf8d592c8ece0c63351d0237529
  custom:scripting/monoscript/fileName/AutoSubmitAssetRequest.cs: b1e4619bf39abcbd65d51d6cd539f8de -> 
  custom:scripting/monoscript/fileName/PathUtils.cs: 805cbb13c48fe1cada5aefdf131cf923 -> 
  custom:scripting/monoscript/fileName/AssetCollectionPathDto.cs: d56429d8f56146db13ca11036e07c716 -> 
  custom:scripting/monoscript/fileName/GetVariableOption.cs: 4be361211d56e8dcabcc968c4e250810 -> aa6f0763a8aa2e12240254dd8b1f9687
  custom:scripting/monoscript/fileName/IEnvironments.cs: c0584c08a0bd557b383eebd7f6ddb36a -> 
  custom:scripting/monoscript/fileName/AssetMetadataDataSource.cs: 79ed343d93da8762766afe9c360b368a -> 
  custom:scripting/monoscript/fileName/AssetDataSource.Transformation.cs: ebc0fad151fb9bb8e368592886229376 -> 
  custom:scripting/monoscript/fileName/DefaultApiRequests.cs: 0c40f474d191c79755786a315c4d3837 -> 
  custom:scripting/monoscript/fileName/SettingsWindowUtils.cs: 98f38c1f7d7cc67713db9aba68296807 -> 
  custom:scripting/monoscript/fileName/For.cs: 85d89cdc40b675644928cafd187710f9 -> ae7c61d0185dd656ca8dbfeddd772acd
  custom:scripting/monoscript/fileName/AssetDataCollection.cs: 90647cc400823b41df847a6cbfc29026 -> 
  custom:scripting/monoscript/fileName/StaticActionInvoker_2.cs: 00afda585609cf7ea1abdfe57d498a6c -> 0bfaadd9c6343f03b56ac7e40b9c81b8
  custom:scripting/monoscript/fileName/AssetManagerClient.cs: f543b4a686ae8996474f4d05dd696b71 -> 
  custom:scripting/monoscript/fileName/WorkflowTypeUtilities.cs: 4b36c3482d9e2ec4c41ac53b91e82f1f -> 
  custom:scripting/monoscript/fileName/AssetUpdate.cs: d48fcb0655a0d84c17bcac932ea99c35 -> 
  custom:scripting/monoscript/fileName/GraphInspector.cs: 8f6297df34271fdb1ce2d9607ec6261d -> 90647cc400823b41df847a6cbfc29026
  custom:scripting/monoscript/fileName/BooleanMetadata.cs: fc38520db2eaf43922e60af0460e35e4 -> 
  custom:scripting/monoscript/fileName/NavMeshLink.cs: d553acf56818ed54adbed2f21967e3cd -> 0b3d0eeb07ab57d259e8f9365538df09
  custom:scripting/monoscript/fileName/AssetStatusRequest.cs: 4bcd6acbf89daf524920c5e11ff6cc1f -> 
  custom:scripting/monoscript/fileName/PropertyInfoStubWriter.cs: 7fea91db3012db0eaff88ab2ddfdcf14 -> 2742dbcbef82d4d24501b9de84963fff
  custom:scripting/monoscript/fileName/FileCreation.cs: 8e7bf6ef12b1318e1ac471471ef89dfc -> 
  custom:scripting/monoscript/fileName/MoveCollectionToNewPathRequest.cs: fe0425d3494ad65a96ffe510cb21e42c -> 
  custom:scripting/monoscript/fileName/TriggerEventUnit.cs: 3addfaac082eaec25150ccec33ab9c52 -> 808eb9a7c548381c4213c9f1f7f29643
  custom:scripting/monoscript/fileName/FieldDefinitionEntity.cs: eade791b492858f9c6d742047bbe7e16 -> 
  custom:scripting/monoscript/fileName/Comparison.cs: 40ed033b0fc23c615ee7f42ac6549606 -> 6bc1895a487c24790a1771815ec317cb
  custom:scripting/monoscript/fileName/Changelog_1_4_2.cs: 3b5ab9d9a706eec2ffbeb4ac077f3a4c -> 4351bdc4af8e9bf6c7484e9016feacba
  custom:scripting/monoscript/fileName/PlatformSupportUiHelper.cs: c2fb091feeb92fc6d04201e72415cd6f -> 
  custom:scripting/monoscript/fileName/PinVersionToLatestToggleEvent.cs: 9932d8ff1979786b16d60005e72e622f -> 
  custom:scripting/monoscript/fileName/Limb.cs: 5d847c43cfd6dda71ac5dacfee0de336 -> a041e11a6b559c698a6c1d0b8f81644d
  custom:scripting/monoscript/fileName/IConfigurationProvider.cs: af9003c2ff2e581cf6d2023a9420f4ca -> 
  custom:scripting/monoscript/fileName/IMetricsFactory.cs: fde5d2b8b6a1babbe7e5508a35a60c95 -> 
  custom:scripting/monoscript/fileName/Vector3Project.cs: b5d157123273e831d006978b212f7dce -> 771613eb62bfed7eed9bd5e2e86dfc4e
  custom:scripting/monoscript/fileName/ChannelToken.cs: 749f097d0aecdba9e5864aa66e7c548d -> 
  custom:scripting/monoscript/fileName/PrivateCloudAuthenticator.cs: 25f1d4da7f6948c8edccdbfbf2bdf432 -> 
  custom:scripting/monoscript/fileName/SystemObjectInspector.cs: 9d484f1113b78f85102c019e1f12a7f4 -> 152c45fe0f21fca2a88a87c8b7b803f1
  custom:scripting/monoscript/fileName/MergedCollection.cs: 8f6297df34271fdb1ce2d9607ec6261d -> 90647cc400823b41df847a6cbfc29026
  custom:scripting/monoscript/fileName/EntityPageDto.cs: 90647cc400823b41df847a6cbfc29026 -> 
  custom:scripting/monoscript/fileName/ProjectBindRedirectUiConstants.cs: 1d3bd9a52471c7a484b82396440177cc -> 
  custom:scripting/monoscript/fileName/ToggleValue.cs: 53a8ad06ed9d476d654d906138a58434 -> 6aa15b6dafcbc6e60b9febe12c63f406
  custom:scripting/monoscript/fileName/AnalyticsUtilities.cs: 018441064da8619fd3cc6bfad3ca17f5 -> cf43f7f52ce92246ee6ef5341eefbd4c
  custom:scripting/monoscript/fileName/UpdateAllLatestButtonClickEvent.cs: 5f8445642c64b934a9b9249f8466a7eb -> 
  custom:scripting/monoscript/fileName/InstanceActionInvoker_2.cs: 8f6297df34271fdb1ce2d9607ec6261d -> 90647cc400823b41df847a6cbfc29026
  custom:scripting/monoscript/fileName/PluginMigration.cs: 469d3f40a68c6f5a9a8066e92c76a08b -> c968c3082e265b8421f28b7e15d1c8fa
  custom:scripting/monoscript/fileName/AssetCreateData.cs: 504b3ddcae8f55fd8f157137b15bb919 -> 
  custom:scripting/monoscript/fileName/IAuthenticationSettings.cs: 664eebda2433df53de4e77c436d403f6 -> 
  custom:scripting/monoscript/fileName/TextMetadataFilter.cs: e3aba2b8328100bb01a64e069cfcb0c1 -> 
  custom:scripting/monoscript/fileName/AssetProjectCreation.cs: dc3813f1406e38941ce443eb0e260721 -> 
  custom:scripting/monoscript/fileName/HttpServiceConfig.cs: a19e8b39679e0da2413fb1719624f1f2 -> 
  custom:scripting/monoscript/fileName/EditorGameServiceFlagEnabler.cs: ed4b01161596daf6c007c5cb985797df -> 
  custom:scripting/monoscript/fileName/EditorValueTracker.Gen.cs: 90647cc400823b41df847a6cbfc29026 -> 
  custom:scripting/precompiled-assembly-types:Unity.2D.Animation.Editor: daba941a96ad13ca57ae750ccad416e8 -> 9e298d922ee71fa5cbd30bb22b8f952c
  custom:scripting/monoscript/fileName/ProjectConfigurationBuilderHelper.cs: f79e2dec68c2a8a55186a3fd4274546b -> 
  custom:scripting/monoscript/fileName/fsResult.cs: 57fdae11b31a7a1c3c2490f51118cebb -> 2ce26d6f67a37c61cb564656933666e1
  custom:scripting/monoscript/fileName/ScalarAbsolute.cs: cad5e45b9756ec29ff3b98089ec47355 -> 99c52fa50f6dc136921577335b5f1ccf
  custom:scripting/monoscript/fileName/LayoutOverlayUtility.cs: 66287593aced152a1b3c630134402abf -> f376db335fc0bebcd84b86df92a8b8fe
  custom:scripting/monoscript/fileName/IDatasetInfo.cs: 1aa450ce877743f4f2cbf738ee320246 -> 
  custom:scripting/monoscript/fileName/HoveredControlAction.cs: fc45600c1c08efe18ed15d74d0a482ed -> 9de9df8e27ac22e6a80c8207bb3bdc2e
  custom:scripting/monoscript/fileName/NamingSchemePage.cs: e6c7c53f9ae0c301a11639b2cbd98b0b -> 70f67048f232f68eca085af94b3586dd
  custom:scripting/monoscript/fileName/RoleChip.cs: 071cb0058638bd61eb2aee1ea69c3266 -> 
  custom:scripting/monoscript/fileName/IUnityThreadUtils.cs: 09e8ec6b5955782b75f75b287fbd41f1 -> 
  custom:scripting/monoscript/fileName/MemberOptionTree.cs: cdd93cc80c48d8585c76dd6806cb0861 -> acac15d9817f896edc9d7bee22bb6bad
  custom:scripting/monoscript/fileName/IndividualPropertyDrawer.cs: aed020cab4788041fb2f26e0a60d12b1 -> 29112afe84737c4016d8aca4df956606
  custom:scripting/monoscript/fileName/DatasetBaseData.cs: ae62948f4e26fffc2b8a3a11b9299ea4 -> 
  custom:scripting/monoscript/fileName/InitializeConverterContext.cs: f9c3276ac1952bf8c8ab53a011b74d69 -> a97e19589a5774cdc2a34a28caea355f
  custom:scripting/monoscript/fileName/IConfigurationLoader.cs: 2906069c8520611bdd1356369b0a29f4 -> 
  custom:scripting/monoscript/fileName/InspectableAttribute.cs: 4fd6149d52b54ff5d8bd3e99b864108f -> 38b788b4cc63dc944d9cb7cfc73677b3
  custom:scripting/monoscript/fileName/ServiceConnectorFactory.cs: 94a5fac3be434bbbd296495534cbfa79 -> 
  custom:scripting/monoscript/fileName/UnityCloudPlayerSettings.cs: 1bae0fe057dee8a43cf001968ff0c2a1 -> 
  custom:scripting/monoscript/fileName/IFieldDefinition.cs: f9329700efb3176987cf0b835e0eba4e -> 
  custom:scripting/monoscript/fileName/AssetPageDto.cs: c69ef70b1c5bc73c916a93cc316762f1 -> 
  custom:scripting/monoscript/fileName/PlayerInfo.cs: fe010831bf2eea394cc23e762c8b1ca9 -> 
  custom:scripting/monoscript/fileName/HttpUtilities.cs: ccb29552bcf392fd78f8c10c82be7f1f -> 
  custom:scripting/monoscript/fileName/StateUnitWidget.cs: 4450489f9827b9e97d559458e611f4da -> c1b0daaf894e79525600f45b5ed102c8
  custom:scripting/monoscript/fileName/MergeLists.cs: 0bee5a73437c76646c781c0b68d35899 -> c834822c6cb823b311e655a0329a3724
  custom:scripting/monoscript/fileName/StateMachineDescriptor.cs: 78c70db1a93de90a05554b2ac1e7074a -> a76958fcde004c7fdf35b5d781bb7f08
  custom:scripting/monoscript/fileName/If.cs: e167e28049b94773671eff3e4ac91c54 -> c781347fb47eebad65574fb9a39e6669
  custom:scripting/monoscript/fileName/SelectionFieldDefinitionEntity.cs: 6ac4f1f15624fa0eb63e0b65bfe01c9b -> 
  custom:scripting/monoscript/fileName/UnityListProjects200Response.cs: 428e859b4396ae3112aa4ecacae32fbf -> 
  custom:scripting/monoscript/fileName/ReorderableListResources.cs: c5f9f5de94a4dfac9131ec1487d928a6 -> 12f8cf94345b17bd1a3aef7c3b5bd157
  custom:scripting/monoscript/fileName/BulkImportOperation.cs: aed5277728d8226cccb824e0e6aaa277 -> 
  custom:scripting/monoscript/fileName/InProjectPage.cs: 7eb0a74bab8cb9aea84bc580b545f4b5 -> 
  custom:scripting/monoscript/fileName/DescriptorAttribute.cs: 2dca50ffdc95d7935ab22b0e4cfcf903 -> e56463337e1bb69c5889c0c80f4d2f84
  custom:scripting/monoscript/fileName/INesterStateTransition.cs: c79c10350502c08d7ff6d6212481d511 -> 51ab71c8e7e6b9ebf66dab1a2fe6c211
  custom:scripting/monoscript/fileName/FlowGraphData.cs: ddff8fe17e8c982cda8d7d032af301a3 -> 71455c84fe27736dacaa53793f5ad0b6
  custom:scripting/monoscript/fileName/ManualEventUnit.cs: 8f6297df34271fdb1ce2d9607ec6261d -> 90647cc400823b41df847a6cbfc29026
  custom:scripting/monoscript/fileName/CorePackageInitializer.cs: 829d217bce271cb9c1fa63d564b476ec -> 
  custom:scripting/monoscript/fileName/RateLimiterStatistics.cs: 0d5e4eff7557a41c6c4b6bd0a7cd2006 -> 
  custom:scripting/monoscript/fileName/StaticFunctionInvoker_1.cs: 8f6297df34271fdb1ce2d9607ec6261d -> 90647cc400823b41df847a6cbfc29026
  custom:scripting/monoscript/fileName/EnvironmentNotFoundException.cs: 8f8ecf9219a7a93736afa67d923d561a -> 
  custom:scripting/monoscript/fileName/RuntimeVSUsageUtility.cs: 50b34797fc61bca3b6f4fcb7b8886fa1 -> 08951e052bc99245113fa9c131d86f7c
  custom:scripting/monoscript/fileName/IAnalyser.cs: 1646894f4885bb42e8fc70fb34f4cdf1 -> dce514b00111cf4e3d4cabc9fac738c1
  custom:scripting/monoscript/fileName/ServiceDomainUtils.cs: 3c21e0650734d164348d7ac01cec7f20 -> 
  custom:scripting/monoscript/fileName/QuaternionInspector.cs: ae930d87e8cb2b1678035c6e16553ffc -> 14623c638b22b69b5e428db9ab7a71a7
  custom:scripting/monoscript/fileName/BoltCoreManifest.cs: adc22158bd04c8eaef28e83d185d6639 -> 9aaaf8beb0fe1b9346cee66248127168
  custom:scripting/monoscript/fileName/OnParticleCollision.cs: aa7d9ee08b49002da5831ec6d041b362 -> 51d4c8257fa1b82c33879efc7aa22fc6
  custom:scripting/monoscript/fileName/IAssetDataSource.File.cs: f0c055dbd074357048b04069d34f7f97 -> 
  custom:scripting/monoscript/fileName/AboutPluginsPage.cs: 645244f59719bdbe364d6c928fab838f -> 11f6105db7177cc9c8cfc2a8bc92e852
  custom:scripting/monoscript/fileName/NoRetryPolicy.cs: ea597f9e4752067147ddc51a2ffdce39 -> 
  custom:scripting/monoscript/fileName/IMacro.cs: 4c72aa94e38c1862fd2c244ad2c46da6 -> 04455948622241866fea86faa08b1fde
  custom:scripting/monoscript/fileName/IGraphElementWithDebugData.cs: b02cd75b1170527ab64c6dfe24f9f08d -> 28dd6b6b3a924aa09621ed18c07f0170
  custom:scripting/monoscript/fileName/AuthenticationErrorCodes.cs: d35b659cb68ad1aa80617a2680988fe5 -> 
  custom:scripting/monoscript/fileName/BrowserKeyValueStore.cs: d57f9edaaafb5ee2da12c38051989222 -> 
  custom:scripting/monoscript/fileName/SetGraphVariable.cs: 501c4a4bb2fba19f45313c275dd9769e -> 12939f6e7cce6375a3848d97f3ac49c1
  custom:scripting/monoscript/fileName/DependencyTreeInitializeOrderSorter.cs: 398a0f081d411379f31bc2eb52bbbd21 -> 
  custom:scripting/monoscript/fileName/GetGraphs.cs: 8f6297df34271fdb1ce2d9607ec6261d -> 90647cc400823b41df847a6cbfc29026
  custom:scripting/monoscript/fileName/GetDictionaryItem.cs: 5de1d68cb89c6ad5da329425316b0233 -> 119dfede3975f0dd32ddf1a0bbc9b85c
  custom:scripting/monoscript/fileName/fsAotCompilationManager.cs: 820f18e04966a2706221257e04aeb1f0 -> 98172ebcdcffdc21ee6d06f124505622
  custom:scripting/monoscript/fileName/MetadataHelpers.cs: 3e374180b92e5ac95add92f808bda99b -> 
  custom:scripting/monoscript/fileName/Filters.cs: 6fb5305bef5097d83561b34265f8cdd1 -> 
  custom:scripting/monoscript/fileName/AssetProperties.cs: 46389ddbaa93a6bb40dc0465aba1b974 -> 
  custom:scripting/monoscript/fileName/ColorUtility.cs: 0de8950cfeceaa83b787b3ec4d5e55eb -> d3a18077d0d39afd62dec292c83f0dfc
  custom:scripting/monoscript/fileName/CacheObject.cs: 4e486c0f01a521986b59455ee5256363 -> 66bc1c3933a7e4d3570aac34511fcb9b
  custom:scripting/monoscript/fileName/GetMemberDescriptor.cs: 317765ad1d7674ee0f7f5301c845a2f5 -> 2a6b4f0a92ce80b9e4b2ae68240857ca
  custom:scripting/monoscript/fileName/SelectUnit_T.cs: 16c452d0c73e9c95af7e01d27e0fee90 -> 4b371e85c3a6bf31355041b73a88fd90
  custom:scripting/monoscript/fileName/LayerMask_DirectConverter.cs: 4160da31f089edd23f507b0af950a26c -> b3108e47dc60f12e70e695113fd16916
  custom:scripting/monoscript/fileName/Changelog_1_2_0.cs: 1f745d6f86f8d2a338fc957b2f9a19b3 -> 5e76822d241c4092a59dbca276a0ee86
  custom:scripting/monoscript/fileName/UnityGetUserPermissions200Response.cs: 7fdf29503cc5301312d984f2af06eb45 -> 
  custom:scripting/monoscript/fileName/FieldDefinitionCreation.cs: 40163c06fafdc10f472af12644746b70 -> 
  custom:scripting/monoscript/fileName/RecycledRow.cs: 33c67758ca6613b457dc2658091eadfb -> 
  custom:scripting/monoscript/fileName/ICloner.cs: 496f9c2eca47d4ad1b9f1e7bb5cbed9b -> 3b62a7f620192c42b900f67e98bd0530
  custom:scripting/monoscript/fileName/SideBarAllAssetsFoldout.cs: c5af9fc5f39df5b835272ecb1309bee8 -> 
  custom:scripting/monoscript/fileName/AotDictionary.cs: dd8220ff496ecf4c5e9a8b297641634b -> 35938e4eba963d835ca2ed50ca45de5f
  custom:scripting/monoscript/fileName/PageTitle.cs: 880b899ed403bb3383dd1c6a71185439 -> 
  custom:scripting/monoscript/fileName/AssetCollectionCreation.cs: ba68cd8700539ce079190a8cd5604562 -> 
  custom:scripting/monoscript/fileName/Widget.cs: 8f6297df34271fdb1ce2d9607ec6261d -> 90647cc400823b41df847a6cbfc29026
  custom:scripting/monoscript/fileName/FileDescriptor.cs: cb6b21751219fa18fc2c6df63a81aeda -> 
  custom:scripting/monoscript/fileName/OnMouseExit.cs: 0f1ade67e36923de53c949abdd7d64dc -> ae929755e433c777b6643ab0315ae808
  custom:scripting/monoscript/fileName/FileBaseData.cs: 4304ef84d432ec3bfd24b4d83d3497ed -> 
  custom:audio-decoder-ogg-vorbis: bf7c407c2cedff20999df2af8eb42d56 -> 
  custom:scripting/monoscript/fileName/HttpRequestUriModifierReplace.cs: 441e86cae770b0938da4c343e4aa3131 -> 
  custom:scripting/monoscript/fileName/MetadataExtractionTransformation.cs: f059e3404ea34cb2fd1fbd050bdf8618 -> 
  custom:scripting/monoscript/fileName/ValueOutputDefinition.cs: 286ae3477bd846d31a45100df21163a5 -> 3b0dadad3425531ad917b7261526d7af
  custom:scripting/monoscript/fileName/GraphReference.cs: 784aa70e7f603a1f0cd0bd2549d01d24 -> a025df798f3ebdda80cc29467ebfaf32
  custom:scripting/monoscript/fileName/ProjectBaseData.cs: 5bea2efa3620307017639b5471e067c1 -> 
  custom:scripting/monoscript/fileName/InstanceFieldAccessor.cs: 8f6297df34271fdb1ce2d9607ec6261d -> 90647cc400823b41df847a6cbfc29026
  custom:scripting/monoscript/fileName/MenuItemSelectedEvent.cs: 75b6c75cc85b46b2db2d79e557975cba -> 
  custom:scripting/monoscript/fileName/HasGraph.cs: 8f6297df34271fdb1ce2d9607ec6261d -> 90647cc400823b41df847a6cbfc29026
  custom:scripting/monoscript/fileName/HttpRequestMessageExtensions.cs: e2f4ed47ca3eb1076b89f4fe8c66d826 -> 
  custom:scripting/monoscript/fileName/FilterDropdownEvent.cs: ea472b405df66efbf41e606ed345cc7e -> 
  custom:scripting/monoscript/fileName/SpecialUnitAttribute.cs: 044d8974ae3db5a95ccb041aef26bda4 -> 5f9dfa1ba91300b07dfcb7637911afe5
  custom:scripting/monoscript/fileName/Vector2Maximum.cs: dad6c16004c083b92ff14216f63d1fc0 -> b39f29cb9f5cd73cad3574472376d01c
  custom:scripting/monoscript/fileName/IAnalyticsIdentifiable.cs: 29b3e1cd86ac9a4bcf50771daa206514 -> 70dc8e66516260fd78513e1cc0f6fe63
  custom:scripting/monoscript/fileName/SpriteLibrary.cs: 8831b3320965b3e3689bb7aa7e8059f9 -> 6effcb11dd42c7bfeab8f267d73fd901
  custom:scripting/monoscript/fileName/BoneDrawingUtility.cs: 0fb667ae38d48710dccab67114747aeb -> 8155c9cc7b87ccfa01017ee822b5b5cf
  custom:scripting/monoscript/fileName/StatusWindow.cs: 49451d3db4a77cd24558d92080c9b8de -> 
  custom:scripting/monoscript/fileName/Bone.cs: eeabaf26f881a64e6e1de82dae7d5340 -> 56a9157a3eba26033828fe185020ed5b
  custom:scripting/monoscript/fileName/fsOption.cs: de7772d74bed6861283560e924e324ee -> b24fef9b7d8f788fcb798e56a6683ee6
  custom:scripting/monoscript/fileName/MD4.cs: 3aae5faf5a0722ae31d81a807ed3968f -> eb4100b4258ba66e68a6a8330d8ed4cc
  custom:scripting/monoscript/fileName/LabelRequest.cs: 585e345d4f980c72446e9054e9557915 -> 
  custom:scripting/monoscript/fileName/IOrganizationRepository.cs: 1d93243d4f960cc740edc34fde8d9cc4 -> 
  custom:scripting/monoscript/fileName/CloudEnvironmentConfigProvider.Gen.cs: 5a0c9bc3528e508605862cace6052ab9 -> 
  custom:scripting/monoscript/fileName/ScheduledInvocationComparer.cs: 83106d0c8c6b049feeaa7bc89351f333 -> 
  custom:scripting/monoscript/fileName/BoltStateConfiguration.cs: ec0f294c2717a6cc07ac07d3acca5023 -> 7f0afb5bb40a0af5d7867bb5272072c4
  custom:scripting/monoscript/fileName/AuthenticationAdminClient.cs: 530dbc976b0a511266667fec46709199 -> 
  custom:scripting/monoscript/fileName/UnitFooterPortsAttribute.cs: 3b96fb801a5ba4563cb8cda7e211bd76 -> a83dd96a7835f69a82001bffc0f28928
  custom:scripting/monoscript/fileName/IHttpRequestUriModifier.cs: 26b4f7cb948155a472cd366b61666ff2 -> 
  custom:scripting/monoscript/fileName/Changelog_1_4_8.cs: fd152d9b1544d4d7df0ffcd3444ee403 -> a102fd1dacccd7c8d1695d4aa39366b5
  custom:scripting/monoscript/fileName/NonNullableCollection.cs: 8f6297df34271fdb1ce2d9607ec6261d -> 90647cc400823b41df847a6cbfc29026
  custom:scripting/monoscript/fileName/IndexMetadata.cs: 49f46ab72184a5d51a7ed680f750b9d2 -> 50c3373cdce3f523e34fc1c1fe293255
  custom:scripting/monoscript/fileName/fsMetaProperty.cs: 761c4ea9b3c29e8a296bebed3f196dac -> 5a3e26ede3bb92cdf639711d16afa52f
  custom:scripting/monoscript/fileName/UnityObjectUtility.cs: 45144c42939c5083a7925d1a0e9103f6 -> 6dc0360fae0645cff7bca6dd026fb70a
  custom:scripting/monoscript/fileName/TriggerStateTransition.cs: abfb9978b981bd63acf4a8aa32313884 -> 06b53860e9e9291f248fdeff4b88f29e
  custom:scripting/monoscript/fileName/ManualPool.cs: 8f6297df34271fdb1ce2d9607ec6261d -> 90647cc400823b41df847a6cbfc29026
  custom:scripting/monoscript/fileName/ChannelPkcePlatformSupport.cs: a0c49a139149d08192972e937b901508 -> 
  custom:scripting/monoscript/fileName/DefaultApi.cs: 1d4ada5f7be42c3459105e8a4ff7befa -> 
  custom:scripting/monoscript/fileName/UnityServicesBuilder.cs: 2c873918180573f10abfeda6ebefa0f9 -> 
  custom:scripting/monoscript/fileName/AuthenticationEditorAnalytics.cs: d815f95387a4ffed4472fec2c8db79af -> 
  custom:scripting/monoscript/fileName/GenerateDocumentationPage.cs: b8d7c1f47cada23106f144f71ac94713 -> 6967017a7a7835505cba305288ea7800
  custom:scripting/monoscript/fileName/EditorIconUtility.cs: 487d3e6d7d70a245ad678124e315488b -> 9761440b51d3a96f4174d71733b95e18
  custom:scripting/monoscript/fileName/Flow.cs: 6159a47a299bc26ec2741dc388abb6b3 -> c0e2c31ec5006b82669e04ee8ad6d5cc
  custom:scripting/monoscript/fileName/GraphsExceptionUtility.cs: e34e6b5312e5a1e03f2e0ac327a3b00c -> 070085476f15d477c41e81bc549cb949
  custom:scripting/monoscript/fileName/InspectorVariableNameAttribute.cs: c50f5076868fdb5f991cb7794129b2b9 -> 663e94b892e1e213660360335a1673e4
  custom:scripting/monoscript/fileName/Or.cs: a7f863c072224fb5cbed28584cc738a0 -> b3591f68a9fca12d1b7d5d183838839e
  custom:scripting/monoscript/fileName/Vector3Modulo.cs: b150db59e4a8fb5f2d4d2514ec7a7717 -> 81938fd5cdc6017ad5b0cd105b27e6c2
  custom:scripting/monoscript/fileName/ProjectIdentifier.cs: b91e01cea64bfdbd9be10fa94be7a9d5 -> 
  custom:scripting/monoscript/fileName/ServiceRegistry.cs: 9f2f77edf09fc4d5ffdc5ae250d852d2 -> 
  custom:scripting/monoscript/fileName/EnvironmentAnalyticsSender.cs: 8bcdd72c4f4f7ba6fed9617ecb7e992f -> 
  custom:scripting/monoscript/fileName/ScheduledInvocation.cs: 6dd46403260fc3e01309ae7e636c0e8a -> 
  custom:scripting/monoscript/fileName/ControlPortDefinition.cs: 76d866dd1f79099fe60568f555c08b95 -> dd223df850b20f0e24789289697afeb6
  custom:scripting/monoscript/fileName/UnityProjectNotLinkedException.cs: fffb6126e50500c8c570125732d06308 -> 
  custom:scripting/monoscript/fileName/CreateDatasetRequest.cs: 8788f36e847b225371c922164621543f -> 
  custom:scripting/monoscript/fileName/VSBackupUtility.cs: 9b36b8eb396b06698aec96c3092b0659 -> f48684c15527713a19fbb2a154a60740
  custom:scripting/monoscript/fileName/ServiceAccountAuthenticatorSettings.cs: ec937dcb771cf2cf901b0b927f495809 -> 
  custom:scripting/monoscript/fileName/SwitchOnEnumDescriptor.cs: 141902479ff8ee726e521ef91112ac18 -> 38271703977ddd2213ed3796fd4afa13
  custom:scripting/monoscript/fileName/EditorWindowElements.cs: edaa13483608cff8435935031b2c443a -> 9ce8ecd032923251a9603a9fc20f3eee
  custom:scripting/monoscript/fileName/IPlayerAccountService.cs: 6c6700fe321ef49076fb1c9df0aa1a53 -> 
  custom:scripting/monoscript/fileName/StaticActionInvoker_1.cs: 00afda585609cf7ea1abdfe57d498a6c -> 0bfaadd9c6343f03b56ac7e40b9c81b8
  custom:scripting/monoscript/fileName/ISingleton.cs: 14dce0b9b6ffe10d061b31d80d8a2cf3 -> a5e14167f04cbbb01de32a7a91333af3
  custom:scripting/monoscript/fileName/AnnotationDisabler.cs: d8d68d54e73904ee8ab7a952e5a96712 -> c2339321c056ad2fccad1be0961731f3
  custom:scripting/monoscript/fileName/IGraphElementWidget.cs: 7980f1062a33432f245e8bef5860b761 -> 6f5a520c02688d344835c991f66939c4
  custom:scripting/monoscript/fileName/LinkWithOculusRequest.cs: 0097546a65d45b69945f7cde6df6f6f6 -> 
  custom:scripting/monoscript/fileName/BaseObject.cs: 66de38dd35f05e78d909660371b124f2 -> 61b055637bff86a4937a2a2a275cc529
  custom:scripting/monoscript/fileName/UnityOnCollisionExitMessageListener.cs: 78005fa3b38bb1af21d7da5b6c0956f4 -> b0a08e5cc20b1982a6096a7ad85bb698
  custom:scripting/monoscript/fileName/GenericSubtract.cs: 4c285e58ed75fba52dc3ac6bbd1de594 -> 391f66c1e0bbf206a1d97fd5d2634ab6
  custom:scripting/monoscript/fileName/ServicesInitializationException.cs: 905c414eaf6bb9e99e87b7be57e80385 -> 
  custom:scripting/monoscript/fileName/PlusHandler.cs: 299a98dfae71eecc6a7d338ccbe69d02 -> 23a6ebd80ad2cbdfcd34b41182fb2bf9
  custom:scripting/monoscript/fileName/UnitConnectionWidget.cs: 8f6297df34271fdb1ce2d9607ec6261d -> 90647cc400823b41df847a6cbfc29026
  custom:scripting/monoscript/fileName/Changelog_1_4_11.cs: 7aa35214ee4fedb8de732e98cdbee056 -> bc60708d8d8fb6b456c28ba3d6c7df7a
  custom:scripting/monoscript/fileName/CoreRegistry.cs: f8cefd7d8b5109f3c61c0ba5ed06a2ed -> 
  custom:scripting/monoscript/fileName/EditorUtilities.cs: 00dd9d08e89c5e47d4234ce81835cc81 -> b1bc271083dd157e93facee9194a583b
  custom:scripting/monoscript/fileName/Configuration.cs: 4d19c1da7f614cc93468a9d05d08dc7d -> 
  custom:scripting/monoscript/fileName/MainThreadInvoker.cs: 88ac8e398f451e13da4907da376b2060 -> 
  custom:scripting/monoscript/fileName/AssetDataSource.File.cs: ebc0fad151fb9bb8e368592886229376 -> 
  custom:scripting/monoscript/fileName/InvalidJwtException.cs: 44c6d327479bc7179514ecd464e65b5b -> 
  custom:scripting/monoscript/fileName/ColorExtensions.cs: 8de9159d9e1b0a6ccd4fa00082602ff9 -> ba195fba6073ee3d24e90642964c8f90
  custom:scripting/monoscript/fileName/StateTransitionDescriptor.cs: 8f6297df34271fdb1ce2d9607ec6261d -> 90647cc400823b41df847a6cbfc29026
  custom:scripting/monoscript/fileName/SwitchOnString.cs: 05694c188f167ef80e637f7583e3ed08 -> d6fb89e82c35b0e52652d58c964e297e
  custom:scripting/monoscript/fileName/KeyValuePairInspector.cs: d5b089a958fbc236aabf3b7761690784 -> f9185cddc8c17d28045c8a0d3d214765
  custom:scripting/monoscript/fileName/IProjectStateRequest.cs: 27b27df4e3b68078a5908d7df6fce95f -> 
  custom:scripting/monoscript/fileName/EnsureThat.Collections.cs: bd7acbee6d9d5a238167e20a62147c52 -> d013aa59ca1af7ae620960a166e69902
  custom:scripting/monoscript/fileName/Role.cs: 09bd15c04ef1f5a5154758abac310b53 -> 
  custom:scripting/monoscript/fileName/SampleConfiguration.cs: e6fa567b09c5f40e33435970c5a7f3cf -> 
  custom:scripting/monoscript/fileName/TernaryExpression.cs: 415180d12d164f61b626cb5c3d2efc50 -> aa70d1a657a753c0bca52fb719ec89f5
  custom:scripting/monoscript/fileName/GetVariable.cs: b16e79c075e74d6bae0e5d931cb4ca96 -> 937d9e68b65fa07257d3a15675042c14
  custom:scripting/monoscript/fileName/SerializedPropertyProviderProvider.cs: 70b883785219b9d0c48168843d3fedf8 -> 40eaab951cb7123152a4507dedb9686f
  custom:scripting/monoscript/fileName/ElementAdderMenuBuilder.cs: 6b8334b81672793ba583ece7ebf91ae4 -> 6524527ed03ce37616c81066af34184f
  custom:scripting/monoscript/fileName/RectSelector.cs: a53f96815da50de15010b1c479bc70cf -> 0cdf409b5aa8d4c25876d72b5c6a3b60
  custom:scripting/monoscript/fileName/ProjectData.cs: d9fd363a4945d8d25b49dbe99096f857 -> 
  custom:scripting/monoscript/fileName/GlobalMessageListenerEditor.cs: cb966856393f5d16d4a5975167270d5d -> ef4de26e90749b5f477a7aa1a2305de9
  custom:scripting/monoscript/fileName/AnimClipUpgrader.cs: 3850d2eb150e1548f5d2633b9834190f -> 1cde96964025d4dd76b8ffa450cf6e7a
  custom:scripting/monoscript/fileName/IUrlProcessor.cs: f8aa57cde9f04ef9d6a07ba1525c619d -> 
  custom:scripting/monoscript/fileName/IAssetCreation.cs: b9a0e62bdd310023ffa54ddc592adce6 -> 
  custom:scripting/monoscript/fileName/InspectorRangeAttribute.cs: b739a1a0136df8add1330cd12849eaed -> e24db675dcbebfa007cd999c2628628d
  custom:scripting/monoscript/fileName/EditorVariablesUtility.cs: 01716d9129a9cc24bf652c8ebd5651e7 -> 405d09cf9e2bfa01d36ebbc7485659cd
  custom:scripting/monoscript/fileName/GraphOutputDescriptor.cs: 862fd6a4ffa46f8611a52ca8b9c9bf96 -> 02feb0351444ef977539531978a41825
  custom:scripting/monoscript/fileName/MultiValueFields.cs: 92feaae69dc301a2f282f4a007ef0236 -> 
  custom:scripting/monoscript/fileName/AuthenticationWebRequestUtils.cs: ccbc2518c41f11c6950ec9367145e63d -> 
  custom:scripting/monoscript/fileName/IAssetReferenceData.cs: 0f4e9a6753dbd41508bbe45691ea74d2 -> 
  custom:scripting/monoscript/fileName/SetVariableUnit.cs: fe2d871b16b2c4b4f8887ac75f9411eb -> 3540538c7a8fbe9f599c4876a81d3575
  custom:scripting/monoscript/fileName/clipper.cs: 063fb384840abe78e0eb4b0bdf517663 -> 53f5c40fad751f34bbeafb535c00f79e
  custom:scripting/monoscript/fileName/Acknowledgement_MD4.cs: 0a2ee8db3f61e9bd3209b17b0ead6519 -> 4015ed0a6bbed71e0048bfd392257455
  custom:scripting/monoscript/fileName/AssignLabelRequest.cs: 0c3911c9a25ee13f7b06985473e36d79 -> 
  custom:scripting/monoscript/fileName/XmlLinkedType.cs: 879123e42892f87010bef78e341312d0 -> 
  custom:scripting/monoscript/fileName/IUrlRedirectionInterceptor.cs: c0ab8b331805d056328144066429a37a -> 
  custom:scripting/monoscript/fileName/AuthenticationSettings.cs: 647b269b730301254a80170cfe4643c8 -> 
  custom:scripting/monoscript/fileName/DetailsPageFileItem.cs: 75c4962a4df9241dcf46fb59b9b4472b -> 
  custom:scripting/monoscript/fileName/ProductContainer.cs: 1140e5dce6990ee7d5c3568a4205543a -> f49f441f3debf66fcb525177fd183e49
  custom:scripting/monoscript/fileName/AssetInfo.cs: 8a2b889a05e308efd96ccb18d623914e -> 
  custom:scripting/monoscript/fileName/UnityOnPointerDownMessageListener.cs: 810a57c6faa4e8bfd67a3aed00674588 -> 56d6eec92cfbb038e5f81145a6773e49
  custom:scripting/monoscript/fileName/EditorGameServiceDashboardHelper.cs: ea8538090dcae2327f4c15e2ca056258 -> 
  custom:scripting/monoscript/fileName/IAssetFreeze.cs: 61fad12a7fb2ef5dd63564dc977c6462 -> 
  custom:scripting/monoscript/fileName/AuthenticatorRoleProvider.cs: b14d414f94ec47d6e0d095b83b25519e -> 
  custom:scripting/monoscript/fileName/StateUnitEditor.cs: 063e101beb0b9f79bd4322df0da3396e -> a783358bc29525a8ac21e08a6be658df
  custom:scripting/monoscript/fileName/MacroDescription.cs: 3307be0e38cdd235639ffd2167433c39 -> e5b9efa99a3e435dfaad6343f6d77f28
  custom:scripting/monoscript/fileName/GraphNesterDescriptor.cs: 60e47efc4d72a1391a50ce58a2e25ff3 -> 216366f743dceb5c040cdbad87274c15
  custom:scripting/monoscript/fileName/OnMouseOver.cs: 55a8b7f639685553137c7a64d6aaa211 -> 05cc891e4ed03474ab2c3f3b7cc6f1c1
  custom:scripting/monoscript/fileName/IDrawer.cs: ab9666030d8bf464daabb204e95159f5 -> 2a634d16dbce7c36b6b536faa180ad3f
  custom:scripting/monoscript/fileName/ServiceEnumOverride.cs: 90647cc400823b41df847a6cbfc29026 -> 
  custom:scripting/monoscript/fileName/PaginationHelpers.cs: b8fc44ee5e08d453215a3a22b1c69836 -> 
  custom:scripting/monoscript/fileName/JwtDecoder.cs: 76611956f2db354049ff7fae19b41a2d -> 
  custom:scripting/monoscript/fileName/ValueInput.cs: ca983cd0ddd87c9459bd1b5550d65645 -> 93b2a8a806416e7a3ca382ba9d054930
  custom:scripting/monoscript/fileName/GroupId.cs: 918f766111da31d60e59fe44a4a16668 -> 
  custom:scripting/monoscript/fileName/CommonBrowserInterop.cs: 9e1b4235777c9ed5e6877415e35e8f40 -> 
  custom:scripting/monoscript/fileName/Models.cs: 4371e7ade6834e42bf19e294e843cde2 -> 
  custom:scripting/monoscript/fileName/UnityOnDragMessageListener.cs: cf78c5f59333343fd5dd3eec0bdd9010 -> 38dd0671f06fc5a2adaae423e52f1412
  custom:scripting/monoscript/fileName/SetVariable.cs: de3be8069664c89416ac3ddc0d845e13 -> 89a45cab051c5c90d80aeb59fba7f00e
  custom:scripting/monoscript/fileName/MemberFilter.cs: 8bd86cfa21941ad99fd668cce1ffe830 -> 4fcb85111f9f60bfa653460f0315c1d8
  custom:scripting/monoscript/fileName/ServicesInitializationCompletedEvent.cs: 99b0e5d715149a503c36ef82db36fabc -> 
  custom:scripting/monoscript/fileName/Vector2Average.cs: 42ba5ae88c95b1393d7af5727b68a051 -> db276bc76ca034cb09bfafe3c730361d
  custom:scripting/monoscript/fileName/SearchAndAggregateRequest.cs: a74ee7b16d82b34c5d7c83a937dfc5b9 -> 
  custom:scripting/monoscript/fileName/DragAndDropData.cs: 231bbe3d1291aa1b5d0ae88e5eb26c9f -> 965ba97858469b82b8d1027a5252919d
  custom:scripting/monoscript/fileName/TabView.cs: 8fd7c83c5b0b742c81d131a13fa80dd5 -> 
  custom:scripting/monoscript/fileName/IApiAccessor.cs: eaf638af3f88c56eba1f2e7971ff620a -> 
  custom:scripting/monoscript/fileName/ApplyRevertChangeTracker.Gen.cs: 90647cc400823b41df847a6cbfc29026 -> 
  custom:scripting/monoscript/fileName/ControlInput.cs: 1591ef4c9adc8bc8170d00f3e1e9cd18 -> bad610033901f5cad060427ff5078614
  custom:scripting/monoscript/fileName/IDatasetUpdateData.cs: 6a2004318a57a25e5478ad3d94a25d5a -> 
  custom:scripting/monoscript/fileName/MetadataName.cs: 8b79d4f59acad89868b887ac43fcc574 -> 
  custom:scripting/monoscript/fileName/EditorPlatformUtility.cs: 6ee42314d21e0fd07cac4197bb767a02 -> 7d897b2b514488ac2300b19423bc76ad
  custom:scripting/monoscript/fileName/IUnitValuePortDefinition.cs: 78bce643cbb67f117fdf0cca0e0baffe -> 724b9e7a662a91b8e066c969e2eca086
  custom:scripting/monoscript/fileName/CreateIdProviderRequest.cs: e2061cfc81eaadab048d08158b09db81 -> 
  custom:scripting/monoscript/fileName/AccessTokenExtraClaims.cs: 3553b8c5038ae1b47b855d63b5fa3f50 -> 
  custom:scripting/monoscript/fileName/ServiceAccountCredentials.cs: 81f12aeec1a366592dc1b3edcbf8a8a1 -> 
  custom:scripting/monoscript/fileName/CollectionExtensions.Gen.cs: aff9dee80b4292d09c09f3acd69a3289 -> 
  custom:scripting/monoscript/fileName/NumberRangeMetadataFilter.cs: d7259638fb1711d889c167b3c31037dd -> 
  custom:scripting/monoscript/fileName/CollectionRequest.cs: 477eaa0b393712307cb2814d1bdaea87 -> 
  custom:scripting/monoscript/fileName/PluginModuleDependencyAttribute.cs: 458c4ab7714c2fdd768d8e55c036c512 -> 1d86600f560c8362daab0b46771b4def
  custom:scripting/monoscript/fileName/DictionaryInspector.cs: 829e54e9e9b62266383c47dcd0be398f -> 5e47a309f7aaaeb60cb418254568b713
  custom:scripting/monoscript/fileName/IComponentRegistry.cs: 31dc7d917392108590a76b6f7b8e718f -> 
  custom:scripting/monoscript/fileName/UsernamePasswordRequest.cs: 7e5780922b805971261793e5a1167fa3 -> 
  custom:scripting/monoscript/fileName/IEditorGameService.cs: faa7656610bf6f8463e95c403d6c6e6c -> 
  custom:scripting/monoscript/fileName/GenericClosingException.cs: b129aa1bd51456441bffbaaf4c9c6ae0 -> d54ed17345e369654f2a80a23e3cf95b
  custom:scripting/monoscript/fileName/SelectionInspectorPage.cs: fdc98c5d88792983574cd7a27b52c4d6 -> 
  custom:scripting/monoscript/fileName/ExceptionUtility.cs: 7d5e7a2b2f6dabd1ef0077a4f06479d6 -> 25d20013e10ca463fa49fc21fc82fb3f
  custom:scripting/monoscript/fileName/IGraphDescription.cs: 8572710615a720b2580d9a5dd03c4b9b -> 67d447df4a6c3c41df2d0c052b2427f5
  custom:scripting/monoscript/fileName/FlowGraphContext.cs: dc3fbc0d50bbb9fbcd50bf2ad65f77f8 -> 4c849f4dcfaa304a086ff076ad0eb062
  custom:scripting/monoscript/fileName/IAuthenticationCache.cs: 4d9ca89ba7e066e3a44a508b8eb66162 -> 
  custom:scripting/monoscript/fileName/Changelog_1_4_3.cs: ee01e8f0d6965f5c8c68a7d0fcf007e8 -> 680383a666bd7e7c8fad1b500546390b
  custom:scripting/monoscript/fileName/ParsedAssemblyQualifiedName.cs: d78063fdaeec04f24cd8b113d3db9c66 -> c55c460db9cda5a414866b861460e394
  custom:scripting/monoscript/fileName/SkeletonView.cs: 3705047cf414502341d259471df35dfa -> cdd7137caca9f146bcfd2db973906bf1
  custom:scripting/monoscript/fileName/SeparatorDropdownMenu.cs: 1779bd7adad6648a9b7cc80ed5d23390 -> 
  custom:scripting/monoscript/fileName/IUndo.cs: 5eff4488614bce92d6be71b3dbc0ec46 -> 957f1210b66789e77c21bbb70ea84f1d
  custom:scripting/monoscript/fileName/Vector2MoveTowards.cs: 7a4f0eaac535d20a5b4ddf9a4f1c51de -> 313c48b5a0c47a87c1f70ad14d642ed8
  custom:scripting/monoscript/fileName/AssetDescriptorDto.cs: eb93a87539a18d599cc072e0d06b95ca -> 
  custom:scripting/monoscript/fileName/WebRequest.cs: b90b0ec19658d17a44d6bd4139377b43 -> 
  custom:scripting/monoscript/fileName/UnityOnMouseExitMessageListener.cs: 7a098e48e805aeca9bb406780456af69 -> 470a6ea910837766285148cad744f2ce
  custom:scripting/monoscript/fileName/EnvironmentSettings.cs: e2b98ee836b42374bfa16506e47055ce -> 
  custom:scripting/monoscript/fileName/RunItemContext.cs: 1e36b1658d4c907e69f001bef01231f6 -> 338b2243183036c2b60f94c1b5e817c5
  custom:scripting/monoscript/fileName/FileMapper.cs: d6109c9a138e1bc926d7fbe7ccd6d531 -> 
  custom:scripting/monoscript/fileName/Migration_1_0_2_to_1_0_3.cs: 59d39f87cb912ee231d94ed65aa850e7 -> fc0e7ad5aa9e7b51cd28c8ee73212bdd
  custom:scripting/monoscript/fileName/TriggerCustomEventDescriptor.cs: 9102b562739ac46c30d45fa3deb9c263 -> 22b8266a530e8a89484401a655d2dc53
  custom:scripting/monoscript/fileName/LessOrEqual.cs: e15d04a276042be71e7a4c2f25c13aec -> 132f7c25b3226b0d0274e3e475b6b7f0
  custom:scripting/monoscript/fileName/InspectorImplementationOrderAttribute.cs: f16cb8fd0f89b18276bbe5b519341729 -> f5b56e0617c114ecd5a5b92f8688494d
  custom:scripting/monoscript/fileName/SavedViewCreatedEvent.cs: 0779a14e8f935f401bf7adc37a003ed3 -> 
  custom:scripting/monoscript/fileName/Entitlements.cs: 7634ccac3ec906f997650b8482ee33d1 -> 
  custom:scripting/monoscript/fileName/Vector3Divide.cs: 21a9ac702a7780741cf28958981c1163 -> 5ad1da99801f0509a2d8366f6c6f33d4
  custom:scripting/monoscript/fileName/IEntityJsonProvider.cs: 47240638253bfd3e9e031e0e599f3e48 -> 
  custom:scripting/monoscript/fileName/UnityOnMouseDownMessageListener.cs: fd102c7c06e116356fabde2bf552ce92 -> 0506c9f43d22f59fdeae66f547b949be
  custom:scripting/monoscript/fileName/ChangelogPage.cs: 2ce6d8b391f85669652eb7f3a3042ec3 -> 412f58e26b18daba23878e96f8c2a6e0
  custom:scripting/monoscript/fileName/StringInspector.cs: b11a134d1ce0807a7e99562062642891 -> 0242526d0f2c21873a79121aa8d4a1d1
  custom:scripting/monoscript/fileName/UnityConnectProxy.cs: e36b381b64d1229b53f88e1a00d25375 -> 
  custom:scripting/monoscript/fileName/ImportEndEvent.cs: 9cb4bec5b3e6c39732c2e0a2ddc0233f -> 
  custom:scripting/monoscript/fileName/ActivateAppFromUrlEditor.cs: 8e3f7297772d17edce6cb80f07a17dcf -> 
  custom:scripting/monoscript/fileName/InstanceFunctionInvoker_1.cs: 8f6297df34271fdb1ce2d9607ec6261d -> 90647cc400823b41df847a6cbfc29026
  custom:scripting/monoscript/fileName/StaticActionInvoker_0.cs: 00afda585609cf7ea1abdfe57d498a6c -> 0bfaadd9c6343f03b56ac7e40b9c81b8
  custom:scripting/monoscript/fileName/WeightPainterTool.cs: 01f3a3582ba37abdecea24d1b7d97f03 -> ae0370720ee56854bcadfe79a4e6184e
  custom:scripting/monoscript/fileName/Vector4Modulo.cs: 41378229bf7c2213ccd56d551f034c0e -> d7fee6d712abb4e0e3d51992408f52aa
  custom:scripting/monoscript/fileName/CastMetadata.cs: f52bed10fb945b4a99b8c4b32fdb35e6 -> deb87d628c2dd63480dfa8f635e2dc07
  custom:scripting/monoscript/fileName/ProductAttribute.cs: 5391527e6f901bdbae14133166ca22e6 -> 4621298feb51d74b1b091dd029fcd86a
  custom:scripting/monoscript/fileName/IChannel.cs: db8ed6536767d05dc3fe7251f4a4dcd3 -> 
  custom:scripting/monoscript/fileName/RetryPolicyExceptions.cs: 6ea3bdd315568da496b650145a11abca -> 
  custom:scripting/monoscript/fileName/IAsyncOperation.cs: f56289e88c7dcb628d7e5619c74e7538 -> 
  custom:scripting/monoscript/fileName/HttpRequestUriModifierRequest.cs: d3bf8d75c2c4d79d4658a34032389670 -> 
  custom:scripting/monoscript/fileName/XmlLinkerModel.cs: d4c2817476b9b278a7b7808d61032596 -> 
  custom:scripting/monoscript/fileName/Solver2DEditor.cs: 6ba9ed1073fa8cf97bd61cd4257854c8 -> c933c9b6440fef439e3d26f0d75ac38d
  custom:scripting/monoscript/fileName/MemberUnitOption.cs: 79251df4bbe142bd57bddef5e371edf8 -> 5e0960bfc409792b2e73aa709f59901e
  custom:scripting/monoscript/fileName/CodeLinkConfirmResponse.cs: b976c5903ee9629c4342ec286e462614 -> 
  custom:scripting/monoscript/fileName/AddDictionaryItem.cs: 0003d9de13ee8682c18f88cc7f0d983b -> 403b6392ab143d2b0325de7ac10f612a
  custom:scripting/monoscript/fileName/GenericListAdaptor.cs: 8f6297df34271fdb1ce2d9607ec6261d -> 90647cc400823b41df847a6cbfc29026
  custom:scripting/monoscript/fileName/Persistence.cs: 431926b6a45564ac960ed753daf9f997 -> 
  custom:scripting/monoscript/fileName/SignInResponse.cs: 58e2a52227b6e8e4b12586b59f28ce25 -> 
  custom:scripting/monoscript/fileName/ApiRequest.cs: 24dda10606541e407b87a8c947a2d0e7 -> 
  custom:scripting/monoscript/fileName/ApiException.cs: 02aa5ba039e149716ee5e83594a81068 -> 
  custom:scripting/monoscript/fileName/CheckProjectIsAssetSourceProjectRequest.cs: 752d1a3a5bb084eb501a50055d6d41b1 -> 
  custom:scripting/monoscript/fileName/FieldsFilterUtilities.cs: 19b5b36c06891e5c9246792aa7ac1089 -> 
  custom:scripting/monoscript/fileName/GetFileUploadUrlRequest.cs: aea9391a1ca092f39e3f36b7134e451e -> 
  custom:scripting/monoscript/fileName/MetadataFields.cs: ee42ef152a665f5ca226b498c8e754f5 -> 
  custom:scripting/monoscript/fileName/ControlConnection.cs: 36c2337d50eda7e96e0681f649766a3a -> 4d3613e0722197982ea9be1dc0067fe7
  custom:scripting/monoscript/fileName/RayConverter.cs: 4042cfdf24c8404c73265b2c63ae44b0 -> 70db3ce2ae6757437009c235f9f1830e
  custom:scripting/monoscript/fileName/Literal.cs: 554345611768aae0ad4c9d33b5da138f -> 5fa60b068851353d7484ade85087cdd7
  custom:scripting/monoscript/fileName/FieldDefinitionMapper.cs: d6109c9a138e1bc926d7fbe7ccd6d531 -> 
  custom:scripting/monoscript/fileName/SkeletonToolView.cs: 5005623bdfd83b058e7fed6c081302ab -> f312973f855fefb2a5e31f597b00a0ca
  custom:scripting/monoscript/fileName/Timer.cs: 69ef01f865fcf50d7b8d18610cfe04c0 -> 2a2c41e1305ce1487e3429cff82a958a
  custom:scripting/monoscript/fileName/MultiDecoratorProvider.cs: 8f6297df34271fdb1ce2d9607ec6261d -> 90647cc400823b41df847a6cbfc29026
  custom:scripting/monoscript/fileName/DropdownMenu.cs: bcb116bd7e3c70b3b4e23f03c8e23d5e -> 1d276c86781b11c89ed976c23c87fefe
  custom:scripting/monoscript/fileName/IStateWidget.cs: 5962eedbd7810070de1eef3b8a9df450 -> 304848fc58ea31e366c0bc60f1a42461
  custom:scripting/monoscript/fileName/Metrics.cs: ff969a3864869c6435b83c963d65cf34 -> 
  custom:scripting/monoscript/fileName/RigToolbar.cs: 7482658397fe88999a5fde4a16f4e98d -> 411358637244f20c9d61d110c817f6aa
  custom:scripting/monoscript/fileName/StateAnalyser.cs: 8f6297df34271fdb1ce2d9607ec6261d -> 90647cc400823b41df847a6cbfc29026
  custom:scripting/monoscript/fileName/SideBarFoldout.cs: 116dea5638503dd4957972bbf2c55b5b -> 
  custom:scripting/monoscript/fileName/IVivoxTokenProviderInternal.cs: 8f6eac73831e2d88349c636e0c8277cf -> 
  custom:scripting/monoscript/fileName/fsReflectedConverter.cs: c2be78db4aefe1c32c6b0955891dd83e -> 1f3040546bc3f1283afaa80cfcfdfbf8
  custom:scripting/monoscript/fileName/OnCollisionEnter.cs: 42c9532176269e7e106871d3b4c8d6d0 -> d3d3b20f83aef2fe488f71f3cad9fa98
  custom:scripting/monoscript/fileName/UnitInputPortWidget.cs: 8f6297df34271fdb1ce2d9607ec6261d -> 90647cc400823b41df847a6cbfc29026
  custom:scripting/monoscript/fileName/PortLabelAttribute.cs: 9845bb9f9d0fb7a112ba6ec0fc909495 -> 2c64dd89c33fbcdb0fd6988c53ab898c
  custom:scripting/monoscript/fileName/ScriptReferenceResolver.cs: 477a064628012e226d7170309cab03fc -> c15fff18fb123a126f0ba3e841f063b8
  custom:scripting/monoscript/fileName/Vector2Sum.cs: 6e34b0b4d4e0e487aa96bb0c9be6d272 -> 6d4cbf9a8b3568a94b8f19d2ed5f6908
  custom:scripting/monoscript/fileName/Analytics.cs: 2daac7c12a49b3dacf6e936d64587625 -> 6064f64295f4984d7a3cdf9107eaeb9e
  custom:scripting/monoscript/fileName/MacroScriptableObject.cs: 39ffe8ea410937d7b69351fe9bf8e2ab -> 8b8b461abf55d6cdcdf81520332a4299
  custom:scripting/monoscript/fileName/AllAssetsInProjectPage.cs: a3f3a0685aa044f32a97d5ddfdc2dabe -> 
  custom:scripting/monoscript/fileName/GraphInputWidget.cs: a8018a8f89bf2f5eb00d58d8cdd51316 -> ab6fbce3a8e2d016faf37ede4441df69
  custom:scripting/monoscript/fileName/MemberMetadata.cs: 00fb405a35741d822419dac8d764d075 -> 9819d3e17d83cb8e7de2eb79d52880b0
  custom:scripting/monoscript/fileName/VariableNameInspector.cs: 4459870edeb6f4bbf1998940f9deb245 -> ddbd00355483868a265a0c3df2a9d45d
  custom:scripting/monoscript/fileName/FieldDefinitionListDto.cs: 12c27adce882964aed9ca224343e2f16 -> 
  custom:scripting/monoscript/fileName/OnExitState.cs: 0c48b86f00dbbf922cfd73db53a5a49b -> cd4ec5fa178a158a6f6c290f1dec3133
  custom:audio-encoder-webm-vorbis: bf7c407c2cedff20999df2af8eb42d56 -> 
  custom:scripting/monoscript/fileName/IElementAdderMenu.cs: dc46bd0de39bcc7392a84f55d0663a9b -> 195c1d9d5fa40cd345cf0eb79319ed99
  custom:scripting/monoscript/fileName/UIElementsUtils.cs: 3667d06ca7694a3a1d9ec185dc5c495e -> 
  custom:scripting/monoscript/fileName/fsArrayConverter.cs: 8d619ef98eab398a5594d4f82df09a0c -> 48ac6eff7ea589771d49f6d03d90520e
  custom:scripting/monoscript/fileName/Migration_1_0_5_to_1_0_6.cs: 734d0a91ff791a37efdb4e2a0724b5df -> 9e98b1a64bf0adf71f51fa466d71729b
  custom:scripting/monoscript/fileName/ProcessId.cs: 4df0e7ea78963c38a2a6992d84304126 -> 
  custom:scripting/monoscript/fileName/Paths.cs: 2997a00ec412e86f078bc682aae0118c -> 9aa7137ecd81044fb2d16e5bb97b34f4
  custom:scripting/monoscript/fileName/And.cs: d9b94a61be764795c22c8a022b9a94c9 -> 14cf368ff67251f22aefdff138c9277c
  custom:scripting/monoscript/fileName/IProjectsJsonProvider.cs: 8eef682788bf70e026b368d194430350 -> 
  custom:scripting/monoscript/fileName/SpriteLibUpgrader.cs: 2dc9b491118bcdf3ac746e4ba09e05e6 -> 1e2eaa8189d7773a167d860436f80adb
  custom:scripting/monoscript/fileName/GraphElementAnalysis.cs: 9981a5ec90b59935098974768b8cbf72 -> 539b35fbcfd1625f7ba10a1b826d3b5a
  custom:scripting/monoscript/fileName/UnityWebRequestUtils.cs: f709ddaaeb44d62e1a53fe224983d54c -> 
  custom:scripting/monoscript/fileName/DependencyTree.cs: 0bd2915409b5c0af8089da1663502e47 -> 
  custom:scripting/monoscript/fileName/Constants.cs: 1475231fa005471a3933827d395b87b6 -> 
  custom:scripting/monoscript/fileName/ClearDictionary.cs: f9634aad990df55dae996bf6887809b1 -> 86d62d7f881835126925af964aee9d5e
  custom:scripting/monoscript/fileName/FileRequest.cs: 5f43901c60ac3af06b5e0890f3048fad -> 
  custom:scripting/monoscript/fileName/UnityEditorInternalException.cs: 362c0be9c0295c44815a9eb3c6971822 -> c1744c1967503e78e58db8ddcabd976e
  custom:scripting/monoscript/fileName/UploadEvent.cs: ede27088b6f7648001d837cf7c717da0 -> 
  custom:scripting/monoscript/fileName/SettingsToggleEvent.cs: eda11d2bc814b6f6507959fd97049e1c -> 
  custom:scripting/monoscript/fileName/CreatedLabelDto.cs: 47b33c8b5646d1bd0e70392d80446223 -> 
  custom:scripting/monoscript/fileName/FilterSearchResultEvent.cs: faa4541716eeb8051fcaed0f8f2bad59 -> 
  custom:scripting/monoscript/fileName/PersistenceV3.cs: b60794bf2287ae4f4cde6680fc79b9fc -> 
  custom:scripting/monoscript/fileName/BaseOperation.cs: 0e3f5ae80dca4f036632137bf440ecdc -> 
  custom:scripting/monoscript/fileName/WaitUntilUnit.cs: b88c45101281712eb26ed737105db617 -> 0004588bf524a626cd3029a3e5cd3ec1
  custom:scripting/monoscript/fileName/VariableUnit.cs: 0412c6e8b14c4ca56d498133460579d3 -> c552a6b906d17efbcc9e489cf1dfeb3d
  custom:scripting/monoscript/fileName/AssetId.cs: d56f8a3686fb67c3730566b82de463d8 -> 72051ac5858b603f67e79ad23943c39b
  custom:scripting/monoscript/fileName/ServiceExtensions.cs: 4ff212d3230deb752a19f90402dda7e2 -> 
  custom:scripting/monoscript/fileName/AotPreBuilder.cs: c78e200145d172a44390334ca33355cb -> a619c94793634b3383ae3fe883a1d96c
  custom:scripting/monoscript/fileName/ScalarNormalize.cs: 36fabf3a1b915b323429532d3b557f1f -> fe45828eafa42723e79cab41d207f21f
  custom:scripting/monoscript/fileName/AsyncOperation.cs: f23cc551eab7049146420a4196093425 -> 90647cc400823b41df847a6cbfc29026
  custom:scripting/monoscript/fileName/OnSelect.cs: 8212e6ed8f97c793fccb2df266d71b0c -> c89a319b8e656962861b88c3f5af3a63
  custom:scripting/monoscript/fileName/GetFieldDefinitionListRequest.cs: 3434b65e24861876300b0599c5d00c8a -> 
  custom:scripting/monoscript/fileName/CodeChallengeGenerator.cs: c1cbbc45173840c0311c73c8d8061303 -> 
  custom:scripting/monoscript/fileName/CoroutineRunner.cs: 214ecd2b147bdd986d9ab35fd017bd05 -> 06bef19f6905915189ed09a2db9f2885
  custom:scripting/monoscript/fileName/FABRIK2D.cs: f71e89c130d3338dbaae431d5a6f1897 -> 846d926e43e7ca5a5128e61534d6c17b
  custom:scripting/monoscript/fileName/GraphInput.cs: 2c3ef4cf2861ae0bdd3822056dcc108c -> 38537458a29427648a1c0170f4df51dc
  custom:scripting/monoscript/fileName/StandaloneBrowserUtils.cs: 37fbe853d847990876bc55459b4afabd -> 
  custom:scripting/monoscript/fileName/UnaryExpression.cs: 2cab5018a505a16853b4297f508d24fe -> 8e2fb9c5c84a09c0038f11336e8c1a49
  custom:scripting/monoscript/fileName/AdditionalAppIdElement.cs: bd18c3d47e69be5f55c7d02783cbdb1e -> 
  custom:scripting/monoscript/fileName/ScalarRoot.cs: 7d0812aaa535654f6e9e471b1d4765d2 -> 2f2c093f55e0afb071079b475bb2618c
  custom:scripting/monoscript/fileName/PrivateCloudAuthenticatorSettingsProvider.cs: 248ad316d572b13240560aa62d5fa21c -> 
  custom:scripting/monoscript/fileName/AuthenticationSettingsElement.cs: 8d3a16bad4c3a41a27e6331bc8afa6bc -> 
  custom:scripting/monoscript/fileName/Page.cs: 0c22778f268d6ebaa06e8a99402e8e6b -> 27162f8fb4f23e9f9184b021d73fb036
  custom:scripting/monoscript/fileName/NumberMetadata.cs: 1d7a0c7ed90c43e3abfc5c2484f67dca -> 
  custom:scripting/monoscript/fileName/UserMetadataFilter.cs: 7bb85cd3ff9ba148e7600e51680432c8 -> 
  custom:scripting/monoscript/fileName/UnityAddressV1.cs: 4d4ba30b341c7e72810f3c36b5914fa5 -> 
  custom:scripting/monoscript/fileName/BoltFlowPaths.cs: 9e9b7f730adfea697fd7f6f51cb8441b -> 93f8bcc5d966746cf0aea1cd046efb47
  custom:scripting/monoscript/fileName/ReflectedInspector.cs: ffe510154f43835bb6018289297af664 -> 4cafee303b7364d99bd5f7c77da33ff2
  custom:scripting/monoscript/fileName/IOptimizedInvoker.cs: 2cbc5507b69987e32087d51e1bb3c9ce -> 4efa479f81f9faf479bb77c9efc5832c
  custom:scripting/monoscript/fileName/IAssetProjectCreation.cs: 81a75ccd18a1998ff8e18f4a1e0babf6 -> 
  custom:scripting/monoscript/fileName/IGatewayTokens.cs: af8d58613a9fd459a444ee8b327072b0 -> 
  custom:scripting/monoscript/fileName/PluginModuleAttribute.cs: 9f3b114aa5a5d4530fa83d19c668db48 -> 9438e3a246c835bfe5e3d50e5e21f690
  custom:scripting/monoscript/fileName/fsCyclicReferenceManager.cs: 44681a828d1a5ad57a6b57d4bddb1ef0 -> 258e03295059b95862832a25fb79a7dd
  custom:scripting/monoscript/fileName/SavedVariables.cs: c33f16acf191e32da87563b558a6f6b9 -> 9bb9501b31a1470df4a5649f9f73f569
  custom:scripting/monoscript/fileName/fsDictionaryConverter.cs: 408015f82cd16cae09f6ad6af7f4b7fb -> dc752e3537a9eade2dc03d35f34107a6
  custom:scripting/monoscript/fileName/fsPrimitiveConverter.cs: 4fe11ea8d898ec5b87e7147616dcc62b -> 973a575757a52232168c5e88a4e08f40
  custom:scripting/monoscript/fileName/SQLite.cs: 668c5d93e9ca0b9e029a0dc5e108bf66 -> 2a332799d9882ec0177f287353c32bf8
  custom:scripting/monoscript/fileName/SampleDependencyImporter.cs: 363c15f57acd410b116e357f27cdc208 -> 
  custom:scripting/monoscript/fileName/Migration_1_3_0_to_1_4_0.cs: 7b8f7113593c021cea6579b07b8e0e8f -> 83b87ef1d10b1b09a12da2c67688ae31
  custom:scripting/monoscript/fileName/LinksProxy.cs: 240e7fca91b7e4c6c87d9573c76325d1 -> 
  custom:scripting/monoscript/fileName/ILabelBaseData.cs: 666e1cf69779f973beba683fa669eea7 -> 
  custom:scripting/monoscript/fileName/ConfigurationPanel.cs: 8aaac737f6ca487e8d4c8a2e1516be6e -> debb53ea44173aaafc53d351310d6d1c
  custom:scripting/monoscript/fileName/SkeletonCacheExtensions.cs: ca53e62a2924788a43a5ae4caa54c066 -> 2db179e67316748b88290c90f530ec52
  custom:scripting/monoscript/fileName/PluginRuntimeAssemblyAttribute.cs: a8923b21ec023a72702ff4ea9553d5f4 -> 685a20a912d5fb96d484472334d85ba0
  custom:scripting/monoscript/fileName/IInitializablePackage.cs: 7a2afaa327b6f2c8c3b73c00855d936d -> 
  custom:scripting/monoscript/fileName/LudiqGUIUtility.cs: 1c8cf7040fe2d2d969a6ce91ebf5dece -> 1e1b692f19ac87c9aa9f54f93175ebff
  custom:scripting/monoscript/fileName/IAssetReferenceRequestBody.cs: 246f0f4f2c54b1a49e9f3c541cbdb37e -> 
  custom:scripting/monoscript/fileName/TypeOptionTree.cs: 40f3eb904882393ea0566f61e393ebea -> 37a9d0f55b749ed6d9d317152aa9f8d0
  custom:scripting/monoscript/fileName/IStatusFlowData.cs: 89799003c06de875a33cdd323e5d94ea -> 
  custom:scripting/monoscript/fileName/PastePanel.cs: e09c6ab035339508b0b3bfabf14b8ecb -> ff8e162db567f7872324ae6749ae5e35
  custom:scripting/monoscript/fileName/Vector3Inspector.cs: 4e9e193e2c242a7797764d6c9e40b092 -> f97cc2e29c3bdd77c7e74954d06d71a8
  custom:scripting/monoscript/fileName/AnalyticsOptionsExtensions.cs: 61b53e23187fa8065622d09b0f304596 -> 
  custom:scripting/monoscript/fileName/Migration_1_4_5_to_1_4_6.cs: fdf3c0625b800d9eba5beab59d0ead2e -> c4dd97edd1aa8bd49dacb757590af317
  custom:scripting/monoscript/fileName/PlayerAuthenticationEvents.cs: 18eee43fb455e8c67f9b1944f3051199 -> 
  custom:scripting/monoscript/fileName/AssetDetailsPage.cs: 9dc459c6314d082a47781f2a2b917f8c -> 
  custom:scripting/monoscript/fileName/MultiInputUnitNumericDescriptor.cs: 808ac9f7de80036b38c1c26251dff006 -> d93d0495d73b5a6469ddea205fdea987
  custom:scripting/monoscript/fileName/SerializedPropertyAdaptor.cs: 5d1d94d4cf92415b21ac3bed6fac8751 -> 98c504c150a6b9345dd608daa8d068e4
  custom:scripting/monoscript/fileName/AssetDataSource.Status.cs: ebc0fad151fb9bb8e368592886229376 -> 
  custom:scripting/monoscript/fileName/SkinningSerializerXML.cs: cd33c6657ce74ce9fb6994e6b1f685f1 -> 820fdb0449653e7420432342536fe8dd
  custom:scripting/monoscript/fileName/FieldsFilter.cs: 05415e349af4311cbba11f0a4c6636cb -> 
  custom:scripting/monoscript/fileName/GridMessageView.cs: 847ab3026e309c1ad2483cee711273ae -> 
  custom:scripting/monoscript/fileName/BoltFlowNameUtility.cs: 15d880cdc2dc52d9596b4bcc9c196e91 -> 75f0ba50bb22d0ae07c4f970cb1a0c69
  custom:scripting/monoscript/fileName/OnApplicationFocus.cs: 42479c733ed11187b6c4427fcb9f716f -> 854d32cdef3d6c8ec32753d26ebd50c9
  custom:scripting/monoscript/fileName/OnMouseDrag.cs: ca8e98861f8b83cc5beffc0ef00ce517 -> 329b45d2f4b46df317aa4e39b0770e4d
  custom:scripting/monoscript/fileName/AssetData.cs: 79d00d9cf65cdd0a39fdd5105f823705 -> 
  custom:scripting/monoscript/fileName/GraphElementDescription.cs: 2d4657757f87d2efc0953b9cd7960167 -> 562d7da99c8e9817b27373db1f408557
  custom:scripting/precompiled-assembly-types:Assembly-CSharp: a6b93299d5d53cdd209a45345ead6f60 -> cbcf3854d2e47d80a5e023d3cd07a803
  custom:scripting/monoscript/fileName/XColor.cs: 1fdc1ed197f12bb183aa74806cd8e11b -> 2f95d7f15a22776dfac19541e4af290b
  custom:scripting/monoscript/fileName/ProjectDescriptor.cs: daf2a70732fd133b5a03cc74cf05deeb -> 
  custom:scripting/monoscript/fileName/UnitCategoryConverter.cs: cb43ebb17eda615a7dff8cf88bc4cfc6 -> 32f15c9b10b81926f76f0c5bd384a17e
  custom:scripting/monoscript/fileName/EnvironmentSelector.cs: ac21f39d65ed579595edcbd2c9853105 -> 
  custom:scripting/monoscript/fileName/PaginationDto.cs: e7f3a74f33bd05added26f4b0926f6a7 -> 
  custom:scripting/monoscript/fileName/GraphContextExtension.cs: 8f6297df34271fdb1ce2d9607ec6261d -> 90647cc400823b41df847a6cbfc29026
  custom:scripting/monoscript/fileName/SelectionTool.cs: 9b9b2cd92f62a66ace9ab49562a06745 -> 0053295a81820358aa7094264fed6bcc
  custom:scripting/monoscript/fileName/TextureGeneratorHelper.cs: c81940b0e71875c514e046ab395888b6 -> 4dc23dbca898d0970c890f75cbdcc8fb
  custom:scripting/monoscript/fileName/GetSavedVariable.cs: b6835eede2f98ebc40bfa333bfeac655 -> d52cf67a436b71bf4753b1a3fec8f8a2
  custom:scripting/monoscript/fileName/JsonHelpers.cs: 8837ad713480b6b5528a3b03a0d76fa1 -> 
  custom:scripting/monoscript/fileName/InspectorUtils.cs: a28188625aa61d8d2ce523cf5f7366c5 -> d64223f50dfed162253158ddc3fb1f50
  custom:scripting/monoscript/fileName/ScalarMultiply.cs: 1b7e38439bb5492dcd78a7d9bc2f72c4 -> 26c49ddd9204f9a4d749cfb23750aeb1
  custom:scripting/monoscript/fileName/ValueConnectionWidget.cs: 3d14fe93876c6c8f9d51a8ae5aef70cd -> 63569156abf9c21df4aa223e88b93561
  custom:scripting/monoscript/fileName/DefaultCdnConfiguredEndpoint.cs: 624837102d8bef2a2323b0b82727af95 -> 
  custom:scripting/monoscript/fileName/ICompositeAuthenticator.cs: 69c44899c0dc3ef46caa94d69f83cf17 -> 
  custom:scripting/monoscript/fileName/IPoolable.cs: 5f957bfb2215eacf7bb0c889d677ad26 -> 4192424e58f191f258b6d3473113c701
  custom:scripting/monoscript/fileName/IChannelProvider.cs: ccc92ecc92a58cb27f7eb58e8bb4bbc4 -> 
  custom:scripting/monoscript/fileName/CreateTextureOptions.cs: e5b854d4e5081152d058e10329e597bc -> a559388dbaf9adbb3f125f1d160bb804
  custom:scripting/monoscript/fileName/IMergedCollection.cs: 8f6297df34271fdb1ce2d9607ec6261d -> 90647cc400823b41df847a6cbfc29026
  custom:scripting/monoscript/fileName/StateUnitDescriptor.cs: 006fb116bb333d45085905882bb7e793 -> 6c71723dd96a54050187a00fc1827da9
  custom:scripting/monoscript/fileName/INetworkConfiguration.cs: afb334c9e4c5cb335369ca0285868e02 -> 
  custom:scripting/monoscript/fileName/FilteringUtils.cs: 25b62e9714e60309355e957a849f477a -> 
  custom:scripting/monoscript/fileName/IAssetDataSource.Dataset.cs: f0c055dbd074357048b04069d34f7f97 -> 
  custom:scripting/monoscript/fileName/AboutablePage.cs: 818175390d1dc1bac67b15532bb0be4c -> 769e2cc1347e9829c56ecf26c9c64e65
  custom:scripting/monoscript/fileName/SwitchOnInteger.cs: d04cf40f1fc33f2ae4cefa55623ab682 -> 9bafe26c8564536e5b4d882539d94d02
  custom:scripting/monoscript/fileName/Scope.Gen.cs: 409412ebac5387d01283cada94af8d59 -> 
  custom:scripting/monoscript/fileName/RateLimitedServiceHttpClient.cs: 512e38abd6b4d1d453c484ca4ada11c2 -> 
  custom:scripting/monoscript/fileName/IApiConfiguration.cs: b353a4de4e3358ad7f085e6203139418 -> 
  custom:scripting/monoscript/fileName/FileKeyValueStore.cs: ae8e26e5d98ce175927db84ce7c2e6ab -> 
  custom:scripting/monoscript/fileName/CustomMetadataFilter.cs: 9b5b077eb9bac4ec875707703f88b3cf -> 
  custom:scripting/monoscript/fileName/Vector4Maximum.cs: efff5e8f169af8dc997dd19f3fb7630d -> a62b479973ea3fb86d8403f60a3c3519
  custom:scripting/monoscript/fileName/OnEnable.cs: 41e9b11275d2d6a10ff2b18be379426b -> 93c5cc33bd5c6d5124a354c6d37d61bf
  custom:scripting/precompiled-assembly-types:Unity.Cloud.Identity.Runtime.Embedded: 67e2df96e9fb8d7dd79801d5d534b233 -> 
  custom:scripting/monoscript/fileName/fsBaseConverter.cs: 904347931d369cd4af9bb813c6ed93a2 -> a62f7cf6e9984dd53db04c5ff1f260ea
  custom:scripting/monoscript/fileName/ProjectJson.cs: e5cfde4f83b409ab7f0f94118ceb68c9 -> 
  custom:scripting/monoscript/fileName/DeviceTokenToUnityServicesTokenExchanger.cs: 8a3ee0830b4f6c0ccd84500450420bd4 -> 
  custom:scripting/monoscript/fileName/AccessorInfoStubWriter.cs: 8f6297df34271fdb1ce2d9607ec6261d -> 90647cc400823b41df847a6cbfc29026
  custom:scripting/monoscript/fileName/SpriteShapeEditorTool.cs: 0b4b34861b60448f5e9a761c09cd3508 -> 58a99bb5d769026b33f9742cc78b56c8
  custom:scripting/monoscript/fileName/Lerp.cs: 8f6297df34271fdb1ce2d9607ec6261d -> 90647cc400823b41df847a6cbfc29026
  custom:scripting/monoscript/fileName/AssetEntity.cs: 31cdfe5f30bb87dcc2b92d51c3c62c1f -> 
  custom:scripting/monoscript/fileName/SliderToggleUiHelper.cs: 297bb968c6a98e033483e5885bc5e941 -> 
  custom:scripting/monoscript/fileName/EqualityHandler.cs: bd2e4708c4a3509af105174608d512ea -> abc226561a048be161e23aaaec3603c8
  custom:scripting/monoscript/fileName/IStateDebugData.cs: b3d8d66fccf41a503e50504bbb7cb46d -> 830dfca4bc8916578a69c056490ba764
  custom:scripting/monoscript/fileName/IsVariableDefined.cs: fcd80a308835babc8a8ef3c5486d3cbe -> b6a79b8a5b784557300b6f1f96c32541
  custom:scripting/monoscript/fileName/GenesisTokenProvider.cs: d987e55d05af32d01fe6f177ed2b74ce -> 
  custom:scripting/monoscript/fileName/ImagePackerDebugEditor.cs: cdd6b5134f1d68a48da20aae732a14d5 -> 19de8d8c293e99550812526869b918f0
  custom:scripting/monoscript/fileName/EmptyNetworkTrace.cs: 60cdc301f66e97b7232af5ab19664d0d -> 
  custom:scripting/monoscript/fileName/IKeyedCollection.cs: 8f6297df34271fdb1ce2d9607ec6261d -> 90647cc400823b41df847a6cbfc29026
  custom:scripting/monoscript/fileName/IOptimizedAccessor.cs: 47ae0b3177356474d85714aa42f2eb34 -> 0839da6a5b13e3a82e767c0739f36a41
  custom:scripting/monoscript/fileName/UnitTitleAttribute.cs: bf7c8a7cd4dcdaa1d50d6811cb94a5ee -> 3bdd750793a142979d1b3aecae4cf99c
  custom:scripting/monoscript/fileName/AngleRangeGUI.cs: 6f1f826f5f9c23b19878958a15430da7 -> a141df5349106b2ecb2c5ef5e52d00a7
  custom:scripting/monoscript/fileName/SearchTransformationRequest.cs: 032ea78a66f9bc236294f6da53ea2d48 -> 
  custom:scripting/monoscript/fileName/GetSceneVariable.cs: e12253458dd9d67adba37fcdd9dae132 -> b132beb990483eb0e0a40128b6a2562f
  custom:scripting/monoscript/fileName/AuthenticationSettingsHelper.cs: a467d230cb8a062800440b1a6f1137cd -> 
  custom:scripting/monoscript/fileName/StickyNoteWidget.cs: baa5ca45e228fdac2fe4b2abfa9336ad -> 4059cd39aa8dd23de78325cdcd404d28
  custom:scripting/monoscript/fileName/UnitRelation.cs: 1f956df1f58e9412da982879b642e57c -> c3b1874e92e6e79cdae89443fcc7fe3f
  custom:scripting/monoscript/fileName/ISpriteLibraryLabel.cs: 7ad86761ef6a7d8952604ee848b180a5 -> 8213e7b67db1adde00860bcd48257c16
  custom:scripting/monoscript/fileName/License.CCA3.cs: 13c5847110981de5580fe8f2a140b448 -> a5ab905f5c78b8e49ba4ca27bafd9498
  custom:scripting/monoscript/fileName/CreateStruct.cs: f93d2bb60e1cbe7920f910aa423e52d6 -> 8298fb17d5a11bbd5988334e77d7a024
  custom:scripting/monoscript/fileName/IFileSystem.cs: d0a5668d9c43d0a16eec8fa2a37aa20c -> 
  custom:scripting/monoscript/fileName/UnityOnTransformChildrenChangedMListener.cs: 43a281d82d9f97a93dc413ab4a4b507c -> 29405f1b9c8f8dface297f642b9aa15c
  custom:scripting/monoscript/fileName/ProjectPageDto.cs: 77a314ba32414876ca2a982f7f9a0209 -> 
  custom:scripting/monoscript/fileName/AssetProjectProperties.cs: 4b7857644341c66dcb045fa4ec07197a -> 
  custom:scripting/monoscript/fileName/StatusFlowDescriptor.cs: 141c35e9b579d32f9106eecbfd9665c6 -> 
  custom:scripting/monoscript/fileName/UnityObjectInspector.cs: fb8f0a11c2c0303b12228fb4a375d17b -> 358779eeb21266a353dff1253f95682a
  custom:scripting/monoscript/fileName/ICloudStorageInfoProvider.cs: 8f394e633bea9d88409cbb7016eabfce -> 
  custom:scripting/monoscript/fileName/MergedList.cs: a53f96815da50de15010b1c479bc70cf -> 0cdf409b5aa8d4c25876d72b5c6a3b60
  custom:scripting/monoscript/fileName/Acknowledgement_SQLite.cs: 0330bd835e1119b9c8f65c0a99d7e52a -> b35aef7a0a94b6376668e01efd79f524
  custom:scripting/monoscript/fileName/IStatusData.cs: 6bb6e42a6986046acad14130751036f6 -> 
  custom:scripting/monoscript/fileName/MetadataQueryBuilder.cs: 9bb5455eab0224ee2fd4e6261f505087 -> 
  custom:scripting/monoscript/fileName/CustomEventDescriptor.cs: 7748ce9e54e5659afd7ff67a4c656989 -> 580068ba9545b96ae24c47d68f065119
  custom:scripting/monoscript/fileName/UnityOnPointerEnterMessageListener.cs: 31bb52607db6e440300e5abfd0a09669 -> 1524dedea465405c34435b9986a21552
  custom:scripting/monoscript/fileName/CollectionDescriptor.cs: 36fdd223c0e3fae40e8bfa9263e6c4fb -> 
  custom:scripting/monoscript/fileName/OnDropdownValueChanged.cs: cf38b8b02cbc950f2d088c695a75ebb6 -> a16d7cd0d5493c9d5627d2cce8603d55
  custom:scripting/monoscript/fileName/UnityOnBecameVisibleMessageListener.cs: f7387c4be6150753e33f87b953693425 -> eade891ae8dcaf48efe4e73db2fbadf2
  custom:scripting/monoscript/fileName/OnTriggerStay2D.cs: c47ed888a447a0eefc01a90e3efb9ac6 -> 0b5e647125c56e75386c9b15e5cbeef1
  custom:scripting/monoscript/fileName/AssetSequnceIdDto.cs: 1fb56f4a7dac4a275a296a7080ddf733 -> 
  custom:scripting/monoscript/fileName/UploadAsset.cs: 8b9e4cad7b091eac28ef93d01ab13911 -> 
  custom:scripting/monoscript/fileName/ScalarAverage.cs: 493ec9c72cc5599d7e80ec5863b5f86e -> eea757bb1a60e21c4f0aa388cd4c693b
  custom:scripting/monoscript/fileName/IAuthenticationPlatformSupport.cs: 3a62638bc6537e3a9349a5ffc60a604f -> 
  custom:scripting/monoscript/fileName/AssetLabelQueryBuilder.cs: 603786427c9cba386c787e8daafd3f6e -> 
  custom:scripting/monoscript/fileName/IService.cs: afa2330a6d32be2e7a659227e3bf813e -> 
  custom:scripting/monoscript/fileName/ListPage.cs: ba6a36a38601e81609374cf38f6f1ed2 -> a8409d8beca6acf08635bf1e98b73805
  custom:scripting/monoscript/fileName/StartTransformationRequest.cs: 548a51454ccea2e6b035ac51a1395c8e -> 
  custom:scripting/monoscript/fileName/SpriteMeshView.cs: 3d5720da7fe3bc26d24b9dabc6521888 -> 2599f5e29ec6ee630fe3dfd4e2bdcb43
  custom:scripting/monoscript/fileName/StaticFieldAccessor.cs: 8f6297df34271fdb1ce2d9607ec6261d -> 90647cc400823b41df847a6cbfc29026
  custom:scripting/monoscript/fileName/AssetDataSource.Label.cs: ebc0fad151fb9bb8e368592886229376 -> 
  custom:scripting/monoscript/fileName/ProjectContextMenu.cs: fa4af65f7951e9714bc3ce34c61e7438 -> 
  custom:scripting/monoscript/fileName/IStringObfuscator.cs: 80adbed7f909e92bc070c762cf6b5fdd -> 
  custom:scripting/monoscript/fileName/Normalize.cs: 8f6297df34271fdb1ce2d9607ec6261d -> 90647cc400823b41df847a6cbfc29026
  custom:scripting/monoscript/fileName/Changelog_1_4_0.cs: 277c7e713bc1a68e2db1033dad3de734 -> 4eadc390e4dd0906d9230292bcfc0160
  custom:scripting/monoscript/fileName/VisualScriptingHelpURLAttribute.cs: b801f97542350088cb8c8dd5f9081342 -> 8113931a752c4ba710c604d91c623bf1
  custom:scripting/monoscript/fileName/UnityOnToggleValueChangedMessageListener.cs: 7a1db6795d71e55f404698edcca25da0 -> 4b2d7c15345c5bc5391e201baa5aa1f1
  custom:scripting/monoscript/fileName/TerminateTransformationRequest.cs: 7669a562e7386e0e6ce39f01f33ec1e3 -> 
  custom:scripting/monoscript/fileName/TransformationCreation.cs: 4e7707425bd3994754ed314c5538c435 -> 
  custom:scripting/monoscript/fileName/CoreRegistration.cs: afa90de4a402b0848ad8b60755b1ca20 -> 
  custom:scripting/monoscript/fileName/AssetDataFile.cs: af164d7b7072c481cb782e363d824755 -> 
  custom:scripting/monoscript/fileName/WaitForFlowDescriptor.cs: 1e0865aa8380101d9fe971ac142edf77 -> d14d101302fcfefd33479548ea798c37
  custom:scripting/monoscript/fileName/NesterStateWidget.cs: 8f6297df34271fdb1ce2d9607ec6261d -> 90647cc400823b41df847a6cbfc29026
  custom:scripting/monoscript/fileName/LabelQueryBuilder.cs: 96eb83416e024ccff63f9e68e84047e6 -> 
  custom:scripting/monoscript/fileName/SmoothingUtility.cs: b48c252a431ebaacbfce1b0ce0dabd3a -> bc6e307868e2198bc9c37d6f2102fdbe
  custom:scripting/monoscript/fileName/ProjectSettingsProvider.cs: 1c2f2f24573ce02bffd8bd11886f1cad -> e418abedfa8001068149652479507db9
  custom:scripting/monoscript/fileName/MessageActionButton.cs: 6aa0b4208004743b9f6763c10511a6ab -> 
  custom:scripting/monoscript/fileName/OnPointerExit.cs: 5d664df244e1a6008789c5bf682eda65 -> 12feab00c4cd59aea1bb8bff4f24a8a7
  custom:scripting/monoscript/fileName/IUnitInputPort.cs: c3a5c9ce16d70af2ef3206b60ad295a4 -> 05b17a7ac021d77539227009142bf7e1
  custom:scripting/monoscript/fileName/PopupManager.cs: d20cabf1d61c206c7eeab2ffc6638d26 -> 
  custom:scripting/monoscript/fileName/EmbeddedResourceProvider.cs: a7d691e3c991614796648fb9dfadde18 -> 03aa38243ac46ffac12e837e2d1992ec
  custom:scripting/monoscript/fileName/AssetDataResolutionInfo.cs: 432ce81af4914ad1c0f3549441bce35f -> 
  custom:scripting/monoscript/fileName/ServicesInitialization.cs: 5bc34492fe95212cc8524c8c7be8ec36 -> 
  custom:scripting/monoscript/fileName/BoneReparentTool.cs: 3f80981a49a1de9f218c372dec225b7f -> 1d726231b1503b728def43cb29f90ea3
  custom:scripting/monoscript/fileName/Add.cs: 8f6297df34271fdb1ce2d9607ec6261d -> 90647cc400823b41df847a6cbfc29026
  custom:scripting/monoscript/fileName/FinalizeFileUploadRequest.cs: 8f1c5aa9c4fe1bd6f6144f330c61bf09 -> 
  custom:scripting/monoscript/fileName/LabelCreation.cs: 8af61f7dcac1903d2ea3a867bb9e62ac -> 
  custom:scripting/monoscript/fileName/Product.cs: 6fc27df19d041ff0a7541703abd44e3e -> 11dc353065f0056f9b91a7ac0a3ed688
  custom:scripting/monoscript/fileName/StaticFunctionInvoker_4.cs: 8f6297df34271fdb1ce2d9607ec6261d -> 90647cc400823b41df847a6cbfc29026
  custom:scripting/monoscript/fileName/OnCollisionExit2D.cs: 92ab3c84b3d954f7b47a87eb16975940 -> 7421f99bf6088c3556384c26545a68ee
  custom:scripting/monoscript/fileName/OrganizationIdConverter.cs: 5025aea911c09bd4265c4c2b676187bb -> 
  custom:scripting/monoscript/fileName/SkinningSerializerJSON.cs: c80a179512869ca5071a0891eac50492 -> 33dd3b42500672a06cce5da4c4d74ecb
  custom:scripting/monoscript/fileName/RenamedFromAttribute.cs: 49d883d9a273623980f97e4e35913bdc -> 4f12ced74bff24aa7f8361922246a82c
  custom:scripting/monoscript/fileName/ITransformation.cs: 77d063293db3e6fa8fd708faa0696791 -> 
  custom:scripting/monoscript/fileName/IVivox.cs: 6d92ea4b822d1fa7e4b8787c59760673 -> 
  custom:scripting/monoscript/fileName/IAssetCollectionUpdate.cs: a2368e7b9c59da845aad6858d70c0167 -> 
  custom:scripting/monoscript/fileName/fsWeakReferenceConverter.cs: 7dc023c147251ef5b0bd620ce2f6c099 -> 8a842a404c39246097122e183bb064c4
  custom:scripting/monoscript/fileName/UnityCreateAddressRequest.cs: 231eb736f0a651a8ee21e6aa579173ae -> 
  custom:scripting/monoscript/fileName/UrlRedirectUtils.cs: c9f57a09f8d0be5e6efff9762e504a5b -> 
  custom:scripting/monoscript/fileName/SplineUtility.cs: 49fb09cd914ead42db25a7ea91fa3ac9 -> 83a8106c3f9667d93d0e6a3e5de40f5b
  custom:scripting/monoscript/fileName/TagsFieldContainer.cs: f1383aaa8476ed16e54b778a1269daef -> 
  custom:scripting/monoscript/fileName/UploadEndEvent.cs: bd42a426b2174025c045e2b51c3b0dfd -> 
  custom:scripting/monoscript/fileName/Acknowledgement_FullSerializer.cs: 6923e7ca4f173ef884625e1f49cc6380 -> 0dd2814cdf14b58812aec6a24a878452
  custom:scripting/monoscript/fileName/UnityOnCollisionEnterMessageListener.cs: 66d1b24b3d4c7ab374828321977af321 -> b4caeff22beb645afc4ad25ad54dc6d3
  custom:scripting/monoscript/fileName/RectInspector.cs: 51796fa6e11c3fa2523973781382c6e3 -> 126e67b255226a9fbbc449cf859dc56e
  custom:scripting/monoscript/fileName/UnityListOrganizationFavoriteProjects200Response.cs: 2acfbc626d621e368ef9190462157b7a -> 
  custom:scripting/monoscript/fileName/PluginAttribute.cs: 3ff08950dbd56928ba2f798061733029 -> 813c19932992710d73442c18f504dce4
  custom:scripting/monoscript/fileName/GUIWrapper.cs: b4f3ae540f622ce1006b54eabb11a8ee -> fcb5f12047c8fb99d4d11da875f125c8
  custom:scripting/monoscript/fileName/IAuthenticationMetrics.cs: 6636a4c47815b677d1c99e55126851a2 -> 
  custom:scripting/monoscript/fileName/TaskUtils.cs: bb525e48cd78bc7405a86808c2a33af5 -> 
  custom:scripting/monoscript/fileName/ErrorStatus.cs: f13a789af72a01cd8032989472c3919c -> 
  custom:scripting/monoscript/fileName/UnityOnButtonClickMessageListener.cs: 30683cd317a6071fc7f6fb3ec1bf6d5e -> 6197b0571910631a1ddf0d91a90fe980
  custom:scripting/monoscript/fileName/Divide.cs: 8f6297df34271fdb1ce2d9607ec6261d -> 90647cc400823b41df847a6cbfc29026
  custom:scripting/monoscript/fileName/PkceHelper.cs: 7aa99d5bf35ad6367baea30da6a44351 -> 
  custom:scripting/monoscript/fileName/SceneSingleton.cs: 8f6297df34271fdb1ce2d9607ec6261d -> 90647cc400823b41df847a6cbfc29026
  custom:scripting/monoscript/fileName/IAotStubbable.cs: 808ab2367090c181832b0b3a5d3d480a -> ea9ac474bf7140730113c9e0d5977b9b
  custom:scripting/monoscript/fileName/SavedAssetSearchFilter.cs: b9c9643a6fe65d2647de49143a943137 -> 
  custom:scripting/monoscript/fileName/LudiqStyles.cs: 027aa9d8f05544730f12795b3dbaa62a -> 2b0dd4011ce8b3c5e1be9f41857c66ab
  custom:scripting/monoscript/fileName/IPlayerId.cs: 8ec284f91dceb8f1818908be17c609b0 -> 
  custom:scripting/monoscript/fileName/Vector3Sum.cs: 958ee438ad39556f62c1e548ae2a15aa -> 64095dc63b165d5c8c4f804b4d23f3bd
  custom:scripting/monoscript/fileName/AssetSearchFilter.cs: 9646325a65c00ef3a9d0b4a27802e9a3 -> 
  custom:scripting/monoscript/fileName/ISkinningSerializer.cs: 0078a0105c3f1940ab10dacfeae6289d -> 312cc7e53f43c9ef02f0be9c64bccec6
  custom:scripting/monoscript/fileName/PathEditor.cs: 19ae9487e1752ea10e3d47f5e9c3dde2 -> d19fba6eb1147685f88676693fd8accf
  custom:scripting/monoscript/fileName/SpriteShapeDefaultCreator.cs: 660f7fef696139eaf0162f627f8753c9 -> 317d5aeddee6cb46c167880c8d8a9928
  custom:scripting/monoscript/fileName/IServiceAuthorizer.cs: bee33182600228933799f387dccca26c -> 
  custom:scripting/monoscript/fileName/Vector3Lerp.cs: c98ed40ef484f21b15a3fcdd01bf0b1d -> 97e82d7887b083f2c72b09eabf9e5f06
  custom:scripting/monoscript/fileName/MultiSelectionPicker.cs: 50b549aee4ee5f0c035a2cd89f20b954 -> 
  custom:scripting/monoscript/fileName/ResourceLoader.cs: fbe030503e624b8c9eb4766924acfd13 -> d31f8513cbe99dd5aa34d209b395f7d6
  custom:scripting/monoscript/fileName/GetAssetDownloadUrlsRequest.cs: a0188d96de0664621f37676eb29ab8ec -> 
  custom:scripting/monoscript/fileName/FieldDefinitionUpdate.cs: 2fdf1ebbd090eae65235313c23fb9735 -> 
  custom:scripting/monoscript/fileName/AuthenticationServiceInternal.External.cs: f2320ad47adf55f9875741b342dc3b01 -> 
  custom:scripting/monoscript/fileName/FlowStateDescriptor.cs: 466f72ea3ffd0dda9bc6eb61f9040f71 -> 017d2b8a214f5c383b13e4a984d3c5bd
  custom:scripting/monoscript/fileName/PlayerAccountIdentifier.cs: 609c541b251f3cd6dac437fd895ed501 -> 
  custom:scripting/monoscript/fileName/InfluenceWindow.cs: cdec08c3213e55213cfaf1666062054e -> d442073da3005f09e9e873d5156b55ef
  custom:scripting/monoscript/fileName/IStateTransition.cs: ccd80bc99b622ad5eabfb9311fa21a10 -> e86b2c7471e0a174ba36be32631148b7
  custom:scripting/monoscript/fileName/EngineStateHelper.cs: ebfe492ca39645883d66825c2e77f1d0 -> 
  custom:scripting/monoscript/fileName/UnlinkRequest.cs: 0f5e5b017856c9dd86dffeb71e8c4d5a -> 
  custom:scripting/monoscript/fileName/NesterUnitOption.cs: 8f6297df34271fdb1ce2d9607ec6261d -> 90647cc400823b41df847a6cbfc29026
  custom:scripting/monoscript/fileName/EnvironmentProvider.cs: e6441984086d3ec4f02dd82b6dec6df1 -> 
  custom:scripting/monoscript/fileName/PackageInitializationInfo.cs: 82c881c6d5f9d1b5f2eba332919bcd1c -> 
  custom:scripting/monoscript/fileName/fsJsonPrinter.cs: 4fdd0ea067fe66df5a5d43b517eebf2a -> 3c342f5f60109e23d00e7cfffdf992fb
  custom:scripting/monoscript/fileName/IMemberInfo.cs: 241c1ba06690f6df279d0aeb4a085c60 -> 
  custom:scripting/monoscript/fileName/EventBus.cs: b039cc9ecbba25a5d463c2a5d9940f69 -> 44116646ae5a8e68b53a6428a288d598
  custom:scripting/monoscript/fileName/AssetDataTypeHelper.cs: 3a611c72ccee01a18dcfd2c6f18570fa -> 
  custom:scripting/monoscript/fileName/BooleanMetadataFilter.cs: 0c518a7f451df26ca4de07ccc9b764b5 -> 
  custom:scripting/monoscript/fileName/Vector2Inspector.cs: c12ac7537e3dfe4e1515d370e946e2f9 -> d74909c0db6ddabd0c8aa594b0477a41
  custom:scripting/monoscript/fileName/DisabledDiagnostics.cs: dca147f0ee6a8cbd3c40d0fb15b26062 -> 
  custom:scripting/monoscript/fileName/Vector3Distance.cs: 0f1afb7961908944811c4ab0dd1add4e -> dadbd697836c18ba517cd9386e23c67e
  custom:scripting/monoscript/fileName/License.MIT.cs: 13c5847110981de5580fe8f2a140b448 -> a5ab905f5c78b8e49ba4ca27bafd9498
  custom:scripting/monoscript/fileName/PluginManifest.cs: 81dec0fa50db80259060b349a2cac868 -> 64bfb041edfc6f90f695a6a38921ee2c
  custom:scripting/monoscript/fileName/JsonHelper.cs: 0b5759f67f92e2eb09febb2082aca955 -> 
  custom:scripting/monoscript/fileName/UnitPortCollection.cs: 8f6297df34271fdb1ce2d9607ec6261d -> 90647cc400823b41df847a6cbfc29026
  custom:scripting/monoscript/fileName/CreateAssetReferenceResponseBody.cs: 81203fe076d97fb5f6d382559b279f47 -> 
  custom:scripting/monoscript/fileName/CollectionPathStringConverter.cs: 5c671b7758fff3bd8189547b7b533ebb -> 
  custom:scripting/monoscript/fileName/UnknownInspector.cs: 6d7b614919f64052fa75dcf1b34a78ed -> 06c3bcc2096b17e625a6462bd6eaaf91
  custom:scripting/monoscript/fileName/TypeSetAttribute.cs: c9ef2fc31b9851b1236ca09cf6039ae8 -> 18acece9225e401f37e16e544849eabf
  custom:scripting/monoscript/fileName/GraphData.cs: 8f6297df34271fdb1ce2d9607ec6261d -> 90647cc400823b41df847a6cbfc29026
  custom:scripting/monoscript/fileName/SkeletonAsset.cs: 5c9d66fda3b5f6911b0de20fea58af57 -> 25171848c5390564e3bb901d1407befd
  custom:scripting/monoscript/fileName/SequenceDescriptor.cs: 290c6ec050982375ca5d1b9d9e51a08b -> 8886e61c8b453171241aa458807fb256
  custom:scripting/monoscript/fileName/MetadataDictionaryAdaptor.cs: 35d1ee10e546785a0ce0548a978ce996 -> f2f2ef8549f8ed03fa74ba534a4add89
  custom:scripting/monoscript/fileName/CollectionChip.cs: c5beb38e214d562a7c00595d01740597 -> 
  custom:scripting/monoscript/fileName/MetricsFactory.cs: ff8596a1ccea2041a0c0cfe2841c8f74 -> 
  custom:scripting/precompiled-assembly-types:Unity.Services.Core: 926d38d0d4846316eba7c2cafe8b1575 -> 
  custom:scripting/monoscript/fileName/FileTag.cs: 7c67616f57ea1e790d229dbd7afff58c -> 
  custom:scripting/monoscript/fileName/IElementAdder.cs: 8f6297df34271fdb1ce2d9607ec6261d -> 90647cc400823b41df847a6cbfc29026
  custom:scripting/monoscript/fileName/AssetProjectEntity.cs: 55db8839a746a2927fe2230828a9b3ea -> 
  custom:scripting/monoscript/fileName/MetadataContainer.cs: f3919de50d03452ef08a498ecc149702 -> 
  custom:scripting/monoscript/fileName/ImportEvent.cs: f26c25aed6f7d355f9289352432c5ef3 -> 
  custom:scripting/monoscript/fileName/fsVersionManager.cs: a5289172e559fe3f8b5e80e7cafc08f8 -> 9bb6bc9fa914584425a64aac448b04ec
  custom:scripting/monoscript/fileName/UpdatedByFilter.cs: 5d6a5122b5b49f8d9c13c95151e12a07 -> 
  custom:scripting/monoscript/fileName/LabelCacheConfiguration.cs: 91fa8083eac9f85f43a49586f3f7c3a1 -> 
  custom:scripting/monoscript/fileName/EnvironmentsClient.cs: 9c80a43488077f46562fa053df484911 -> 
  custom:scripting/monoscript/fileName/Maximum.cs: 8f6297df34271fdb1ce2d9607ec6261d -> 90647cc400823b41df847a6cbfc29026
  custom:scripting/monoscript/fileName/Changelog_1_2_3.cs: b8e29630a3b10ea30d7eaf310b865436 -> 01e66f61d2a7edec462e434aef431ca5
  custom:scripting/monoscript/fileName/ReadOnlyObservableCollection.Gen.cs: 90647cc400823b41df847a6cbfc29026 -> 
  custom:scripting/monoscript/fileName/Modulo.cs: 8f6297df34271fdb1ce2d9607ec6261d -> 90647cc400823b41df847a6cbfc29026
  custom:scripting/monoscript/fileName/UnityHttpClient.cs: 1e18af3bccdf3b26c360ce2c8c07dcf4 -> 
  custom:scripting/monoscript/fileName/Environments.cs: 8edd577354349a066a7545f9433d7b49 -> 
  custom:scripting/monoscript/fileName/OnDrag.cs: ac70a9a953be9bf20d15a24a662c42b9 -> 4df99dd13383453221cdcb0362067233
  custom:scripting/monoscript/fileName/GraphClipboard.cs: 4489b8de376928d90db20c9ddbf96d6a -> 6e792aa944c7d06e7a6327c9410b6f88
  custom:scripting/monoscript/fileName/Distance.cs: 8f6297df34271fdb1ce2d9607ec6261d -> 90647cc400823b41df847a6cbfc29026
  custom:scripting/monoscript/fileName/UnityObjectOwnershipUtility.cs: 81f3e01b11ba93e151c7a58f732a09cf -> edd5b2edbf35952d44e7fe7b77d9bef6
  custom:scripting/monoscript/fileName/Clipboard.cs: 26d1cb6603e980a93c4b038673dc68c4 -> e057e73a3ad057cb5ed40e0360bf50e2
  custom:scripting/monoscript/fileName/LiteralInspector.cs: fe0ca34b60d549c249ed20db46ba18b6 -> a568e793e4d4f8f30bd7f66887b6e4d3
  custom:scripting/monoscript/fileName/CodebaseSubset.cs: 99498411feffc888f58e18f43e905b0c -> e28193f51bb1a67f7fe865232f93bd1f
  custom:scripting/monoscript/fileName/IKGizmos.cs: 0b54cc31832f2235e71269def4c3753e -> d3a959337fc32a8744fd5eb3ea903491
  custom:scripting/monoscript/fileName/SelectUnitDescriptor.cs: 8f6297df34271fdb1ce2d9607ec6261d -> 90647cc400823b41df847a6cbfc29026
  custom:scripting/monoscript/fileName/ModifyAssetsInCollectionRequest.cs: 151e8a986e16cf0eced02a4e9570b993 -> 
  custom:scripting/monoscript/fileName/SearchAssetVersionRequest.cs: 04b6689e5c6d25a72de3d36591d16e0f -> 
  custom:scripting/monoscript/fileName/PlayerAuthenticationEditor.cs: 0507b5f97fdc54e29488a7469d31adba -> 
  custom:scripting/monoscript/fileName/AssetVersionConverter.cs: 30a5eb29b4900393c9bf263282a92094 -> 
  custom:scripting/monoscript/fileName/OnPointerEnter.cs: 7577337ee18e8b9ce555b00ad988dc23 -> b9a26102398831a7cd2e583b35854ad1
  custom:scripting/monoscript/fileName/User.cs: aa51edb813ed08e13a853606ff677e2f -> 
  custom:scripting/monoscript/fileName/BackupSettings.cs: 456c9357a32311b86f1851f600d0facf -> 60e7c54132b6fdb3c5497c1bc96f8a9d
  custom:scripting/monoscript/fileName/MetadataValue.cs: 3fb3023137c246dd98822ef7acf594c6 -> 
  custom:scripting/monoscript/fileName/UnityAnalyticsIdentifier.cs: 40be8e11923159cf7c61c72c1a1b26dd -> 
  custom:scripting/monoscript/fileName/StatusFlowProperties.cs: 644ebe58543e16f610d4de8073df8b88 -> 
  custom:scripting/monoscript/fileName/DragAndDropManipulator.cs: b9de173aec31d8cea8e6743320bbae96 -> c768d8b2f4b99ccdd15f870eac882c57
  custom:scripting/monoscript/fileName/ValueAttribute.cs: 420fb977683973e758ac9e8cd4378748 -> 4d4c0943cb383a793807277f2ba52229
  custom:scripting/precompiled-assembly-types:Unity.2D.Animation.Runtime: f2637f66f3a6cc74421c4a69e87285d9 -> b4b7ffe314c00fc6107d2223b2199cb1
  custom:scripting/monoscript/fileName/CompoundSearchCriteria.cs: 1b42b69c5f5225b49f9738f1255bdc34 -> 
  custom:scripting/monoscript/fileName/InspectorAttribute.cs: 288a6efe95baa0736e615ec11ea62a0c -> 0b01c1e9bced6f42d7948c15e614a356
  custom:scripting/monoscript/fileName/UnitConnectionDebugData.cs: b55225c315626c50dad989536506f26c -> 0e067f2fa90fb5c7e50a6f8caaffd18f
  custom:scripting/monoscript/fileName/OpenIdConfigurationJson.cs: 8ad221764f5378ff7ddd8e9eaea88a6b -> 
  custom:scripting/monoscript/fileName/AssetImportDecisionMaker.cs: 84eae4268a0c5eeffcd9417e1e57a903 -> 
  custom:scripting/monoscript/fileName/AsyncOperationBase.cs: adfca800027e0922d59797ee493a2672 -> 
  custom:scripting/monoscript/fileName/AssetCollectionData.cs: 117d7393c243f0083f441dff9dfc9f63 -> 
  custom:scripting/precompiled-assembly-types:Unity.Cloud.Common.Editor.Embedded: 9a070756b71928efe894569c4fd7603f -> 
  custom:scripting/monoscript/fileName/GenerateGeometryPanel.cs: acc10d03b8b4e4fbfe7bc6e0439354a5 -> 1a75574dbdbf8c3bd4012f72bdc0ffe6
  custom:scripting/monoscript/fileName/UpdateBoundsJob.cs: 14bc9dc0a4ad235e6ea927835390dd0b -> e3c7d1920bde8d658ae0f1586abf8e22
  custom:scripting/monoscript/fileName/Snapping.cs: a6e243abcb6fec234c3fe49d7eae4cd2 -> a01235a88ebfebe4dd48dbba3c028958
  custom:scripting/monoscript/fileName/AssemblyResourceProvider.cs: df27c85b4e4f7503bfd7a070f0ed1136 -> ec71d1a8adeeeaeb9e651f02d34d4852
  custom:scripting/monoscript/fileName/SkinningCopyUtility.cs: e0cb36fce9cfd728ece366ab39643933 -> 22fd681dec0e78ac9a4c5b865bca8416
  custom:scripting/monoscript/fileName/ArrayPool.cs: a9c97dcf95c7dc76c71698d7de3fe26e -> b62e0c23bd2ab197e5146f9826836769
  custom:scripting/monoscript/fileName/IProfile.cs: 7bf226ffe53754da20516fbf8b709e9b -> 
  custom:scripting/monoscript/fileName/LiteralWidget.cs: f351aee25e146d57a733ab3bc8fa4728 -> af96167c8918efcf805c4cbdcd6cf4f2
  custom:scripting/monoscript/fileName/MethodInfoStubWriter.cs: 997db0f57379feadf20b895537a30a41 -> ea979509603e48eb275e9021a25712b2
  custom:scripting/monoscript/fileName/FlexibleDictionary.cs: 8f6297df34271fdb1ce2d9607ec6261d -> 90647cc400823b41df847a6cbfc29026
  custom:scripting/monoscript/fileName/ValuePortDefinitionInspector.cs: 3756b45aa8afa3dad3da5af189fc0081 -> 2605939a59b621470e201ae7d69d333c
  custom:scripting/monoscript/fileName/UnityUserOrganizationsV1OrganizationsInner.cs: 440e6e939c241944b318429e561d5df2 -> 
  custom:scripting/monoscript/fileName/PathUtils.Gen.cs: 5ddc0068a1cf521fafc42781cf03a3a9 -> 
  custom:scripting/monoscript/fileName/IEditorGameServiceRegistry.cs: 4894c70fd515017ae46efb4f44f8b3e2 -> 
  custom:scripting/monoscript/fileName/ProfileComponent.cs: cea63e4f3546337287ea1c855ba2ff37 -> 
  custom:scripting/monoscript/fileName/IElementAdderMenuBuilder.cs: 8f6297df34271fdb1ce2d9607ec6261d -> 90647cc400823b41df847a6cbfc29026
  custom:scripting/monoscript/fileName/AotStubWriterAttribute.cs: 51a3410136518a50b441106a4db25eeb -> 3d020a140fe1ac9b1bd33bfa4446a0b6
  custom:scripting/monoscript/fileName/ImportAttribute.cs: 26f8edc7feb93154d6843bd5d708cd58 -> 
  custom:scripting/monoscript/fileName/NoAllocEnumerator.cs: 8f6297df34271fdb1ce2d9607ec6261d -> 90647cc400823b41df847a6cbfc29026
  custom:scripting/monoscript/fileName/RequestFailedException.cs: a9eaec06c59248353e0ced5cdc95723f -> 
  custom:scripting/monoscript/fileName/Changelog_1_2_2.cs: 7b6fac3aec8435a472cdff5511a23d8b -> 17a208e878f4b10bda3bf72744c1307e
  custom:scripting/precompiled-assembly-types:Unity.Cloud.AppLinking.Editor.Embedded: 2dc3cd04ca4d6c661f98fb544440d9d4 -> 
  custom:scripting/monoscript/fileName/LogicalNegationHandler.cs: 2957d8fe70d1b0a4d586e16ba9206599 -> b322ec666a35bbaec852fbd47d4a5975
  custom:scripting/monoscript/fileName/AssetCreation.cs: e717a2ae414d768b51f1c31c6deafb84 -> 3fabf02db7ae4ca4eaf4acb6d388c7f7
  custom:scripting/monoscript/fileName/AssetDetailsHeader.cs: ca77bf24a0640be4523b630b2669e0e2 -> 
  custom:scripting/monoscript/fileName/SetStateGraph.cs: 356044078ec3e670cb08697d854793e1 -> f81c40a3612299582c8d8dffd8e47ad7
  custom:scripting/monoscript/fileName/IUnitRelation.cs: dcc6a4941dbc11f7732dac2bacc6a5a0 -> f204146e81b395512f02cbf396108245
  custom:scripting/monoscript/fileName/GameObjectCreation.cs: a853a6c92548e5f61c9dc6c5a328ae9b -> 5925617635141c2bfe2a5f57bbe9bd42
  custom:scripting/monoscript/fileName/IsVariableDefinedUnitOption.cs: 8f6297df34271fdb1ce2d9607ec6261d -> 90647cc400823b41df847a6cbfc29026
  custom:scripting/monoscript/fileName/UnityOnScrollRectValueChangedMessageListener.cs: 35a242bc0385a75bec8cce5574dfd570 -> b1467cbe2c0c0823ec7bcb960d732430
  custom:scripting/monoscript/fileName/UnityOnTriggerExitMListener.cs: e89b7aece2560d07d5d36484070fcc4b -> c1ab316d944f17875ad81dcc15ef2f09
  custom:scripting/monoscript/fileName/VariableDeclarationsCloner.cs: 746dd8494fc5cd47699f797434ed6fe5 -> ffcb3690f6def3d96e43f0aa0d6844ed
  custom:scripting/monoscript/fileName/AotList.cs: 750d5accb22cd5dac277230f150ce405 -> b50f46639dd43ee494445a4704cf62ec
  custom:scripting/monoscript/fileName/MachineEventUnit.cs: 8f6297df34271fdb1ce2d9607ec6261d -> 90647cc400823b41df847a6cbfc29026
  custom:scripting/monoscript/fileName/BuiltInToNavMeshSurfaceConverterContainer.cs: c211ada32dadd57d744f821bc5284c6c -> c40a906f9f99ea8a6c5aaa215767017f
  custom:scripting/monoscript/fileName/PlayerAccountsErrorResponse.cs: 625aaa6e8381f311785ef14fd6a7f90f -> 
  custom:scripting/monoscript/fileName/XmlLinkedModelsExtensions.cs: 9e8a2b9216079ba87ebfd084960b4ac0 -> 
  custom:scripting/monoscript/fileName/CloudProjectIdProvider.cs: 2378bcc3b5bebbc672c1dacaff88b964 -> 
  custom:scripting/monoscript/fileName/AssetDownloadUrlsDto.cs: 6fc682c1550d29c2358b970d521719d3 -> 
  custom:scripting/monoscript/fileName/CreateProjectRequest.cs: 62b9e7967147828bd6514ff262b5ff82 -> 
  custom:scripting/monoscript/fileName/IdProviderKeys.cs: 8479f7af99bd32669ce1b1cd06785a24 -> 
  custom:scripting/monoscript/fileName/FileUtility.cs: 8dc820d8e4ce30221668045254c43f1d -> 04beb84589e064b503995a508183ab3a
  custom:scripting/monoscript/fileName/PageFilterStrategy.cs: 5ab422e836139140efcca2601c4e0d89 -> 
  custom:scripting/monoscript/fileName/VisibilityTool.cs: 8fb6f0d745002e8211a9e30fe5df2ec8 -> 8331de24f77d0f09f05670c74a5d88ca
  custom:scripting/monoscript/fileName/BoneInspectorPanel.cs: d4ee8cbc93bd336c1f2e79548dab0e9c -> cdb008028ec549f3ebb9033ae7169240
  custom:scripting/monoscript/fileName/InspectorActionDirectionAttribute.cs: 1d67f73807ffad9829113561a03bf444 -> de2203996b2384a029c4f3ca46d0e2aa
  custom:scripting/monoscript/fileName/EditorGameServiceRemoteConfiguration.cs: 0cdf409b5aa8d4c25876d72b5c6a3b60 -> 
  custom:scripting/monoscript/fileName/AssetDetailsPageExtensions.cs: f1372b2af07eca5ae80c25fb1aad0092 -> 
  custom:scripting/monoscript/fileName/UnityUploadIconV1201Response.cs: a7cab146027c2f1549f57a603ca22560 -> 
  custom:scripting/monoscript/fileName/Vector2Lerp.cs: d060c9c69429d67f34821e7739329983 -> a6be79a28742a99aabca28f5ac63e76a
  custom:scripting/monoscript/fileName/InspectorTextAreaAttribute.cs: c21ea0db0f3981e662cdfdbf941c26ee -> 31cd5561dbd597258ece4b9d9196facc
  custom:scripting/monoscript/fileName/GraphEditor.cs: 660797e284473230d10d0ef92a8a74cd -> aee98c93a25bac1e1981d71c19e5453c
  custom:scripting/monoscript/fileName/Variables.cs: ee945b780edd10d26d3c236a4d39ec6a -> a92936b6d02dfc7b24bb8283e8a9505e
  custom:scripting/monoscript/fileName/StateGraphData.cs: 210a942ac50367de4588f8c47eecff80 -> c6d164afbe18616a801689d770e27c76
  custom:scripting/monoscript/fileName/PersistenceV2.cs: 084b78f084fa0d1d3a72118bf2334eb4 -> 
  custom:scripting/monoscript/fileName/HashSetPool.cs: c6754c3d3890ce320fb27c8be208ae9c -> 567c0818ef4b448d4f9f05ec62589ffd
  custom:scripting/monoscript/fileName/Changelog_1_3_0.cs: e8e40728ddebe02a45c17c874a794739 -> 9a0c6fa66f1d558cd9b746874b73c6ff
  custom:scripting/monoscript/fileName/AuthenticationAdminNetworkClient.cs: 5dda6f84d83676b008ddf31b51deb70d -> 
  custom:scripting/monoscript/fileName/DisabledDiagnosticsFactory.cs: 92ef54fd2e9d3765db37c6ce29121dc7 -> 
  custom:scripting/monoscript/fileName/ConditionalSearchCritiera.cs: 90647cc400823b41df847a6cbfc29026 -> 
  custom:scripting/monoscript/fileName/LoggerProvider.cs: 85419feb98edebcc92e797fb8294ee40 -> 
  custom:video-decoder-ogg-theora: a1e56fd34408186e4bbccfd4996cb3dc -> 
  custom:scripting/monoscript/fileName/BaseJwt.cs: 7e0494ab7ba3fec8428b5c217bce6e56 -> 
  custom:scripting/monoscript/fileName/EnvironmentSaveSystem.cs: 931610e413c03621f898c65e36f44fc6 -> 
  custom:scripting/monoscript/fileName/PlayerAccountsExceptionHandler.cs: 6ea791fbfb7786b788d8d7d02654adff -> 
  custom:scripting/monoscript/fileName/GraphDescriptor.cs: 8f6297df34271fdb1ce2d9607ec6261d -> 90647cc400823b41df847a6cbfc29026
  custom:scripting/monoscript/fileName/ComponentRegistry.cs: 2fefa8b1f349de188d35295b3042e694 -> 
  custom:scripting/monoscript/fileName/SearchRequest.cs: d903916be9628a905eec7332ab026677 -> 
  custom:scripting/monoscript/fileName/ColorInspector.cs: 2da2989a912e232c079a6d48d6a59d4d -> cecc28cb1abcc27c8c8ae58cd74d4c66
  custom:scripting/monoscript/fileName/EditorAttribute.cs: f58df5fbf958548823331896060761e4 -> 76f41b406e3459140ff17963530b2413
  custom:scripting/monoscript/fileName/UserChip.cs: 135aa39c05ca0a6c99be1151e1d887c6 -> 
  custom:scripting/monoscript/fileName/EnumOptionTree.cs: e26aec75cca1b7d94bdee5a43652f38d -> 7e1782da94c8c448d415fbae3973c43a
  custom:scripting/monoscript/fileName/ApiUtils.cs: 756c6ce1277e83c5eaba7d078dea9753 -> 
  custom:scripting/monoscript/fileName/Acknowledgement_NCalc.cs: f3fe115f9b058418e4bcae4aa7d9c257 -> 47c799ddca60c6e8f222121b8aac94bc
  custom:scripting/monoscript/fileName/NesterStateTransitionAnalyser.cs: 8f6297df34271fdb1ce2d9607ec6261d -> 90647cc400823b41df847a6cbfc29026
  custom:scripting/monoscript/fileName/LabelsTab.cs: 54aa17ec51742d4b98a9f9b43d0b3c2d -> 150bfe6d5ca1a8fb515e8f2abfc62471
  custom:scripting/monoscript/fileName/EnvironmentsClientFactory.cs: 325dec75592389c16ac743f438f24960 -> 
  custom:scripting/monoscript/fileName/DragAndDropUtility.cs: 11e31450d507e967977af995a75084c3 -> ee2dbf299f97aa18a7a21831cd83d1bc
  custom:scripting/monoscript/fileName/ConfigurationCollectionHelper.cs: cb4dac2b34c76624ca64d0ad91214a93 -> 
  custom:scripting/monoscript/fileName/LimbSolver2DEditor.cs: 316afe970cef850a657f291ea8ddb7da -> 76e99da666d475873e0a85464c9ec879
  custom:scripting/monoscript/fileName/VSUsageUtility.cs: ea507ea1c8b011875eaa036849b09038 -> 1d77fa7d93eb6672113a7e69b12874de
  custom:scripting/monoscript/fileName/EditorPrefAttribute.cs: 8352a422a356bb3aac3721c41015ad59 -> e061eb97747a6f9f3a5ac748a5232b7a
  custom:scripting/monoscript/fileName/UnitConnectionStyles.cs: 906ec4e13369a6db65be559d1e8665f3 -> a303fa698d660f166d540494ce194a7b
  custom:scripting/monoscript/fileName/UnitOption.cs: a53f96815da50de15010b1c479bc70cf -> 0cdf409b5aa8d4c25876d72b5c6a3b60
  custom:scripting/monoscript/fileName/DictionaryExtensions.cs: d37b3043b5339f13af7295850374111a -> 
  custom:scripting/monoscript/fileName/StaticFunctionInvokerBase.cs: 8f6297df34271fdb1ce2d9607ec6261d -> 90647cc400823b41df847a6cbfc29026
  custom:scripting/monoscript/fileName/ScalarMaximum.cs: 1be64b4438e9e8090687597c65068f3a -> 6626803545e83ea0ae859f6897cab571
  custom:scripting/monoscript/fileName/AsyncOperationExtensions.cs: 1fabcad386c6a3966bbd7925c1ec32e2 -> 
  custom:scripting/monoscript/fileName/WindowController.cs: d5ae5f44c9b9b6824cd8ff6da233f505 -> 36255cfec9a21d4511d537a17af574db
  custom:scripting/monoscript/fileName/IUnitConnection.cs: de08e80bad7d849ce2af8ba217c35805 -> e6d3b0ceb8ba9afc6d819088440ae9db
  custom:scripting/monoscript/fileName/MeshPreviewCache.cs: 3636dcc2ec975522c6742223308e7e28 -> d6b83b08c1e612e303b5e447e8be02b6
  custom:scripting/monoscript/fileName/InstanceActionInvoker_4.cs: 8f6297df34271fdb1ce2d9607ec6261d -> 90647cc400823b41df847a6cbfc29026
  custom:scripting/monoscript/fileName/ProjectUnlinkBuildWarning.cs: c52465de41a758f7a3babb293254b52b -> 
  custom:scripting/monoscript/fileName/HttpRequestUriModifier.cs: 94e237a3c39a0f8d543bf42126ffddfe -> 
  custom:scripting/monoscript/fileName/IProjectStateHelper.cs: 3adea7eb7ff850864d22d07f530e0111 -> 
  custom:scripting/monoscript/fileName/FlowCanvas.cs: e42652e034380ee3bd1911f65dabc954 -> 3d8e3b93ac29e45a0da8c7a8d1451d22
  custom:scripting/monoscript/fileName/AuthenticationServiceInternal.BYOI.cs: f2320ad47adf55f9875741b342dc3b01 -> 
  custom:scripting/monoscript/fileName/ProfiledSegment.cs: be9d9cdfb374dec21d78005eb0101ac4 -> 5938498c399a4f197054aa37c5b1e73a
  custom:scripting/monoscript/fileName/ICloudProjectId.cs: 60ddc28b5a3880441601b503b311a533 -> 
  custom:scripting/monoscript/fileName/WeightToolbar.cs: 9c36f639bc5d9fea6437c09080a90387 -> 89372a0f37403e988f690558695abfb6
  custom:scripting/monoscript/fileName/IAuthenticationEditorService.cs: 58e2d84aa3051f0695e248211048c819 -> 
  custom:scripting/monoscript/fileName/SetMember.cs: c1db1ca330e5069964e0820753cf6e52 -> 85ae4c41caa5253b7a8ea8e79824937a
  custom:scripting/monoscript/fileName/IHttpClient.cs: 9b35120d328d31d9fa1f8e0185bbd9fc -> 
  custom:scripting/monoscript/fileName/ICopyable.Gen.cs: 90647cc400823b41df847a6cbfc29026 -> 
  custom:scripting/monoscript/fileName/ThreadingUtility.cs: 04b3b0b0336f4a10f1d8aa16ba8bb5cf -> 
  custom:scripting/monoscript/fileName/Descriptor.cs: 8f6297df34271fdb1ce2d9607ec6261d -> 90647cc400823b41df847a6cbfc29026
  custom:scripting/monoscript/fileName/IAssetUpdate.cs: 71d73fd0e3b87e9bfbfa078528c277d7 -> 
  custom:scripting/monoscript/fileName/CustomPropertyDrawerInspector.cs: 604459f67e7048bb6942534f33acc796 -> a6e5ba3ee427d14f5e7e403ac967f5cd
  custom:scripting/monoscript/fileName/ShortcutUtility.cs: 2f58708f86ea12035d4cfcc8d3a85d22 -> 6a245a50a945c75c9b74a85310045d7c
  custom:scripting/monoscript/fileName/SortEvent.cs: 0547223aa6d99a45da4eb8d6afb74f3a -> 
  custom:scripting/monoscript/fileName/IGraphParent.cs: 4d5321710bb2f8d0f9473fbed30c3a32 -> a37e13ad4c7f953441d6fa1225b8b678
  custom:scripting/monoscript/fileName/AssetsSdkProvider.cs: cac82f7b32baf4ef13e57b436f646511 -> 
  custom:scripting/monoscript/fileName/RemoveListItemAt.cs: 72a14a2f7dcbd9e71bac99efe9a260a2 -> f4d2a1935a847847b6f6b29b7a4eed8a
  custom:scripting/monoscript/fileName/AssetDataSource.AssetVersion.cs: ebc0fad151fb9bb8e368592886229376 -> 
  custom:scripting/monoscript/fileName/ControlInputWidget.cs: 296c618d1793157aeff6d858e7408e8d -> 5a6e9c13efb8a4075cb7ff220b516fb0
  custom:scripting/monoscript/fileName/GraphInputAnalyser.cs: df56967140de36fed1dbadef9a573772 -> 1d1668227b5a0cbb70b05d9003374462
  custom:scripting/monoscript/fileName/IGraphContextExtension.cs: b6e3b93fffcb7faf2b20ba53143181e6 -> 263d41d2259ba315f7ae4df934f0989b
  custom:scripting/monoscript/fileName/FieldDefinitionQueryBuilder.cs: 1c199b828899ddb9add2c43878e0b408 -> 
  custom:scripting/monoscript/fileName/OnCollisionStay2D.cs: 41e17253a5a2352f4ed486532c6bdd0d -> 3d282d1ac0590d42b952b574b89aaf94
  custom:scripting/monoscript/fileName/IReorderableListDropTarget.cs: f36921d14aea5f98fb1bc03c61072812 -> 3eb1d1cb3802e240a745775df755d8bd
  custom:scripting/monoscript/fileName/AttributeUtility.cs: 7df079983477e68dd6168f13b0582d99 -> a716ace3a682d98d201608ab355d73d1
  custom:scripting/monoscript/fileName/Migration_1_4_0_f5_to_1_4_0_f6.cs: 77b6db48f2c07caded103b45a6484157 -> 0dc0635a5814ffcd0ab27633300c7cea
  custom:scripting/monoscript/fileName/IdProviderNames.cs: db80400c41aaf95d50509b8170aaab35 -> 
  custom:scripting/monoscript/fileName/WeightInspectorIMGUIPanel.cs: 072a12d71a5af87440248811367e8714 -> 09542a8d18d3b59cd4e6ead66b720da8
  custom:scripting/monoscript/fileName/OnScroll.cs: 60d16d6c811081076772234080926856 -> a8458b398961843875056c5b19574a1c
  custom:scripting/monoscript/fileName/CloudStorageEntitlementsJson.cs: 2732b46b1a3055f33964adaa10762492 -> 
  custom:scripting/monoscript/fileName/NullOption.cs: 1e2ccffc490219eecb1962db2473181c -> 9ac9ab9926712ed42b4304e750e37446
  custom:scripting/monoscript/fileName/DisableAnnotationAttribute.cs: 8b707a689266bacc4c699b65c5353193 -> 4ebff6dbbf989a9f98188b4daa90bdbe
  custom:scripting/monoscript/fileName/GetObjectVariable.cs: 2d029fd1a25df46ef1748b5caf934e77 -> 49dc8b2f19ac9872f8bc9ac7c14e9d9f
  custom:scripting/monoscript/fileName/NumericNegationHandler.cs: 75fa206ad2902f1ec77689b59bc6e372 -> a37d31bf6473f55720a7f7b3c4375301
  custom:scripting/monoscript/fileName/LoadDependenciesOperation.cs: c26362dea74c14d8c28a0119aadd0512 -> 
  custom:scripting/monoscript/fileName/EditablePathUtility.cs: b871621ba7332dfb1da95e06728f73cc -> 2065f881caaf4c1b2fcb006c4caf080d
  custom:scripting/monoscript/fileName/TextContent.cs: 6acbdbc8521b03ce67ddadbc70dda6b0 -> a3d0d4ead36899096f20380eb6805b7c
  custom:scripting/monoscript/fileName/IAssetData.cs: d906ab0bd843c28aa559329be8188d33 -> 
  custom:scripting/monoscript/fileName/ServiceErrorAttribute.cs: 5128c012dd884aa3b9036f9b04a14d67 -> 
  custom:scripting/monoscript/fileName/IDefaultValue.cs: 8f6297df34271fdb1ce2d9607ec6261d -> 90647cc400823b41df847a6cbfc29026
  custom:scripting/precompiled-assembly-types:Unity.Services.Core.Networking: 61bebe50ea392373ad9b763369998b02 -> 
  custom:scripting/monoscript/fileName/OnDrop.cs: 0f3e97faaffbda81587594be6510d112 -> 7180cbb20efd1d4d02e34e03e27e455b
  custom:scripting/precompiled-assembly-types:Unity.Services.Core.Telemetry: 93d339c2f6637582a5436fa1367ea7d7 -> 
  custom:scripting/monoscript/fileName/SignInCodeInfo.cs: 5021c05477899faf20d892f4cf059942 -> 
  custom:scripting/monoscript/fileName/SelectOnString.cs: 60119796c44c36dc4923905f0f15f4d7 -> 07a544e40bc9f188e0e9aecb27f7c92b
  custom:scripting/monoscript/fileName/FieldDefinitionSearchFilter.cs: cf91adfa30d46676b28c58c3358db18e -> 
  custom:scripting/monoscript/fileName/IMetrics.cs: cc4d6b26e54335130aeffb94ca489467 -> 
  custom:scripting/monoscript/fileName/AotIncompatibleAttribute.cs: 1dcd6fc6c15e626f903b45fd0a151140 -> d466fb98144d7a1f2575105d75338f47
  custom:scripting/monoscript/fileName/SpriteSkinEditor.cs: 4a2fb36f7c210b2bb39fd1375ad6ec3c -> 1737db6268bdda7a4b0a0fc07622cb96
  custom:scripting/monoscript/fileName/NavigationWindow.cs: 1279a85ab048fbed97c5121b62728812 -> 7884404b71178f59d8819c380b951d7c
  custom:scripting/monoscript/fileName/CheckDatasetBelongsToAssetRequest.cs: 452a46c1e1d21c41832fcdb322c51e25 -> 
  custom:scripting/monoscript/fileName/SpriteLibraryAssetInspector.cs: 475258b439d7107bbc353817b7781000 -> c9db9044da6d4d2e1f67808b07769c10
  custom:scripting/monoscript/fileName/IWidget.cs: 443827774ebb9dfaa2b9f39f14ac2d81 -> e3f4fbb71cdb51978236fdbc94144f1a
  custom:scripting/monoscript/fileName/NamespaceConverter.cs: 629c51364df3f85acf94a7a2c2d3555e -> c3e77d6a6baba1fc5e66788cd75d0bc3
  custom:scripting/monoscript/fileName/ApiResponse.cs: 0178253e68aead753e309ceab16a5b51 -> 
  custom:scripting/monoscript/fileName/ModuleToolGroup.cs: a7b49c61ac61433206408b49a4769bdb -> 3b6d03b74b6b22a873a4f862ee6b1222
  custom:scripting/monoscript/fileName/fsReflectionUtility.cs: 032d97551e3d9be8ed1628288fc1fcab -> ef4c20876ec4a09717e3d758beaaae49
  custom:scripting/monoscript/fileName/LayoutOverlay.cs: a2f10617c610b7ab2177ba08de80b6d5 -> 72dffb01ce958422159f804b432d2768
  custom:scripting/monoscript/fileName/JwtToken.cs: 695676703b058a885ba465ee89dc4357 -> 
  custom:scripting/monoscript/fileName/BackgroundWorkerAttribute.cs: b45d13a274316a724d3a3366b5dcd7d1 -> 798cc989f128d7362b78769c5f63de6e
  custom:scripting/monoscript/fileName/UploadUrlDto.cs: b22205242987e1531cddf6cfc048f3d2 -> 
  custom:scripting/monoscript/fileName/IEnvironmentService.cs: d28a6fb640eb356196b9c1017c7a0d37 -> 
  custom:scripting/monoscript/fileName/ActivateAppFromUrl.cs: 5b9227c8a5dd1fc690c944553923b462 -> 
  custom:scripting/monoscript/fileName/WrappedEditorWindow.cs: caa90df3b7c66b83be65a4a462517aa1 -> 2956ce31038967e09cf4a2c9fd2eba46
  custom:scripting/monoscript/fileName/TransformationSearchData.cs: f5a48c1b88233c935a1630edf2ecb880 -> 
  custom:scripting/monoscript/fileName/LabelListDto.cs: 11a85394a79b2f1ab87b391f736b4701 -> 
  custom:scripting/monoscript/fileName/LocalImportStatusFilter.cs: b6efb9b2b9aaa5734b71ea89467d18db -> 
  custom:scripting/monoscript/fileName/ForAnalyser.cs: 29ecbeb2170eb4aa70c7a9df659f09ab -> 6f7d4f9cd60252b0707727702fc7ddd5
  custom:scripting/monoscript/fileName/StreamingAssetsConfigurationLoader.cs: 2f115cec9bfe6872856ee4ad61eb2c3f -> 
  custom:scripting/monoscript/fileName/LegacyRequestHandler.cs: 797c1c7264ec768de11fded0686de77e -> 
  custom:scripting/monoscript/fileName/FlowGraph.cs: 774701fda0eed4bf2d319b514412da5a -> 023be3d14e593517a6b0a05304df6ba8
  custom:scripting/monoscript/fileName/MemberInfoStubWriter.cs: 8f6297df34271fdb1ce2d9607ec6261d -> 90647cc400823b41df847a6cbfc29026
  custom:scripting/monoscript/fileName/SteamConfig.cs: bbd1cc7973d283bd45536d92d8a56d59 -> 
  custom:scripting/monoscript/fileName/IGraphElementDebugData.cs: e2ef5669b399dcb9a408ce115b1794aa -> 9df5d16fa13d97c97e6063e044dc33e8
  custom:scripting/monoscript/fileName/DescriptionFieldContainer.cs: 409997b6cde91aeb1c41468eaa7e2f67 -> 
  custom:scripting/monoscript/fileName/EditorLinqUtility.cs: 7704bb610bd3a027c0e0919f7acc0d70 -> cef26f75d1b64528076349b4ae43b547
  custom:scripting/monoscript/fileName/SelectionFieldDefinitionProperties.cs: 07f54211fcf49b3fd86876c37ce67916 -> 
  custom:scripting/monoscript/fileName/CSharpNameUtility.cs: ae8e9a2012fc8bf124a347f178b08319 -> e7f556470d723bad93c2d6014306451b
  custom:scripting/monoscript/fileName/IEditablePathController.cs: 40a1f4b9b10d6f76e6d36c5b1b337952 -> 1da99a407b69112d63d222eb8de74059
  custom:scripting/monoscript/fileName/GenericPolygonTargetTransformation.cs: 86256c5431c2ac6f8b13a8af3352372c -> 
  custom:scripting/monoscript/fileName/StateUnit.cs: 43aa2aa4a4f482fc71a9792409290504 -> ef74b23ae74b2b97cbe501ff2ea90e27
  custom:scripting/monoscript/fileName/ThumbnailDownloader.cs: 4993b8d94b2adb2a911b7d7df9165313 -> 
  custom:scripting/monoscript/fileName/Vector3Round.cs: d22a7fce1ccb7c8a4c65a3cb2bc52313 -> 537a0abf814a4e3decfd1b1df34b70a7
  custom:scripting/monoscript/fileName/TokenExchangeRequest.cs: 84521e3f40e65f84d2324450cf06365e -> 
  custom:scripting/monoscript/fileName/BaseUpgrader.cs: bf14c54c91bba651def4b856d954bddd -> ada04ef9555ab935ad2638ffd81913e9
  custom:scripting/monoscript/fileName/ScalarPerSecond.cs: f0d425ebcb43db0e7f8487aa9fe4168b -> 562c1a648b68009425a9afb6155922e3
  custom:scripting/monoscript/fileName/SignInWithOculusRequest.cs: 957099aa63a576a63c27a2432f359cc1 -> 
  custom:scripting/monoscript/fileName/ReflectionPropertyAccessor.cs: 3a7ffc1844979ca42660a8621deae5ba -> f440ade5db15f50b2ae6cd8612e0fc8f
  custom:scripting/monoscript/fileName/AssetDataSource.Project.cs: ebc0fad151fb9bb8e368592886229376 -> 
  custom:scripting/monoscript/fileName/EditorBindingUtility.cs: 44bc01cd29113f73e63d9dae495c4807 -> e9547d1c14e637a650e5e722ab3fa3f6
  custom:scripting/monoscript/fileName/CachedItem.cs: 8450601efe5ca3239aa246eb6a704a28 -> 
  custom:scripting/monoscript/fileName/EnvironmentChangedParameters.cs: 0ad6f60cc0b0e0ea02aed10221f7c8a8 -> 
  custom:scripting/monoscript/fileName/PluginResources.cs: a92ced0ee9d04731e6cccd8f0faaccaa -> 7ce09d1bc5f9152cc24943a6a232ae33
  custom:scripting/monoscript/fileName/TransformExtensions.cs: 973d7b88e2cb5d592e9658b9714e4330 -> e5216133575de61ae6b62bd442d901c9
  custom:scripting/monoscript/fileName/GetScriptGraph.cs: 2382fcf27a544ad181ac5a06c2643076 -> b68d48d98823c5e7cca7119c6ede94f0
  custom:scripting/monoscript/fileName/LabelBaseData.cs: e3cce95ca32e73457e66bf2ee4b94936 -> 
  custom:scripting/monoscript/fileName/ISearchRequestFilter.cs: 5c4c4fbbe2849669bfe7af17d126a283 -> 
  custom:scripting/monoscript/fileName/TriggerCustomEvent.cs: 86457164f8931c43c4600144537584ef -> 17d6670b8bb2697c9d7fa321cf036c86
  custom:scripting/monoscript/fileName/IMachineDescription.cs: 33bccc702b71f0dbbdb12ac4b4669cbf -> 1ed34b8943d972350b79c4bfff6f0508
  custom:scripting/monoscript/fileName/OperatorException.cs: 9a2cb6132e618b3b3535f7ae31c01ce0 -> 1577d6b43fea6e61203746abe0d43590
  custom:scripting/monoscript/fileName/InvalidOperatorException.cs: 1347322da9cd7ec3bf50eb070a1343c3 -> 7e85a61226c7b6be61e885319bc4ad4b
  custom:scripting/monoscript/fileName/IAnalysis.cs: fc23fe14f17cd0302a5ab1cf8bdcb461 -> 3d601f2a969dc0183da799df759fa9af
  custom:scripting/monoscript/fileName/CoreDiagnostics.cs: 041dd565425b56b2b823902ba53cfe54 -> 
  custom:scripting/monoscript/fileName/AnyState.cs: a06b2b05c90e6b87b493ad39dc6efc86 -> 1dfd3e5a24c946ec7ab258b73b97b1c4
  custom:scripting/monoscript/fileName/ArraySlice.cs: a53f96815da50de15010b1c479bc70cf -> 0cdf409b5aa8d4c25876d72b5c6a3b60
  custom:scripting/monoscript/fileName/ProjectRequest.cs: 24cca36ab3259cef6f1e58612182e239 -> 
  custom:scripting/monoscript/fileName/UnitPortWidget.cs: a53f96815da50de15010b1c479bc70cf -> 0cdf409b5aa8d4c25876d72b5c6a3b60
  custom:scripting/monoscript/fileName/AssignAssetStatusFlowRequest.cs: 1b5d15a5d517fca64766d441d02738db -> 
  custom:scripting/monoscript/fileName/UpdateNameRequest.cs: 7868adfcb83c183cb1a65b23e9ff1c1f -> 
  custom:scripting/monoscript/fileName/Expose.cs: 45062bc3f903368f2261b7260ded7950 -> 0f6867eea38ddfb53d43072b3a4fbe2d
  custom:scripting/monoscript/fileName/INotifyCollectionChanged.cs: 8f6297df34271fdb1ce2d9607ec6261d -> 90647cc400823b41df847a6cbfc29026
  custom:scripting/monoscript/fileName/ProjectBindRedirectContentUI.cs: ea393b5b63051e326686665efb7ed1d2 -> 
  custom:scripting/monoscript/fileName/IUnityObjectOwnable.cs: 92d9879986bbf84de83f1a29aa340780 -> fa72229eb58a410f2af8114f751cfcf9
  custom:scripting/monoscript/fileName/EventUnit.cs: a53f96815da50de15010b1c479bc70cf -> 0cdf409b5aa8d4c25876d72b5c6a3b60
  custom:scripting/monoscript/fileName/UnitOrderAttribute.cs: b7558a52daee9b358697768b10b20f60 -> 5e7edfdea33344dc42577f3f60f29797
  custom:scripting/monoscript/fileName/ApplicationVariables.cs: f4df6664eedb89b5afc0bbd7fd67222b -> b03d73c3c3dc0812138f4394b2a88702
  custom:scripting/monoscript/fileName/NavMeshComponentsGUIUtility.cs: 031a331373bebd0dbd0914421ec4dc78 -> 08c52049b94db52661003d42fda4ecff
  custom:scripting/monoscript/fileName/WaitForNextFrameUnit.cs: f834b62b41cdbb4bf0cd573ac111e959 -> 43b3594064b614e5ddd806fd6059d3b6
  custom:scripting/monoscript/fileName/SelectUnit.cs: 16c452d0c73e9c95af7e01d27e0fee90 -> 4b371e85c3a6bf31355041b73a88fd90
  custom:scripting/monoscript/fileName/ReflectionFieldAccessor.cs: fadec54875194fe4d6265f37ec0e045c -> e0638b9173cd7ad8e083de3e200af59c
  custom:scripting/monoscript/fileName/IsGraphVariableDefined.cs: 873f161c2c039b7f3bd595bab514af50 -> b8bb6b00410adb78cbf07d95841f133f
  custom:scripting/monoscript/fileName/AnyStateWidget.cs: 21fc8bb398951f60b6943601a4038362 -> 3e3b6f009ba640bc201480355290fef4
  custom:scripting/monoscript/fileName/HashExceptions.cs: 0c04f84e29310842caf31699037c2a6f -> 
  custom:scripting/monoscript/fileName/SwitchModeTool.cs: 7a32e231c7ac2ccf0b42eb3f54e4d89b -> 9e960ce60de25635edb07ae072180f72
  custom:scripting/monoscript/fileName/Vector2Distance.cs: 708186df0989ad2826c7b0c26a1d1948 -> 7e1843c57c5636f3ef2dd9cf38768a20
  custom:scripting/monoscript/fileName/Migration_1_2_4_to_1_3_0.cs: 76cdec9e33a14a9e0a43904c6575c368 -> e45ff7569bcb5eeb62583fd68fc6f2d0
  custom:scripting/monoscript/fileName/IReorderableListAdaptor.cs: c2bfa16b2bd367a69fca72770216e84a -> 8befb33be3f646200001adf324516892
  custom:scripting/monoscript/fileName/IConnection.cs: 8f6297df34271fdb1ce2d9607ec6261d -> 90647cc400823b41df847a6cbfc29026
  custom:scripting/monoscript/fileName/SearchResult.cs: 9bcfd297269bcde8adaa8e567f02edbf -> 6ae90836557cc97b97d1ac90e1475b89
  custom:scripting/monoscript/fileName/DatasetUpdateData.cs: ede37a7de14e54b30406c76761e3415d -> 
  custom:scripting/monoscript/fileName/IAssetUpdateData.cs: 800aa544c9098b69b03662052c641e0f -> 
  custom:scripting/monoscript/fileName/Changelog_1_4_12.cs: e856ac22dd55e6bb40d9707eb59006a0 -> 6167c617e13b9ea9b730d5d7da9cf8fd
  custom:scripting/monoscript/fileName/AuthoringInfoSearchFilter.cs: 34297064cb2df17d669a6b19902891ef -> 
  custom:scripting/monoscript/fileName/Changelog_1_1_0.cs: edc16b36851517f960b731fff8da3d1b -> 3e51c254ef5ab77573e6a97c4ae83f4b
  custom:scripting/monoscript/fileName/TransformAccessJob.cs: cc725b1b2180dedf6e5f11db4f863e5e -> b923b8c660a860b2e2316632ea53afd9
  custom:scripting/monoscript/fileName/RenamedNamespaceAttribute.cs: 6db5abcf944a1ebfeda13ae3b7b2e48c -> 8f4013dd76aefba5bbeaef873bb9a10e
  custom:scripting/monoscript/fileName/AssetProjectQueryBuilder.cs: ecfdf4b6a581175af5acba4c13398ba8 -> 
  custom:scripting/monoscript/fileName/IAboutable.cs: 1d136f786cba3d4d4919e5a93c101ab6 -> 44a63994dfc06ba3a71dce4b2aba51a5
  custom:scripting/monoscript/fileName/IKManager2DEditorData.cs: a53f96815da50de15010b1c479bc70cf -> 0cdf409b5aa8d4c25876d72b5c6a3b60
  custom:scripting/monoscript/fileName/AssetVersion.cs: 37d802d9592a00f900dc0f75eb6b265c -> 
  custom:scripting/monoscript/fileName/IActionScheduler.cs: e5388884c9a263c0b7f149f53626af31 -> 
  custom:scripting/monoscript/fileName/BaseAssetData.cs: d8fe35d0fdb0f2f2992206eb81366831 -> 
  custom:scripting/monoscript/fileName/SearchUtility.cs: 714a7de33bdf1d8919910d18b6d6854b -> cc112703cf057eab44ee232d164621c4
  custom:scripting/monoscript/fileName/DiagnosticsFactory.cs: 3828493052568497f2ccdc68dea8b14c -> 
  custom:scripting/monoscript/fileName/HasStateGraph.cs: 141d9ac26df9cb57f81786c485d7480d -> d58bc8e84a91f0887e1b8eb44ae976f8
  custom:scripting/monoscript/fileName/UnityUserOrganizationsV1.cs: 73dafadd41de13ace6058db610522dcd -> 
  custom:scripting/monoscript/fileName/XmlLinkedProperty.cs: 29784440eed3b7889f0bfe76633cc000 -> 
  custom:scripting/monoscript/fileName/StatusPredicateData.cs: 243c01240bd633a77e7ba70dab64aeaa -> 
  custom:scripting/monoscript/fileName/TypeFilter.cs: 577a10ddecb7a9ead4c425a626b5b419 -> 962df44e03b271fff6d3053ca79fc48f
  custom:scripting/monoscript/fileName/TaskAsyncOperation.cs: deaa3dfd455420a1f0dece4fa000e9b1 -> 
  custom:scripting/monoscript/fileName/ThumbnailGeneratorTransformation.cs: 1a01fdf69b4d9176166a8762952b815f -> 
  custom:scripting/monoscript/fileName/UserId.cs: f4bdf383f2ea6c22352dc011f150ea7a -> 
  custom:scripting/monoscript/fileName/BrowserClipboard.cs: 04f8913531ec4c2156c916ae85d6a3d8 -> 
  custom:scripting/monoscript/fileName/Warning.cs: db39e66d4606012ee99224d96660b097 -> 18b7668a3f6397b117820b0d7be1a60c
  custom:scripting/monoscript/fileName/Singleton.Gen.cs: 66c389d1e92bc70efd18b5d3b46f6bca -> 
  custom:scripting/monoscript/fileName/SkinningCachePersistentState.cs: c4f53c46d6f400890f86e4548b9e3d1b -> e0b4fd21bd5af6165d59481a8e03e8fd
  custom:scripting/monoscript/fileName/IAssetCollection.cs: 1e64e7a60bc93a6f297b391a3f088606 -> 
  custom:scripting/monoscript/fileName/AuthenticationMetrics.cs: db3eebb192edec43745ac2610c6eee30 -> 
  custom:scripting/monoscript/fileName/DetailsPageEntry.cs: af19644a9deeb8ebbddd2b631b3ca3e7 -> 
  custom:scripting/monoscript/fileName/IAsset.cs: 5bba4ff56c78cdacbf22dbb4220aa20d -> 
  custom:scripting/monoscript/fileName/LaunchArgumentsUnityEditorAccessTokenProvider.cs: ec79215a4163e41f3f06b9ea9f3ba03e -> 
  custom:scripting/monoscript/fileName/MachineDescription.cs: 6d1f74a3c567ad1c4ab409f0af483315 -> a5dfa55fd4782c6c66f97ca4d71530fc
  custom:scripting/monoscript/fileName/UnityServicesExtensions.cs: f9ffd95f7e2a880622783a2a6570e5ae -> 
  custom:scripting/precompiled-assembly-types:Unity.Services.Core.Environments.Internal: a94ac62d8b6ab44e5914a671ad4dd355 -> 
  custom:scripting/monoscript/fileName/VariantList.cs: 8f6297df34271fdb1ce2d9607ec6261d -> 90647cc400823b41df847a6cbfc29026
  custom:scripting/monoscript/fileName/OrganizationHandler.cs: 8e4686813d139f7c9962131a6d917980 -> 
  custom:scripting/monoscript/fileName/EventBusExamples.cs: af5b07a5fb898d2629cc82660bc0df69 -> 
  custom:scripting/monoscript/fileName/CollisionEventUnit.cs: f825afc1f13c22c097954d8eb57131cc -> 9116ea86754a368f5da83a05854b6f7a
  custom:scripting/monoscript/fileName/UrlMetadata.cs: 528716247f57d784580bfcffa8194a6d -> 
  custom:scripting/monoscript/fileName/ISpecifiesCloner.cs: 2c17a3d515a5b30be4bb06f06fc32464 -> 8ed593b372ceab75851829514964db29
  custom:scripting/monoscript/fileName/GameObjectEventUnit.cs: a53f96815da50de15010b1c479bc70cf -> 0cdf409b5aa8d4c25876d72b5c6a3b60
  custom:scripting/monoscript/fileName/ImportResultInternal.cs: 4b519566a6fd5e426a03506b79a6b85f -> 
  custom:scripting/monoscript/fileName/ObjectVariables.cs: ad469d429163b3f75377b0e82c40a3c3 -> 5a788da16be707110b7cb249b651cf46
  custom:scripting/monoscript/fileName/UnityOnTriggerStayMListener.cs: bed7f7f665d5670f3212fa8c61bbb1a3 -> c958bd92c0d50ca4f5441be7618ffeaa
  custom:scripting/monoscript/fileName/UpwardDependencyItem.cs: 3dc0b6d434e39111111cd95822411e0c -> 
  custom:scripting/monoscript/fileName/IFile.cs: d3752695726681eddda4019bd1bf19f4 -> 
  custom:scripting/monoscript/fileName/OnScrollRectValueChanged.cs: 564d1b4a56ffc6b0f4710fb23c0acd1c -> 5c5bf1e1c354dcdc81b778d4e042db52
  custom:scripting/monoscript/fileName/LudiqProduct.cs: 76d7c94aa2214e32ce1c258dc57d32f8 -> 174ec8a2a52e5f2d699e044ccc1dd4f2
  custom:scripting/monoscript/fileName/Gradient_DirectConverter.cs: 23aa6165c69a0e126e7f360ac9e04f6c -> 1a5911bf84d0eccbe42286f5fa3b0ac0
  custom:scripting/monoscript/fileName/TimestampMetadataFilter.cs: 0e4d9c741e0ad944046d2061a16936fb -> 
  custom:scripting/monoscript/fileName/AssetFreeze.cs: 9d863776fbf878af84061ece6a10b6c8 -> 
  custom:scripting/monoscript/fileName/OrganizationId.cs: 37e16a5e14132755b737f8ac54b31d6d -> 
  custom:scripting/monoscript/fileName/SavedAssetSearchFilterSettings.cs: b4f683bc0a6e048a352fa100191a269f -> 
  custom:scripting/monoscript/fileName/VariablesEditor.cs: 16fc972086fa2766f042ede09c5a7141 -> d3eb4cb5981f22b2e259cedcde05e0b2
  custom:scripting/monoscript/fileName/InstanceFunctionInvokerBase.cs: 8f6297df34271fdb1ce2d9607ec6261d -> 90647cc400823b41df847a6cbfc29026
  custom:scripting/monoscript/fileName/fsPropertyAttribute.cs: 30a94612522028dd61f38ca84d0f8be8 -> de3847dd9af50d0d1679f5f311ebe5be
  custom:scripting/monoscript/fileName/NumberMetadataFilter.cs: dae2f981f21de59a654d51346da927e1 -> 
  custom:scripting/monoscript/fileName/DatasetMapper.cs: d6109c9a138e1bc926d7fbe7ccd6d531 -> 
  custom:scripting/monoscript/fileName/Vector2Normalize.cs: 8fa36a857a5bf05354754a96329ed6dd -> 6e286cee1a829552cf7a6633c3789541
  custom:scripting/monoscript/fileName/CacheEvictionManager.cs: d6e4ea28d766ba7168d32dd32498dad3 -> 
  custom:scripting/monoscript/fileName/LinkResponse.cs: 72d0f4cdb2fd8b9de864adef4a668391 -> 
  custom:scripting/monoscript/fileName/TagExtractor.cs: a426af85865898befdf75d5d2f021d0c -> 
  custom:scripting/monoscript/fileName/FileCreateData.cs: c40339baa515c9971a388670e340d087 -> 
  custom:scripting/monoscript/fileName/RuntimeCodebase.cs: 642889726dffc13fa9b4aa8ad9b03002 -> b4d6a0ee89964b844dfedc47e0d3cd0f
  custom:scripting/monoscript/fileName/UnityTransferProjectRequest.cs: 160aa9e78d67107dbad79b2602ea5baf -> 
  custom:scripting/monoscript/fileName/CreatedProjectDto.cs: 4196dce86cde4715f044e4c3f1121a9b -> 
  custom:scripting/monoscript/fileName/AngleRangeView.cs: c3bb00fab690536316ac885c945e51ff -> 1345c0a47a11c5a1df9f17e80c76727d
  custom:scripting/monoscript/fileName/StaticInvokerBase.cs: 851d6b62ea98a0bd158145ca36de0695 -> ab86e9f366ddc60782917f58cde1a771
  custom:scripting/monoscript/fileName/NativeCustomSlice.cs: a53f96815da50de15010b1c479bc70cf -> 0cdf409b5aa8d4c25876d72b5c6a3b60
  custom:scripting/monoscript/fileName/ConfigurationBuilder.cs: bd1d62f2bf3afb62754531eee8a4e204 -> 
  custom:scripting/monoscript/fileName/ImplementationInspector.cs: a53f96815da50de15010b1c479bc70cf -> 0cdf409b5aa8d4c25876d72b5c6a3b60
  custom:scripting/monoscript/fileName/BoneCacheExtensions.cs: d1a391d4579dc755cfad2b3efea56f21 -> 70e19461bc6c556d3cf12ad120a6d846
  custom:scripting/monoscript/fileName/IEventUnit.cs: 7e8e18cb86aa470699e5b2deb58eb9ff -> 9cc19358a495ef34d9c9fb695569e75e
  custom:scripting/monoscript/fileName/ProjectExtensions.cs: dc484ae275d2291b98930869dc2f99bf -> 
  custom:scripting/monoscript/fileName/IOrganization.cs: c97f2a7e6a35fde93fe22289bc400255 -> 
  custom:scripting/monoscript/fileName/EnvironmentView.cs: eacb7d766ee45d9a07ea107dc0c80ac6 -> 
  custom:scripting/monoscript/fileName/AccessTokens.cs: 7f3bd47a4ee3b608248d36969879b607 -> 
  custom:scripting/monoscript/fileName/AssetReferenceRequest.cs: 10fbc4e64779fc765f1eff66a3fc0636 -> 
  custom:scripting/monoscript/fileName/PrivateCloudSettings.cs: 869b69c00b114f18bcd0879fcce65426 -> 
  custom:scripting/monoscript/fileName/XmlDocumentationTags.cs: d3c2dbe1f2ce102c52da100ad137096c -> 4cae6098987e48e342772f93b1e49464
  custom:scripting/monoscript/fileName/UploadAttribute.cs: 035073fc8f055e65aaf4cee8ebcee291 -> 
  custom:scripting/monoscript/fileName/IGraphElement.cs: 7dec176a4342f70268357135673c6e1e -> a544742a18d9cdf35c3d705dd80b6483
  custom:scripting/monoscript/fileName/IAssetCollectionData.cs: 48850bdc12e0b9e76a4f764c771a226f -> 
  custom:scripting/monoscript/fileName/UCLogger.cs: 16c96256a16e76db61d13e2664fc7a4a -> 
  custom:scripting/monoscript/fileName/IUserRoleClient.cs: d3496f158bb376dd3e2c64e54c7c3a7e -> 
  custom:scripting/monoscript/fileName/UIServiceExtensions.cs: 612d56c940db8d1507cfbb66b3f07508 -> 
  custom:scripting/monoscript/fileName/LiteralDescriptor.cs: 7115964fdfb51bf1858930d4544f10f6 -> 20a4ec1b2ea324aae188d9a2f354809b
  custom:scripting/monoscript/fileName/Average.cs: 8f6297df34271fdb1ce2d9607ec6261d -> 90647cc400823b41df847a6cbfc29026
  custom:scripting/monoscript/fileName/LanguageIconSet.cs: 0208e207c35b59f3e9e8a587428d5378 -> 81ec6baf8e2e87d84d496b37da402661
  custom:scripting/precompiled-assembly-types:Newtonsoft.Json: a784019f7e79cf0f65e748d41d4ceb44 -> 
  custom:scripting/monoscript/fileName/INetworkTrace.cs: 34f342d1f1b068c851b4145ed79edd3d -> 
  custom:scripting/monoscript/fileName/UnityOnEndDragMessageListener.cs: ed6c89c487b8a52bd9347622502e115e -> 2dedb9f13cb10f5cd51b7295213da68c
  custom:scripting/monoscript/fileName/ControlOutputWidget.cs: 75709a1ee9870a1a2905fe63747a46fc -> edd7d64438032e8ad1d7e890fec68d3d
  custom:scripting/monoscript/fileName/HttpOptions.cs: 99f08410c8743651b2a8fdf6d32f10c4 -> 
  custom:scripting/monoscript/fileName/GetNotificationsResponse.cs: 25a182e31fe47339e350eb3c495cab78 -> 
  custom:scripting/monoscript/fileName/BrowserAuthenticatedAccessTokenProvider.cs: adaa7cc6a0b61b394ae0e9abe35d6c81 -> 
  custom:scripting/monoscript/fileName/ReloadAssets.cs: 97ee5e2bbf8e06d22fdd779d0d990f4c -> 062df2b1d0bb5e6a46be21470b1c0272
  custom:scripting/monoscript/fileName/SuperUnitWidget.cs: cd8329537fe86f966aac6fdc6fe943a6 -> ea89d00e3ffeb1c31a3897fd2c40c9fe
  custom:scripting/precompiled-assembly-types:Unity.Services.Core.Configuration.Editor: 9ec415489f81483910eef61e419cb1d9 -> 
  custom:scripting/monoscript/fileName/Changelog_1_1_2.cs: 040e42bb074532a64e7803b7e868d051 -> 3a018fdb3fa18b1e0f7fb836bb9fa0bb
  custom:scripting/monoscript/fileName/LooseAssemblyNameOptionTree.cs: edad3a64c12cbdf9efb00b62ad5cf3dc -> c5163fcd5558aaf08995f53e05575c77
  custom:scripting/monoscript/fileName/DefaultControl.cs: ac473e0e09900d2717d7eaacf9b0f163 -> 348fbe642e53b6e49cbf6c8ca5a88681
  custom:scripting/monoscript/fileName/IBoneSelection.cs: 1ef981bf6c391084db71e1fa8f0c6aab -> 7ef7ea3df7ed23a3aefae452e9cfaf54
  custom:scripting/monoscript/fileName/Migration_1_1_1_to_1_1_2.cs: e4082f36e38e9ca30d984479b9b0f9ce -> db07927a2ac731c9a6bf480920919780
  custom:scripting/monoscript/fileName/IBranchUnit.cs: 5e3d9a4ae9ad49ae0da961882c905b6d -> f232cc97bba44c371a440fa0e7b75a8b
  custom:scripting/monoscript/fileName/AssetVersionsTab.cs: be6ccc4798c21807c111cdd0658ab1ed -> 
  custom:scripting/precompiled-assembly-types:Unity.VisualScripting.DocCodeExamples: 8309d5a1c010efe9deb95d2313b66cbc -> 
  custom:scripting/monoscript/fileName/BackupUtility.cs: 6e506a1914b50782e69aeaea73cb9d83 -> 1cf4e1397068d4c524212da1a081f977
  custom:scripting/monoscript/fileName/ApplicationProxy.cs: 78787e24c5f95e246e1679650e517bc3 -> 
  custom:scripting/monoscript/fileName/GraphContextExtensionAttribute.cs: aa08b232b60a3550d64d8c452f10a947 -> c36fed449b392e85fbb7a49fb0a1eed6
  custom:scripting/monoscript/fileName/ExtensibleFuzzyOptionTree.cs: a97add86f7bbbb9903815d5e1c5ac2d8 -> fc0b8e88f88c25fe8db90685e69ef8b7
  custom:scripting/monoscript/fileName/DebugDictionary.cs: 8f6297df34271fdb1ce2d9607ec6261d -> 90647cc400823b41df847a6cbfc29026
  custom:scripting/monoscript/fileName/CollectionIdentifier.cs: 59ac073f70c3143a346d0b1b2b88c08d -> 
  custom:scripting/monoscript/fileName/IncrementHandler.cs: ba8e5d22ddda1b3713e8f3e7dde460fe -> d2876bb673dd8354ad25e1cfa527b6ef
  custom:scripting/monoscript/fileName/InspectorAdaptiveWidthAttribute.cs: dcaba9edaea47b5d942ab12d1c8fd2e6 -> 19b909e4f50ad96d1bdf0d9d763fa2cc
  custom:scripting/monoscript/fileName/LogOutputs.cs: 19a1bf2224187fae93b90256ab06906d -> 
  custom:scripting/monoscript/fileName/IFuzzyOption.cs: 2f8fffefb5ed552d958f433c4320302b -> 2f39ea60a32bdd2c86997aa37533d504
  custom:scripting/monoscript/fileName/StatusTransitionData.cs: f21131bea480694cd6ce5ef95051180b -> 
  custom:scripting/monoscript/fileName/DatasetAssetCheckDto.cs: 2f937c282f7683fdd52bf557042f68b1 -> 
  custom:scripting/monoscript/fileName/PersistenceLegacy.cs: 03296f32248bec17a5dcabf7d60e2f0a -> 
  custom:scripting/monoscript/fileName/Migration_1_2_0_to_1_2_2.cs: 9b2fe1c7967df3252aa94c954ea26559 -> 2ec080b2368d049c8005da41120f1d9d
  custom:scripting/monoscript/fileName/IAssetProject.cs: b0572208aebf5f11dfded8da5d7a7b1f -> 
  custom:scripting/monoscript/fileName/OnScrollbarValueChanged.cs: 6e0cbc34ec167acbfab862ac22f63374 -> 9b272e1a9d62b964fbbdaf268a425009
  custom:scripting/monoscript/fileName/GraphPointerData.cs: 1e70d077307f0267972e463643309b80 -> b89c194f800721f36435e83fdd35a84b
  custom:scripting/monoscript/fileName/WaitForFlow.cs: c5da892bff8846267c49f0761cf49f67 -> f4978e4f3893124dab1316b6f8c15d06
  custom:scripting/monoscript/fileName/LaunchArgumentsParser.cs: f114855f97636f5df9cc6224e223bf1d -> 
  custom:scripting/monoscript/fileName/UnityOrganizationWithAddressV1.cs: 0255bc6178742cff2a423de9eb51e6a2 -> 
  custom:scripting/monoscript/fileName/GenerateFileTagsRequest.cs: 3110ef0c1a56964a56872aac5ce6ced0 -> 
  custom:scripting/monoscript/fileName/MathfEx.cs: 9511903260bd9096cdf720c5919564e2 -> 1d9747db882c7701f32def92f96be385
  custom:scripting/monoscript/fileName/WaitForEndOfFrameUnit.cs: 08e329ddd80f79e4532ead41c7cee459 -> a1cc38c03ec6c1ac9234f15bbf57801a
  custom:scripting/monoscript/fileName/IAssetDataSource.Metadata.cs: f0c055dbd074357048b04069d34f7f97 -> 
  custom:CustomObjectIndexerAttribute: 9a22284fe3817be447336de3de66b15e -> 
  custom:scripting/monoscript/fileName/AssetReferenceData.cs: 9255c1de53dd98e0d4f71f6b9147b599 -> 
  custom:scripting/monoscript/fileName/InstanceActionInvoker_1.cs: 8f6297df34271fdb1ce2d9607ec6261d -> 90647cc400823b41df847a6cbfc29026
  custom:scripting/monoscript/fileName/DisabledUndo.cs: c63b4bb127c09c1f036ab3e3f2248d5b -> 7eb9268dab9cc3b1a5f170340f95ab05
  custom:scripting/monoscript/fileName/IStatusTransitionData.cs: 10500861c88097a25fd91d1e2060c5bb -> 
  custom:scripting/monoscript/fileName/fsISerializationCallbacks.cs: 950b6e33eade92a965cdd552ab3489ed -> 19a96c09e0737e9d1cfab1d76b6852db
  custom:scripting/monoscript/fileName/EntitlementsJson.cs: e28bdcd57fd23615332d14a2c3b5fc7d -> 
  custom:scripting/monoscript/fileName/Vector3CrossProduct.cs: 2f302e311e9ab3df42164d9a04d7e894 -> 97642d7877793e095f8c8d0c5cee5955
  custom:scripting/monoscript/fileName/SetDictionaryItem.cs: c7b8c2e2357fe96895ec879bc0e42aa3 -> 5752b0cf12b1046c9874183ab2210a46
  custom:scripting/precompiled-assembly-types:Unity.Cloud.Common.Runtime.Embedded: d011766bccb135a2e22ce86199854b79 -> 
  custom:scripting/monoscript/fileName/IPluginLinked.cs: e742bbb566f62ccd379fe3b0fe4723c6 -> 32a31bd0df0b04a8dd57873d14c34cb3
  custom:scripting/monoscript/fileName/FieldDefinitionProperties.cs: 2996ecd570de42aae42dfa83c0a2e2a2 -> 
  custom:scripting/monoscript/fileName/IAssigner.cs: e279b13cad8fede7b3aa45edfe28ceac -> a0a42c331053bdc9a15663275ebce40a
  custom:scripting/monoscript/fileName/ThreadHelper.cs: 1d011737e8133fca1a700a78b9269e43 -> 
  custom:scripting/monoscript/fileName/AssetRepository.cs: fa13f33f38f5598c1f9b20b3bfbf9638 -> 
  custom:scripting/monoscript/fileName/CreatedAssetDto.cs: 300f3a5d3d1dd781e1a47fa23c0843b4 -> 
  custom:scripting/monoscript/fileName/StateTransitionAnalyser.cs: 8f6297df34271fdb1ce2d9607ec6261d -> 90647cc400823b41df847a6cbfc29026
  custom:scripting/monoscript/fileName/ProxyMetadata.cs: d31479342a66b2c48991f6dba603cc32 -> 1aa9ca175e5d0a1301dc22db90ae3ac0
  custom:scripting/monoscript/fileName/RectSlider.cs: e1a05022fe03b490ec8e3c75c194b90f -> 69cd9f78bb6e0b8da7f758e5d078685b
  custom:scripting/monoscript/fileName/MeshTool.cs: cc55e63aba44a652026aa07b1003e77a -> 90f5dd9ed13966f5e9188d7d07377cf3
  custom:scripting/monoscript/fileName/ElementAdderMenuCommandAttribute.cs: 178c8bb69ecfae0afc26bb6b949e2d4b -> 74a55c9c41064fb657801699682ac60a
  custom:scripting/monoscript/fileName/ExponentialBackoffRetryPolicy.cs: 3137069bc03906336b6293a0f299895a -> 
  custom:scripting/monoscript/fileName/ServiceHeaderUtils.cs: 160c71a955ca3f614f372561b7598bca -> 
  custom:scripting/monoscript/fileName/UnityOnTriggerEnterMessageListener.cs: 7da806bb6715f5fa688be7a936c3ecd5 -> d6f2d91df95085a3980ce65a910bca3e
  custom:scripting/monoscript/fileName/NavMeshAssetManager.cs: e08a0378c721f1f25bd22088f2f1c57f -> 79eb4858c2054289cd611249ab36b0a5
  custom:scripting/monoscript/fileName/AssetUpgraderWindow.cs: 56c0a0c5677d2cb3553a643864a71e83 -> 47dde7b007360b43243a5052851476e2
  custom:scripting/monoscript/fileName/CollisionEvent2DUnit.cs: eeecc668a07c95ce3367e9876bb26a54 -> 023ca7ef5cbdf78b78d96d228482a298
  custom:scripting/monoscript/fileName/IFileData.cs: ff0256e4bc3ba81d223bf3a4ee6bc43b -> 
  custom:scripting/monoscript/fileName/CreateAssetRequest.cs: b2438ac2764cd119104186049d0d668e -> 
  custom:scripting/monoscript/fileName/ISelector.cs: 716086397f6fce3cf59561531ac052e5 -> 8f6297df34271fdb1ce2d9607ec6261d
  custom:scripting/monoscript/fileName/MemberOption.cs: 55540ea163c4aad051ee276813a9d4e5 -> 804e2fd0ba838ea819fcf794146fcee0
  custom:scripting/monoscript/fileName/ServicesBehaviour.cs: fc86e18139c2e2cab6df5bf113811eb1 -> 
  custom:scripting/monoscript/fileName/ServiceError.cs: c8113c13b730d5bc81eb310d7223022b -> 
  custom:scripting/monoscript/fileName/IDatasetData.cs: 78d160edcb7e2a2cb8cd1980cae8ab7e -> 
  custom:scripting/monoscript/fileName/Assigner.cs: 8f6297df34271fdb1ce2d9607ec6261d -> 90647cc400823b41df847a6cbfc29026
  custom:scripting/monoscript/fileName/UintInspector.cs: 1362469ce792b92e72703d7d9d8194f1 -> fc8edac6e437266563a05e09f9e5767d
  custom:scripting/monoscript/fileName/AcrossProjectsSearchRequest.cs: ba60e04a9c347599aa14490dfa3f4452 -> 
  custom:scripting/monoscript/fileName/GraphGroup.cs: c99a9006faec2378417ce2a6a4165763 -> 1cf09c3de093425ab18d52f3a23992a1
  custom:scripting/monoscript/fileName/LoadingBar.cs: abcba4e8e612d5896b267328d5af2cf6 -> 
  custom:scripting/monoscript/fileName/MeshPreviewBehaviour.cs: 25d2925269fd6959bdffa1b47aa33a2c -> 8129dfee1b516335e2c5843b24d8a460
  custom:scripting/monoscript/fileName/UnityCreateOrganizationRequest.cs: 4cf5c8730ffaa3c5888d236ebc6475fc -> 
  custom:scripting/monoscript/fileName/UserInfo.cs: 3c2587713a02f1f6e3a26f2ecf04fcf3 -> 
  custom:scripting/monoscript/fileName/ExclusiveOrHandler.cs: 1b05082529505549988cbbc32a8a944c -> 26c1c1b0720960ab3d1767f9e6c504da
  custom:scripting/monoscript/fileName/GraphGroupWidget.cs: 681695979e2b51c86f60d78f25315ba5 -> af848232806333168437352527ca8eb4
  custom:scripting/monoscript/fileName/ListInspector.cs: 016c5f1ff77386c94274e8218acb074c -> 7c6c18dc601507465c4b72c19dd6d45b
  custom:scripting/monoscript/fileName/AssetStateSearchCriteria.cs: f6256a89f73df7a67861ecdef92233d1 -> 
  custom:scripting/monoscript/fileName/EditorGameServiceSettingsProvider.cs: 2cb6ae4d961883e67f3e282b18d40d94 -> 
  custom:scripting/monoscript/fileName/UsernameInfo.cs: 92ca3bb98d1a95bf68826fac029e33b2 -> 
  custom:scripting/monoscript/fileName/IPkceConfigurationProvider.cs: 7393c1a42fe8ad3161761f2d896b4609 -> 
  custom:scripting/precompiled-assembly-types:Unity.Services.Core.Configuration: f7859697b434adc89f377c95a9589d8a -> 
  custom:scripting/monoscript/fileName/StatusPredicate.cs: 593705f6f6688781833386b937ac2d0a -> 
  custom:scripting/monoscript/fileName/OutlineGenerator.cs: 4439e95007de3c661f31a16e9cb1329f -> fde82b4a367887ed8e11cc2f52e73eee
  custom:scripting/monoscript/fileName/DrawingUtility.cs: e4ed8960ccdbe2787cb37fbf0365dc08 -> 72f7a98acd7422d1a180fb596589761e
  custom:scripting/monoscript/fileName/NodeUsageAnalytics.cs: 250323d6dcee588c4b59045a9600d335 -> 0c73be973f7d12b73434d09c78f66a8c
  custom:scripting/monoscript/fileName/StateGraphDescriptor.cs: 07625f72326726411e99035be30f00f1 -> a2cb69ecb1639aa9aabe9b1873314b3b
  custom:scripting/monoscript/fileName/MethodBaseStubWriter.cs: 8f6297df34271fdb1ce2d9607ec6261d -> 90647cc400823b41df847a6cbfc29026
  custom:scripting/monoscript/fileName/IStatusFlow.cs: 361da460a06c9fe2e306d8068cc6f603 -> 
  custom:scripting/monoscript/fileName/RectOffset_DirectConverter.cs: f250c36edeec1d350c450f7e7a43bb24 -> 78050b50ab0897a16f3e1b385bb43dbf
  custom:scripting/monoscript/fileName/ObjectMetadata.cs: e3713554b7dab7a9079d02839ca05cd7 -> 1bfd8095550d1f232c577434a26d6ce6
  custom:scripting/monoscript/fileName/NesterStateDescriptor.cs: 8f6297df34271fdb1ce2d9607ec6261d -> 90647cc400823b41df847a6cbfc29026
  custom:scripting/monoscript/fileName/ICircleSelector.cs: 8f6297df34271fdb1ce2d9607ec6261d -> 90647cc400823b41df847a6cbfc29026
  custom:container-demuxer-webm: 4f35f7cbe854078d1ac9338744f61a02 -> 
  custom:scripting/monoscript/fileName/AuthenticationService.cs: 9103bf36a2fa89f143ef4038aa46681a -> 
  custom:scripting/monoscript/fileName/ImagePacker.cs: 1bbdc7dc86e7d484ac9683fd61833e2e -> 8489de3f12d40a6ff1049c95864a0fdb
  custom:scripting/monoscript/fileName/NumericSearchCriteria.cs: 90647cc400823b41df847a6cbfc29026 -> 
  custom:scripting/monoscript/fileName/StringPredicateExtensions.cs: 25588e7140c8901ccf48e5b4e1359328 -> 
  custom:scripting/monoscript/fileName/CoreRegistryInitializer.cs: e34ea8cde280e241aa2682bcb33aae4f -> 
  custom:scripting/monoscript/fileName/DragAndDropProjectBrowserProxy.cs: 081d50544ea3092158b9ce0aaf197e55 -> 
  custom:scripting/monoscript/fileName/NullCheck.cs: 72269f654dc13687a5d2d689147abf2c -> 85ecf5c4b3f298bfa06f13780e707f3f
  custom:scripting/monoscript/fileName/fsEnumConverter.cs: 6e0c7efb25c653ad21637c2986adfd50 -> 506549c6e50be96f790e5a2ea6323c50
  custom:scripting/monoscript/fileName/MeshVisibilityTool.cs: 4414cad1f14a652f8783bcac789fb70d -> 64848d919efcdce67ee1009ea753e5e9
  custom:scripting/monoscript/fileName/UpdateBackupPage.cs: 3e28d57a4deaac160642a4306f33aca6 -> 029ebb7f8fe4aace2a8209f56f914d98
  custom:scripting/monoscript/fileName/IMouseEventUnit.cs: 2fbf4002bb948aac45a5f8aa8f84cdbd -> 027da132dbefd745f531a3fa7c3f9d6f
  custom:scripting/monoscript/fileName/IEnvironmentProvider.cs: 3109b26c8523241ba567e094603484cc -> 
  custom:scripting/monoscript/fileName/UIEnabledStates.cs: 7c84b1de1949e048d700ffd43280ba5b -> 
  custom:scripting/monoscript/fileName/FieldDefinitionData.cs: 29ebfe98e83487bbc42bedeeac8960ac -> 
  custom:scripting/monoscript/fileName/ImportResult.cs: 319dfa50138558430a13899738d7a7df -> 
  custom:scripting/monoscript/fileName/IdentityIOneOf.cs: 29de1876e6381d1376e3875f63eb04e7 -> 
  custom:scripting/precompiled-assembly-types:Unity.Services.Authentication.Editor.Shared: 9378a52b1db98c49a8084339e8d57a3b -> 
  custom:scripting/monoscript/fileName/Absolute.cs: 8f6297df34271fdb1ce2d9607ec6261d -> 90647cc400823b41df847a6cbfc29026
  custom:scripting/monoscript/fileName/NesterStateEditor.cs: ebe256764485b2bd94a34cb62366b0e3 -> d3f3e7659a2b0f3b3b1b18898c46e4e2
  custom:scripting/monoscript/fileName/FlowStateTransitionAnalyser.cs: 7747150f9fd42fa28d26704bf168fa8e -> d8505b4ab176d9d9ede628749498e4f2
  custom:scripting/monoscript/fileName/MetadataSearchFilter.cs: 779e26ccc87c3de8f5857f4ae14b44e1 -> 
  custom:scripting/monoscript/fileName/InstanceFunctionInvoker_2.cs: 8f6297df34271fdb1ce2d9607ec6261d -> 90647cc400823b41df847a6cbfc29026
  custom:scripting/monoscript/fileName/WebView.cs: 93d056b31c4d909f408ecb331a578008 -> 1d4d4ed87daf05e6157f2594268cb25c
  custom:scripting/monoscript/fileName/UnityOnDeselectMessageListener.cs: e51d817b38438b0e15a735fa61ee5972 -> 80b9ca6d04f4723b997e3033a4169832
  custom:scripting/monoscript/fileName/SubmitVersionRequest.cs: 7761201053e35a52c83813f99a9eb0a7 -> 
  custom:scripting/monoscript/fileName/ChannelProvider.cs: 2202861187ead177dc1ac5795e56affc -> 
  custom:scripting/monoscript/fileName/JsonObjectConverter.cs: 38bbb4aa4e7eb125ad2bec69e448a02f -> 
  custom:scripting/monoscript/fileName/Unit.cs: 2eb45f4d2f750f84d6e92c9cfb530a24 -> e5bbf3d95f6645a88ab2a0c721f2826a
  custom:scripting/monoscript/fileName/UnityWebRequestHelpers.cs: 0394add6a9f301a01222078b29ac0b18 -> 
  custom:scripting/monoscript/fileName/SignInWithSteamRequest.cs: 06488fadd4dcc724b8ffee3eabfbb74d -> 
  custom:scripting/monoscript/fileName/LockedComponentRegistry.cs: ff7d4cf11049af0d186f2bffab21c5d3 -> 
  custom:scripting/monoscript/fileName/IServiceFactory.Gen.cs: 5696ff4e8140aef57b36c4052f3bfc23 -> 
  custom:scripting/monoscript/fileName/AssetUtility.cs: 2f3a3bca61459779372e18f380c0243f -> 56b81e5e2578818cf6f96d864707db64
  custom:scripting/monoscript/fileName/OptimizedEditor.cs: 8f6297df34271fdb1ce2d9607ec6261d -> 90647cc400823b41df847a6cbfc29026
  custom:scripting/monoscript/fileName/UIPreferences.cs: e8fa8bba0f67cf41ebb5a2d3401d24e8 -> 
  custom:scripting/monoscript/fileName/Minimum.cs: 8f6297df34271fdb1ce2d9607ec6261d -> 90647cc400823b41df847a6cbfc29026
  custom:scripting/monoscript/fileName/IdToken.cs: 09f3a195b38a097e948ca718629054d5 -> 
  custom:scripting/monoscript/fileName/DatasetDescriptor.cs: 0952947bdf5bd94a4244f937e31adf86 -> 
  custom:scripting/monoscript/fileName/IUserRoleHandler.cs: 33c258d1966d18e84a25c5d4701ea0a4 -> 
  custom:scripting/monoscript/fileName/IMetadataDataSource.cs: 4bcba3df786d03c53ea2a76295c4cf87 -> 
  custom:scripting/monoscript/fileName/IAssetRepository.cs: bb262f7a05f31a5791d0714824c7ddf0 -> 
  custom:scripting/monoscript/fileName/ScriptReference.cs: 66a27bedff19f4d6e8d2da020676a660 -> 7e9f5d966d267b75bd06a63fb64a5811
  custom:scripting/monoscript/fileName/IGraphVariableUnit.cs: 250d940ce2e63e6846dcdc8f2ffea27d -> 8618f0ceaa496a1fe441cbc1a46b5b75
  custom:scripting/monoscript/fileName/Brush.cs: d836d448d6938eac9f306e39448c2c9d -> c60090860979e1f8d7aca7972e17c72c
  custom:scripting/monoscript/fileName/MetadataExtensions.cs: 5e80df1f7051e8975a5190196e0c15b4 -> 
  custom:scripting/monoscript/fileName/UnityOnMouseUpMessageListener.cs: 00000408af6a8db58e3931eed6a344d7 -> 77044d3f74e7516dcdb68f435c038ce4
  custom:scripting/monoscript/fileName/DocumentedOption.cs: a53f96815da50de15010b1c479bc70cf -> 0cdf409b5aa8d4c25876d72b5c6a3b60
  custom:scripting/monoscript/fileName/VariableUnitDescriptor.cs: 8f6297df34271fdb1ce2d9607ec6261d -> 90647cc400823b41df847a6cbfc29026
  custom:scripting/monoscript/fileName/OpenAPIDateConverter.cs: a9a61217f5eb07483c8d3b54bbc3c853 -> 
  custom:scripting/monoscript/fileName/IUnitOption.cs: 4e65738409c3690eeef19b8522f2683b -> e137ed00c8e5d74ee2f48a02a53185d7
  custom:scripting/monoscript/fileName/OnApplicationQuit.cs: b2006f360404634cc0926715f7c79d06 -> e4b1a0c4c3606cbaa9cf44065b230968
  custom:scripting/monoscript/fileName/LoggedOutUiHelper.cs: ded703f4d077a86b901d24f648f694ca -> 
  custom:scripting/monoscript/fileName/IGraphData.cs: 046704d13103d9bdaa0e4c85f044ed1b -> 5f9a4428ddbb6b951e4adff16bcffbbf
  custom:scripting/monoscript/fileName/ProjectIconAssetStatus.cs: b22d14cd1c198b237e27ce0a04d04dc0 -> 
  custom:scripting/monoscript/fileName/CloudStorageUsageJson.cs: aa29901fd3c070b67666893545070021 -> 
  custom:scripting/monoscript/fileName/AuthenticatedUserSession.cs: 9d24c7cf9728a6ed7dba5d8661ed0635 -> 
  custom:scripting/monoscript/fileName/OnBeginDrag.cs: f72e3ebfe47bbf50e3cc9368c7cd7cc0 -> f0c9c740fef6cbf1192b8d98c9b50879
  custom:scripting/monoscript/fileName/GraphGroupInspector.cs: 0ddcd174106efc22b19943acca316262 -> a1b849d3e56d2947a56ea2ec655da829
  custom:scripting/monoscript/fileName/GraphElementCollection.cs: 8f6297df34271fdb1ce2d9607ec6261d -> 90647cc400823b41df847a6cbfc29026
  custom:scripting/monoscript/fileName/ModifiedFieldDefinitionSelectionRequest.cs: b8e1b2417dc7f5b35881dda14bb3eea9 -> 
  custom:scripting/monoscript/fileName/IUnitWidget.cs: 65dfadd9df40524429ff5ec3195bcca6 -> 5173a606a88928a23f70d4b11d2f69e9
  custom:scripting/monoscript/fileName/IDeserializable.cs: 9fa407d177a3feb512a1cebe4671cd9a -> 
  custom:scripting/monoscript/fileName/CollectionBinding.Gen.cs: 90647cc400823b41df847a6cbfc29026 -> 
  custom:scripting/monoscript/fileName/SpriteLibraryUtility.cs: 414ecfd6a067cdf12d28b30464caa207 -> 46f28a8d1abeef1660df183692b89093
  custom:scripting/monoscript/fileName/fsObjectProcessor.cs: 1791b869ada6aab44cf7c6efd59d748b -> d13b5e732faaf8300e24e16960ecd196
  custom:scripting/monoscript/fileName/OperatorUtility.cs: 0f1945e41c16107c9afd77d31243e231 -> 622c54c2f08deb9cde8411ca6958ac3c
  custom:scripting/monoscript/fileName/IShape.cs: 52f3a502624437fd420c20c946340ed8 -> c6386f980f0fbf4a43ca98866763d51a
  custom:scripting/monoscript/fileName/Diagnostics.cs: 310215ddbef3d1759d3801a8f9ab01fa -> 
  custom:scripting/monoscript/fileName/TokenBucketRateLimiter.cs: e83ade60dfe4ca82ddcb8cfe41fb500f -> 
  custom:scripting/monoscript/fileName/SelectOnFlowDescriptor.cs: 58b3b8a79e7dde667d17f06b0156c1da -> 4e60094e0d5cf8b14291e149c73c7143
  custom:scripting/monoscript/fileName/IDatasetUpdate.cs: 6ec939d15d153d75bc3ecf6a9ec75c37 -> 
  custom:scripting/monoscript/fileName/ActionHelpBox.cs: d669cfaa89bc4b38237d7e7983cd1749 -> 
  custom:scripting/monoscript/fileName/OnBecameVisible.cs: 65af87ce20c4ac9d2fe8b99d5054f5d2 -> 078ba309571700e3f2e13572067e8dc7
  custom:scripting/monoscript/fileName/ExceptionHelper.cs: 074ec3a4464566a6e9a1f4db3dfb905f -> 
  custom:scripting/monoscript/fileName/AssetSearchCriteriaWithMinimumMatch.cs: 48ef9dcf26c3c623d2c18cb56449155e -> 
  custom:scripting/monoscript/fileName/IGraphElementCollection.cs: 8f6297df34271fdb1ce2d9607ec6261d -> 90647cc400823b41df847a6cbfc29026
  custom:scripting/monoscript/fileName/MergedObservableCollection.Gen.cs: 90647cc400823b41df847a6cbfc29026 -> 
  custom:scripting/monoscript/fileName/LayerMaskInspector.cs: 70ecb466877d4dc995f40b08ef978e83 -> f207b2edccc56ad732eb39428c28960a
  custom:scripting/monoscript/fileName/SpriteResolverInspector.cs: 08ba654959cb8aa613172f70c77287eb -> 39fe5d28107078150aeaf686fccb19ad
  custom:scripting/monoscript/fileName/TransformCache.cs: 7cfda50047c3092f18b08f78985a7ea3 -> 494b143eeb92157110d3af9fbda3f97f
  custom:scripting/monoscript/fileName/DatasetData.cs: d84e0cdc731499d70aa77680cbbae470 -> 
  custom:scripting/monoscript/fileName/AuthenticationTopMenu.cs: 9f71b566a5319c437d2334bdc1d62870 -> 
  custom:scripting/monoscript/fileName/Changelog_1_0_6.cs: 0f693e647a2ad039c7f79d3a8891149d -> c8856bb617e22d59a78e559afcfdef17
  custom:scripting/monoscript/fileName/PoseToolbar.cs: c44f282755056ba784e6c8753be809f2 -> c19c90984ad155d09defee93905e2273
  custom:scripting/monoscript/fileName/TargetClientIdTokenToUnityServicesTokenExchanger.cs: f196a0e4b6860839008f98cc7c8332aa -> 
  custom:scripting/monoscript/fileName/IProject.cs: 1e7f3f64f4122c15c9f0be3c52f342b8 -> 
  custom:scripting/monoscript/fileName/Acknowledgement_ReorderableList.cs: 2b3327ec0e25d078ab00ba459cd24bb2 -> d0ce5c91fbf68769a3ddd01792b39a89
  custom:scripting/monoscript/fileName/OnDestinationReached.cs: fa6f0f31d877ca261d96919d03525676 -> d931c127942c3a82bc314d691d181a0b
  custom:scripting/monoscript/fileName/StatusCodePolicyConfig.cs: a90864f22acd00607534d01b8dae197f -> 
  custom:scripting/monoscript/fileName/IAuthenticationNetworkClient.cs: af8aa88762b234b64c685d0921cf3250 -> 
  custom:scripting/monoscript/fileName/ProjectBindRedirectProjectSettingsUi.cs: 07a51e74c57a4053931e01d14a91288e -> 
  custom:scripting/monoscript/fileName/IUnitOutputPortDefinition.cs: 92869b3a0bda974166ba349cbe9b84f6 -> 215188e3155afc424ac0d48e0e279c53
  custom:scripting/monoscript/fileName/UnityEditorServiceAuthorizer.cs: c940c6e77a13a1ad3408583a361f2705 -> 
  custom:scripting/monoscript/fileName/ProjectChip.cs: 64499a3aebebf3085a58c711ce630712 -> 
  custom:scripting/precompiled-assembly-types:Unity.Services.Core.Environments: b07b1f8809421d1b72991502cdcbc5ac -> 
  custom:scripting/monoscript/fileName/NCalcParser.cs: 69fa437de44ed9f97a3358d1f435c408 -> 8e26acbdb2328e839bb63f98d07bd324
  custom:scripting/monoscript/fileName/Acknowledgement_Iconmonstr.cs: eb929abe4978563cf6b8724b61e2835c -> 3f8473c41b9bd8b401780003e10cf9ac
  custom:scripting/monoscript/fileName/Sweep.cs: 1f72cd74ed0539a36d9ff0b6c83f25f9 -> 4c4607ddad5bf0065b1b367dcdda1267
  custom:scripting/monoscript/fileName/ServiceAccountAuthorizer.cs: 130e0b75a398095b8ae307ecbe1f743b -> 
  custom:scripting/precompiled-assembly-types:Unity.Cloud.Common.Embedded: fe15453ad87fc9e940ce684f78643b82 -> 
  custom:scripting/monoscript/fileName/AssetExtensions.cs: ff4974d39ab6b8d7a783c6bb87d0087d -> 
  custom:scripting/monoscript/fileName/EditorPrefMetadata.cs: 4a58029994d78beff9137476b1a56e7a -> d587b85126f139b8dd738a6124c73251
  custom:scripting/monoscript/fileName/INesterUnit.cs: 3c3545947c43745c2e461aa65dfef855 -> d629dbf854ba05b201f8c6c26aa00fcb
  custom:scripting/monoscript/fileName/Vector4Normalize.cs: 150bf65db4cbdea11db6de9e19018b59 -> a66b2e04b3dababbdd9d2a7b780ea64b
  custom:scripting/monoscript/fileName/Vector3Average.cs: aae2d04f34eab767ee56e457ae814863 -> e9dd03ae7ef4bdbedb542cc4a4f8b6da
  custom:scripting/monoscript/fileName/IProjectInfo.cs: 2c81b6190195adf1450efd9b8f54de95 -> 
  custom:scripting/monoscript/fileName/IAssetDataSource.Label.cs: f0c055dbd074357048b04069d34f7f97 -> 
  custom:scripting/monoscript/fileName/StreamingAssetsUtils.cs: 4a501e19e96ab989552681f7cfe95d3b -> 
  custom:scripting/monoscript/fileName/GetApplicationVariable.cs: 53cc4839173285d8e19c8f4abed49485 -> 3aacf8513ef51ddd94573a33b3ef0a46
  custom:scripting/monoscript/fileName/HasScriptGraph.cs: 17635b02a07a35d49e09c09f5aa84fe5 -> 3adbb17b803cd619511216cb4b212b86
  custom:scripting/monoscript/fileName/OnPreprocessBuildAnalyticsEventHandler.cs: f991eb2749fc023142481f04f53bc8e5 -> c7e434ae8f303d9b947d69b865fb867a
  custom:scripting/monoscript/fileName/PackageInfoNameComparer.cs: ea0f38f3a3ddb0faa351ccba3098624f -> 
  custom:scripting/monoscript/fileName/fsTypeCache.cs: 6c9a5ede2ac7800c4a1c697e7bcb0b2a -> c6fc8bc7ac5b9e8187a0e9edd78a25a2
  custom:scripting/monoscript/fileName/StringUtility.cs: f27bb34cf82efc70c9571f62477928ec -> ad95d3d810f3e55a446fbfd5ce9db97d
  custom:scripting/monoscript/fileName/ByteInspector.cs: 0a0628bd756b3e67acfc296c1609e34d -> b43260b30fb672a905d0ab2f35e43204
  custom:scripting/monoscript/fileName/EditableBoneWeight.cs: dd2bc7d3ad84c476b6268c3506a157f5 -> 3e0122998b0ac29ddbfe59fd4c0dd827
  custom:scripting/monoscript/fileName/UnityWebRequestHelper.cs: 2e5cbc5c38937ccdc5de3700aaa6f529 -> 
  custom:scripting/monoscript/fileName/SpriteShapeHandleUtility.cs: 905d79aa28d902f9605385a5ac73c2eb -> 919854ccbc226e6cf28d1885562e64c0
  custom:scripting/monoscript/fileName/NesterStateTransitionDescriptor.cs: 8f6297df34271fdb1ce2d9607ec6261d -> 90647cc400823b41df847a6cbfc29026
  custom:scripting/precompiled-assembly-types:Unity.Services.Core.Analytics: 7e90522691a1ed8cc152d6a40d3f03b4 -> 
  custom:scripting/monoscript/fileName/BackupPage.cs: fc0a322d6451ea1f19092b711a31c722 -> 482e2c5a98dd574abc7a6995143fb13a
  custom:scripting/monoscript/fileName/Utilities.cs: e58c1010781d6b9abec142a16018a014 -> 
  custom:scripting/monoscript/fileName/SelectOnFlow.cs: d4f63bae39ee2a05a97f2446f3b0ffdf -> de1dd01197c787161a31c7fc2842a21b
  custom:scripting/monoscript/fileName/SingleSelectionMetadataFilter.cs: d177cc0f28770e7945f067ed8732af97 -> 
  custom:scripting/monoscript/fileName/StatusFlowPageDto.cs: 237ff7b693d657ab282d198f2e7f3441 -> 
  custom:scripting/monoscript/fileName/LudiqGUI.cs: b63255f9e8a1ce1fc6398a9f7ff65709 -> edb31fe0da206b2f3ab1c967cbf7f5ca
  custom:scripting/monoscript/fileName/UploadManager.cs: 55b112c75439f9a7615b5b17529e2626 -> 
  custom:scripting/monoscript/fileName/UploadPrimaryMetadataContainer.cs: 809e021d4230432b29a3d11c94e807b5 -> 
  custom:scripting/monoscript/fileName/ScriptUtility.cs: b6297680b05e14c1f1ad2a639c504cd1 -> 3650958b7430d9b5da16d3f126ff3b69
  custom:scripting/monoscript/fileName/RetryPolicy.cs: e04bb42ac963f6250bc780a051aeca72 -> 
  custom:scripting/monoscript/fileName/GenerateSignInCodeRequest.cs: e818f692ab11651f000e46b49e30a806 -> 
  custom:scripting/monoscript/fileName/IOutlineGenerator.cs: f841572ca54a890210eb41af5e058b3b -> d479448ebdca64d29937d0319d5dc568
  custom:scripting/monoscript/fileName/IStateTransitionDebugData.cs: e0675a05dc86eb4a69b284bdc0db0044 -> c1c388c900f5d7cbe0b06036dae6bc60
  custom:scripting/monoscript/fileName/Namespace.cs: 6c10f92bb700a17c5f141fce7a8e4742 -> 9fca62f8f609fc19e328859388dc09bd
  custom:scripting/monoscript/fileName/MachineEditor.cs: 725b8c77a6175c175dd0bb9dfcb5446d -> 51c0e9385b6643422dedb44caa7a4aed
  custom:scripting/monoscript/fileName/OnTriggerEnter.cs: ee3f808ef77ee081cdc8c1f0119248f9 -> c973409299b28740c6ec73d4e46cf163
  custom:scripting/monoscript/fileName/UnitOptionProvider.cs: e9bc8bb37442d34c37689c2abd043f1d -> fc62cae981c4b789b4bfe6ef6956e22b
  custom:scripting/monoscript/fileName/Breadcrumbs.cs: ac2544f753187ff0795d7bf7f4ffd889 -> 
  custom:scripting/monoscript/fileName/IAssetDataSource.cs: f0c055dbd074357048b04069d34f7f97 -> 
  custom:scripting/monoscript/fileName/GeneratePropertyProvidersPage.cs: df91732b8bbab7835c17a7e1f57fc0fa -> 9c81c2eacc9bbb2d79e000157737e33a
  custom:scripting/monoscript/fileName/IAuthenticationExceptionHandler.cs: a5a827897245ef0664917e622072fb94 -> 
  custom:scripting/monoscript/fileName/UploadAssetStrategy.cs: 2f7092f54173744642f017f79413f049 -> 
  custom:scripting/monoscript/fileName/ListProjectsRequest.cs: 387a566c88bf066a4308322fda55e307 -> 
  custom:scripting/monoscript/fileName/IAssetInfo.cs: 209c393ba9ca5dd3367060d6121349d0 -> 
  custom:scripting/monoscript/fileName/DependenciesFoldout.cs: e876f3b9b47901b8b049f2cc99b01d3e -> 
  custom:scripting/monoscript/fileName/CloningContext.cs: 311f97a5030a010fad179479954b6c9e -> fe53900ec8077f9206185d446327ef42
  custom:scripting/monoscript/fileName/IAnalyticsSender.cs: 27ac0f3c61390701fdd3b82b17bedf22 -> 
  custom:scripting/monoscript/fileName/OperationProgressBar.cs: 9a30b1460629b7de40312cbbf22416ac -> 
  custom:scripting/monoscript/fileName/FieldDefinitionMetadataObject.cs: 097f36b9cd0ff3a65df8e27ad2711624 -> 
  custom:scripting/monoscript/fileName/PermissionsManager.cs: 6ca27478ec289a6044678b132553e6b2 -> 
  custom:scripting/monoscript/fileName/DictionaryAssetEditor.cs: 684515210af1be0a79b6868fd43e6493 -> 42e9cc9651b2cb8ac2903363a2f0a727
  custom:scripting/monoscript/fileName/DetailsButtonClickedEvent.cs: 19657d7f5e58676283cf540d0f65f788 -> 
  custom:scripting/monoscript/fileName/CreateCollectionRequest.cs: 6aa5c63eefefd8d2f3d0c72693f551eb -> 
  custom:scripting/precompiled-assembly-types:Unity.2D.SpriteShape.Runtime: 7765a2bae8eb40a1af3b4adca0bff666 -> 7951efc3114d3b5dd81068bf56c35699
  custom:scripting/monoscript/fileName/EditorPreferencesProvider.cs: 3c0d63bcf34d984e36411a4b5fd2caa2 -> 7d5fdfc6bb7a7787eff28d38164548a0
  custom:scripting/monoscript/fileName/RangeRequest.cs: 90647cc400823b41df847a6cbfc29026 -> 
  custom:scripting/monoscript/fileName/UserRoleHandler.cs: a42f5e4f9979e28831240d76ea709864 -> 
  custom:scripting/monoscript/fileName/EventWrapper.cs: a2e549c18e97258bea5ee67db64d54a0 -> e63adfdf173490fa96f899ae0cf188aa
  custom:scripting/monoscript/fileName/SpriteSkinUpdateHelper.cs: 58e7de54ef3d05476be5db4c9fcddd79 -> 9e21cd83f101034b2d858f945969bdfe
  custom:scripting/monoscript/fileName/AssetType.cs: 00b588beef87dd754f4f2ce4553d8b58 -> 
  custom:scripting/monoscript/fileName/EnumInspector.cs: 9ab8fbe6d52fcec6a056693dcbd070d2 -> e128b476c83230bd4d6641e03e05509c
  custom:scripting/monoscript/fileName/AssetLabel.cs: 70b0765d6fdfb64737660d378e0b5a6b -> 
  custom:scripting/monoscript/fileName/NumericComparison.cs: 51a473f317268cee55326ddfa2061afc -> cba242dbe64c1facf897693e9cadafc3
  custom:scripting/monoscript/fileName/UnityOnScrollMessageListener.cs: b1cd39a8894e88772a2ad1a2e529cf7a -> ce3065876726088f72ea7ec36ad0a9a7
  custom:scripting/monoscript/fileName/PlatformUtility.cs: 2d5e08f9a1c872af866c5a60eb61b82f -> 6727dfb878fd28cfcf38a00adece7ace
  custom:scripting/monoscript/fileName/ICacheUndo.cs: 2e01726436f8435d0cc46207614a4216 -> 78a4f2bb9c2201505a5701addaf7eb87
  custom:scripting/monoscript/fileName/SelectOnEnum.cs: 04636d603d2184be0d3224cf890b0239 -> a4f1d47fbb5fc07ccb1c8423ab1e5ecf
  custom:scripting/monoscript/fileName/Vector3Multiply.cs: 706cd3e8344b912d4b2bb839d2555b99 -> 05251531195db76f84c92ac4f7a47783
  custom:scripting/monoscript/fileName/UIService.cs: 35064ffbfe6b29cdcbfe8a99010ed221 -> 
  custom:scripting/monoscript/fileName/UnityOnDropMessageListener.cs: a93a15a03b48cb56680451a5fb629716 -> 4c4c7944f778dffb9b6fbc22a3262d32
  custom:scripting/monoscript/fileName/UnitPortDefinition.cs: 19c67f5e756c2c2137c453b5bc8f3335 -> 02c890be95f24b93c641953433cc4a37
  custom:scripting/monoscript/fileName/ImportSettingsInternal.cs: eaf8ea3770447918de45361618934571 -> 
  custom:scripting/monoscript/fileName/UpgradeLogWriter.cs: c156e34e285382a891425b3faddb2ab1 -> 508d2930dc69fc71f9982afd961bbc7d
  custom:scripting/monoscript/fileName/CodeLinkInfoResponse.cs: f42814b0d3e8b943e22c128e599697da -> 
  custom:scripting/monoscript/fileName/IEnvironmentValidator.cs: bdc1089a446560e3518f7ac97786d874 -> 
  custom:scripting/monoscript/fileName/TypeOption.cs: 7a0ab4a372bbf82d35586fcf5d4a40e7 -> 4d01bb76f52ee80d1d55d1d8e28c10a1
  custom:scripting/monoscript/fileName/UnitBase.cs: 34214bab92248b400f3877574a814bae -> acd9d6d2b585769d8c1cc256e16afdf5
  custom:scripting/monoscript/fileName/MissingType.cs: 374d90d590f5de8a641966df64092f62 -> c10380adb193eda49890a0f0b231f682
  custom:scripting/monoscript/fileName/NodeColorMix.cs: 847e9acf462597848f5f1c1617cd325c -> bb1c534c32a36ed18605957a59b7cb0b
  custom:scripting/monoscript/fileName/AssetStatusDto.cs: 09b9dfef5caef78e113d2fa910d0801a -> 
  custom:scripting/monoscript/fileName/Vector2DotProduct.cs: 403f3b7a7e20529c08988794459caecd -> 6cce5fee82d36204bc7805c21ed9ccc8
  custom:scripting/monoscript/fileName/ILabelData.cs: 23726c97b5cebc44d081f0b17eff5d46 -> 
  custom:scripting/monoscript/fileName/PluginConfiguration.cs: 4c1f4544475c62c7826629164067c683 -> 614c64ff2fab2f510e42e95f36917bf6
  custom:scripting/monoscript/fileName/SwitchUnit.cs: 8f6297df34271fdb1ce2d9607ec6261d -> 90647cc400823b41df847a6cbfc29026
  custom:scripting/monoscript/fileName/Acknowledgement_DotNetZip.cs: d0421a1ccdcd6f6a455fb0e08f90d5dc -> 23b197035a9b9115a8fd2fb87a80f3dc
  custom:scripting/monoscript/fileName/IGraphParentElement.cs: e5fb7a90bceb5b9cb64dfe025cebc803 -> 919658e41d67c37a20862b3108990e9f
  custom:scripting/precompiled-assembly-types:Unity.Cloud.Identity.Embedded: 707462cb769c62944b8071adcf2accf8 -> 
  custom:scripting/precompiled-assembly-types:Unity.Services.Authentication.PlayerAccounts: 733d423729734ee8ed76ab204a76b4c3 -> 
  custom:scripting/monoscript/fileName/IGraphElementWithData.cs: c485587e83752cef0c229fe4071c521d -> 26aabd73002ecedf35414d6eca26184d
  custom:scripting/monoscript/fileName/AssetRepositoryExtensions.cs: d4566ccdbc6eacaef222ceabb580a99b -> 
  custom:scripting/monoscript/fileName/PlayerAccountsPackageInitializer.cs: 0aa273791167a3c61ca4dbddee86ffe7 -> 
  custom:scripting/monoscript/fileName/SpritePostProcess.cs: aca48beafd4fef4ee3c765c28a7233dd -> d460bd320088522a0b893829aff5b647
  custom:scripting/monoscript/fileName/ServiceExceptions.cs: dd70b8ad0ac19eceaf22a5fdac1f9dfa -> 
  custom:scripting/monoscript/fileName/UnityUserGuestProjectV1.cs: 58ac7a8966d050da82ebd9946d7ad9a7 -> 
  custom:scripting/monoscript/fileName/OnTriggerExit2D.cs: a56c1783e99ce6a5e6afb4da07eda082 -> 6595049526677a4b7a90eeb595ef5667
  custom:scripting/monoscript/fileName/UnityPlayerAccountSettings.cs: 551cf47427967de94d87a6b04fcae5a1 -> 
  custom:scripting/monoscript/fileName/Description.cs: 1fec0ada295acb0badbe1800da4ef151 -> 46a89d8fd81a9c391a61becb8299b43d
  custom:scripting/monoscript/fileName/OnMove.cs: c9e52bdb537a7aabd5e74058f0bb4615 -> 7a02e3a4b6dd9bf7a01fe79afea1c3cc
  custom:scripting/monoscript/fileName/BoneCache.cs: 8abab181c5ee9edf772e44ceedb2f140 -> da0c80b1a74589bbdea69d6cf4ed736a
  custom:scripting/monoscript/fileName/IdProvider.cs: 49213a4cdd38d4ac4c21545c7141b8cd -> 
  custom:scripting/monoscript/fileName/IMetadataInfo.cs: 4319e6cb3b87746c39d3d1211cc6c51b -> 
  custom:scripting/monoscript/fileName/TriggerEvent2DUnit.cs: 65bb4eb85b4d4e735e75f534d253c98a -> 73e35f4d37639703bee7b38d3636b96b
  custom:scripting/monoscript/fileName/HelpBoxMessage.cs: a5dae86ece4db8acd362b6140164d69a -> 
  custom:scripting/monoscript/fileName/Vector4Distance.cs: afbb8ae1264ec1048c8169adc367b3af -> b3654bc06d0a1af30981ed2f27c5b07f
  custom:scripting/monoscript/fileName/UpdatePasswordRequest.cs: c3e07ff5663bd6613440bb9ff3d74c5c -> 
  custom:scripting/monoscript/fileName/GraphPointerException.cs: 1a3d9221f4ef897937ec6d5582f2daf9 -> be72dbf1efcf66d2270bf43ad750b050
  custom:scripting/monoscript/fileName/InvalidConnectionWidget.cs: 278e710fa590d5c6e70c3f20daae4e17 -> 8759104cd4a071c560266650e1fc47ff
  custom:scripting/monoscript/fileName/IsolatedJsonConvert.cs: 0ab1a7f87af6b14877fd6d292111914a -> 
  custom:scripting/monoscript/fileName/MappedObservableCollection.Gen.cs: 90647cc400823b41df847a6cbfc29026 -> 
  custom:scripting/monoscript/fileName/IUserIdentifierProvider.cs: dc5eeac839d4cf332ea648a7fdcd39d6 -> 
  custom:scripting/monoscript/fileName/Analyser.cs: 8f6297df34271fdb1ce2d9607ec6261d -> 90647cc400823b41df847a6cbfc29026
  custom:scripting/monoscript/fileName/GenericElementAdderMenuBuilder.cs: 8f6297df34271fdb1ce2d9607ec6261d -> 90647cc400823b41df847a6cbfc29026
  custom:scripting/monoscript/fileName/DefineUtility.cs: 49edb1bdd2d2298da8c80d26a6b5391c -> cc6c37da06766448694c3dfc669a9a83
  custom:scripting/monoscript/fileName/ServiceAccountCredentialsToUnityServicesTokenExchanger.cs: 6f36eae9d82bf98799db9345e1758851 -> 
  custom:scripting/monoscript/fileName/UnityGetOrganizationMembers200Response.cs: 2a3745ba3cf60a91cc07f675b5cfe7f0 -> 
  custom:scripting/monoscript/fileName/CreateList.cs: d4b30583fe6c18d543e9cf3681e6a63b -> 89c26467e215a2f014f1cf353bc434ef
  custom:scripting/monoscript/fileName/SavedAssetSearchFilterManager.cs: cc756c87a592605a9962a0fdfa86ea2b -> 
  custom:scripting/monoscript/fileName/SpriteLibrarySourceAssetImporterInspector.cs: 3ef864325075ca5bf949009ee1ace81f -> 5354d66b24dc3b8ec2006b8f20b7a529
  custom:scripting/monoscript/fileName/IAssetDataSource.AssetReference.cs: f0c055dbd074357048b04069d34f7f97 -> 
  custom:scripting/monoscript/fileName/FlowGraphContextStateExtension.cs: f74b7c5e1d283492a495a8fc1a180faa -> 730287e0d9dfa8d88c1ca7a717b217be
  custom:scripting/monoscript/fileName/GraphContext.cs: 8f6297df34271fdb1ce2d9607ec6261d -> 90647cc400823b41df847a6cbfc29026
  custom:scripting/monoscript/fileName/RemoveListItem.cs: 7721bd8ed936a20799345faf21992b31 -> a7ca10fb18520f9fa8114bc126504041
  custom:scripting/monoscript/fileName/CloudEnvironmentConfigProvider.cs: 0d9357504beb82cf1f27ae6c7b6ddec2 -> 
  custom:scripting/monoscript/fileName/Machine.cs: 8f6297df34271fdb1ce2d9607ec6261d -> 90647cc400823b41df847a6cbfc29026
  custom:scripting/monoscript/fileName/ManageCollectionEvent.cs: 30a60349974bb5e5e0ca0e5129204314 -> 
  custom:scripting/monoscript/fileName/MessageCollection.cs: 81a5001986ff227fc0de37ebf833fabe -> 
  custom:scripting/monoscript/fileName/Changelog_1_2_1.cs: fbc8210c5eddf98b8cbf4e7c5a0a7220 -> 00f62bbecc6f1389059a79e87ed410e0
  custom:scripting/monoscript/fileName/VariableUnitWidget.cs: 68331b0fda7524601324adce02d71859 -> 2933952a8c1aad58771b12d6dce3ed57
  custom:scripting/monoscript/fileName/WeightInspector.cs: 8714b8a4908fd6b3aa30e51c12d2e643 -> 8a7f36568a925760c7e759a2eceeec87
  custom:scripting/monoscript/fileName/SideBarOrganizationSelector.cs: 0af03a61c335dc3ff4434db607901402 -> 
  custom:scripting/monoscript/fileName/VariantCollection.cs: 8f6297df34271fdb1ce2d9607ec6261d -> 90647cc400823b41df847a6cbfc29026
  custom:scripting/monoscript/fileName/EditorSerializationUtility.cs: 38187ab2957dff9ce11026b4538a1427 -> 23c739cf92fb74269dc76f5f2a44c3c6
  custom:scripting/monoscript/fileName/AcrossProjectsSearchRequestParameters.cs: 38847513878a36cfc029aae818b3cb0c -> 
  custom:scripting/monoscript/fileName/DatasetIdConverter.cs: bdd41ec3b61fed91e0155520b15b84b7 -> 
  custom:scripting/monoscript/fileName/InstanceFunctionInvoker_3.cs: 8f6297df34271fdb1ce2d9607ec6261d -> 90647cc400823b41df847a6cbfc29026
  custom:scripting/monoscript/fileName/IServerAccessToken.cs: 5dfd5eddfcd0cafe1db05f4c334820f7 -> 
  custom:scripting/monoscript/fileName/NesterStateTransitionEditor.cs: 6bca268604325863cd13a518e569b0e3 -> 65c205631613733826f2a62f84473e32
  custom:scripting/monoscript/fileName/AuthenticationException.cs: 775db05fab80900d1212050035caf081 -> 
  custom:scripting/monoscript/fileName/Notification.cs: b666b063d3334a605c69ff6f8a0cffc8 -> 
  custom:scripting/monoscript/fileName/BoundsInspector.cs: 0c0d67db15a32672238c880c82eef3fd -> 8360e18b6162948d31d476991f3c1581
  custom:scripting/monoscript/fileName/IAuthenticationStateProvider.cs: 107915bbdc4c52ce9c80a00fb719bbff -> 
  custom:scripting/monoscript/fileName/StickyNote.cs: 87f3cfa08c0e516247d907af98209906 -> 40ced788af8eb44078f25e5a73c3b765
  custom:scripting/monoscript/fileName/IActivatePlatformSupport.cs: 47376a4e3475501d7a798b87d56439ca -> 
  custom:scripting/monoscript/fileName/AssetDataSource.AssetReference.cs: ebc0fad151fb9bb8e368592886229376 -> 
  custom:scripting/monoscript/fileName/BinaryOperatorHandler.cs: ec48c9648124bf7ced5f94d640443378 -> 39a57f4d8713edfce870549950c33db8
  custom:scripting/monoscript/fileName/ProjectInfo.cs: d289d5cd3d7bbcf9a82d73b4aa756d36 -> 
  custom:scripting/monoscript/fileName/ISerializationDependency.cs: 283ba65e4d5d2cf2eab4ff7e15d8724d -> 73a10f512c2ce08c6801c61e0d3ca0b6
  custom:scripting/monoscript/fileName/UnityCreateProjectRequest.cs: 553b660d315929e3419e6a209f9bb6ab -> 
  custom:scripting/monoscript/fileName/WebAppUrlComposer.cs: 560425b06fe201283b30567f26a49076 -> 
  custom:scripting/monoscript/fileName/IKManager2DEditor.cs: d0b602120cd9c56ad6cc1b97551a6c04 -> 24aac12a4a238aa85de0be77baee4746
  custom:scripting/monoscript/fileName/AnimatorMessageListener.cs: c7b4e2df1719036513e3d95df8705833 -> 3b6e90566a365465de6c4dbf14892c7f
  custom:scripting/monoscript/fileName/InspectableIfAttribute.cs: e099538a92a7428a997c90f616a8761d -> 8fa0b716a3bdff22ba45c38b5f4e1aed
  custom:scripting/monoscript/fileName/IDescriptor.cs: 66ab4ec391c9ca8e09eb69833c267967 -> e7a14b695bda6da3f1c1a135bc757ac2
  custom:scripting/monoscript/fileName/StaticFunctionInvoker_5.cs: 8f6297df34271fdb1ce2d9607ec6261d -> 90647cc400823b41df847a6cbfc29026
  custom:scripting/monoscript/fileName/InspectorLabelAttribute.cs: 5e193a8bdead96d6c89f48a24eb029eb -> 843fda27844b4deaac5c83a72b9c509a
  custom:scripting/monoscript/fileName/ISpriteLibraryCategory.cs: 0055695495874cceebfa00cafe78f009 -> e32958e212698d23115836dd89135699
  custom:scripting/monoscript/fileName/QueryArgumentsParser.cs: d92010b8ea519ff00949fce9d7897cac -> 
  custom:scripting/monoscript/fileName/Vector2Modulo.cs: 98b8f768c7bdaff8c1eff024ab5bcc5c -> da8ac5de246505f19d637247ba59b6cd
  custom:scripting/monoscript/fileName/TriggerStateTransitionWidget.cs: e4b090881f273fcf18f4c0907460d26e -> e6025113c88bd7039b519f26d4260eb4
  custom:scripting/monoscript/fileName/AssetImporter.cs: 7e57c07417f7862c13dfdbeb8c4fcb05 -> 
  custom:scripting/monoscript/fileName/IAuthenticationAdminNetworkClient.cs: a08c9abb22f07232b2d3b329d0c23e91 -> 
  custom:scripting/monoscript/fileName/SerializationData.cs: 2b228544b2405a3d06c77908b84837a8 -> e73128db8c8ab2f6fbe3d5c102a9778d
  custom:scripting/monoscript/fileName/AssetBundleResourceProvider.cs: 94c9a1fe70d0b94e2462da4c99448961 -> 7eb64873033e37869608cc49abe8bd93
  custom:scripting/monoscript/fileName/OnMouseDown.cs: 94bc3de06fde4e9b3bf75a72f6a688ab -> 53f0fddea8554ec1e936742f5763c3d2
  custom:scripting/monoscript/fileName/CreateFieldDefinitionRequest.cs: 468bbe443060ab39abf6b6701bedb1d4 -> 
  custom:scripting/monoscript/fileName/IMachine.cs: 7a8275e21bf82afb04bce3e11311b89e -> 435cf029ba56c6bf4e1e960000227865
  custom:scripting/monoscript/fileName/FileProperties.cs: cbe8052dd7aac0c18221d516a39ffac5 -> 
  custom:scripting/monoscript/fileName/GraphDescription.cs: 5e1c0ddbb85a5f32877117c8f71c7444 -> 952d1e8efacdd94a41ff311893d5f330
  custom:scripting/monoscript/fileName/UnityOnTriggerStay2DMListener.cs: 4f7fc05accbe9b21ef613d07b0bf2e97 -> 8d15b4642ab6431be7389da476e9ab7f
  custom:scripting/monoscript/fileName/GraphContextAttribute.cs: 9183f0c2ef4e57c52b515dffc14b591c -> 3181dde4d487e1129aa027903be1e38c
  custom:scripting/monoscript/fileName/GenericDivide.cs: bd2acc1472aa1070c841fe0022d2d447 -> 3ff3bcb163d2e1dff7ff773f9dcdbc85
  custom:scripting/monoscript/fileName/EnsureThat.ValueTypes.cs: bd7acbee6d9d5a238167e20a62147c52 -> d013aa59ca1af7ae620960a166e69902
  custom:scripting/monoscript/fileName/ProjectOrganizationProvider.cs: 2bb3b91b5542eb779430da48766c585c -> 
  custom:scripting/monoscript/fileName/StartedTransformationDto.cs: 1d5a8098bc3691958226c44b39530345 -> 
  custom:scripting/monoscript/fileName/SpriteCacheExtensions.cs: ea08ce104701285b5f3a801cd102ebff -> a091cac6bf6bdfde1b13898fd7a4cb7f
  custom:scripting/monoscript/fileName/UnityObjectConverter.cs: 058ba31a7147eae606d0210839a57195 -> e45ded06a347f04c2398504119a8f162
  custom:scripting/monoscript/fileName/Migration_1_1_2_to_1_1_3.cs: 8de678c4ed4ea95f9490e4a2e6f50cf2 -> e1429ca03c2d11762333685376504a0a
  custom:scripting/monoscript/fileName/StateEditor.cs: 30e564b9d156fadcd4f9107d53ed657c -> e2cf5af77656ef94720057dc1fb79e39
  custom:scripting/monoscript/fileName/UnityLogOutput.cs: 78268b6f193da0abcb0de700d6bafbde -> 
  custom:scripting/monoscript/fileName/Changelog_1_0_3.cs: 1bdbe1d328eb05b86d32be89f845be73 -> d57435d5d4a256ee16daaeeec0fa1b8b
  custom:scripting/monoscript/fileName/IEventGraph.cs: 508d0a6fa5cd0d47ebf630eebf6a303c -> f902c289f7a111d9c55d3736658cccfe
  custom:scripting/monoscript/fileName/IUnitControlPort.cs: d5f383e719ccef8835e9b4dcca97dd67 -> bc218c642c29e11f806d66247e16da45
  custom:scripting/monoscript/fileName/AssetDataSource.Dataset.cs: ebc0fad151fb9bb8e368592886229376 -> 
  custom:scripting/monoscript/fileName/OnSliderValueChanged.cs: 7a36553e3999e4945453d3763ba21c2c -> e16249419c94dfbaa134d4ff3fbdf0df
  custom:scripting/monoscript/fileName/ClickOrDragStartManipulator.cs: bb55dc0f498a67a09a4e25f39712b89d -> 
  custom:scripting/monoscript/fileName/VersionControlUtility.cs: 5814a412df7a7d79f95d4a993a530e62 -> 9e62165567e0dd8abdefdc26d16ce002
  custom:scripting/monoscript/fileName/Vector2Minimum.cs: fe7cf44dc56b45f097b86e6cc4579d79 -> 1990ffcd16bd3af619afc4b97c72afea
  custom:scripting/monoscript/fileName/BoundedBiharmonicWeightsGenerator.cs: c327a56448f9ac7d90f4380aec630394 -> b8847bf1ffb4fdd28a6aa1b4b218c7aa
  custom:scripting/monoscript/fileName/SidebarPanel.cs: a884f0d9fe6d1b09656f957f2fc7f2f2 -> 5e918fa71cf6dcd84a68780666fd7591
  custom:scripting/monoscript/fileName/CreateLabelRequest.cs: ad535dd492e0e60eb1e466344f36c231 -> 
  custom:scripting/monoscript/fileName/VariableExamples.cs: 7c4f743ecc9894e4cb357e78b3ee9a3a -> 
  custom:scripting/monoscript/fileName/MeshUtils.cs: 34be5c40bb3f67dbb2d4e7ce3cdf08dc -> 2a92fd72e03c92de609c26d9ce4ac8d3
  custom:scripting/monoscript/fileName/EventMachineEditor.cs: 8d2b4261f2bf36df99e849275dda3963 -> fe5c56e28cc148eeedfc2f9ebb735e54
  custom:scripting/monoscript/fileName/UnityEnvironmentV1.cs: 1eea8ffdfb5010d89d3ba557b2d50eab -> 
  custom:scripting/monoscript/fileName/BezierUtility.cs: 7d0c94eb2417e819d938768e31e82b0c -> 59b334adddac4e356dfe401c493b09fb
  custom:scripting/monoscript/fileName/OnCollisionStay.cs: ff84ed6065258063e7902a339e8e8774 -> 20a3fd3ac21ecbb1865924e3cdf85a60
  custom:scripting/monoscript/fileName/Vector4Minimum.cs: 13be5c6746862b2188bb5f477bcc2d02 -> 2c7bc34b418e4501dbea1ac6ea269483
  custom:scripting/monoscript/fileName/Drawer.cs: f2fec5f115456b21d41d391b46382b99 -> 7bef5f863feba6ff3e5d2d6eeca9d7ac
  custom:scripting/monoscript/fileName/UnaryOperatorHandler.cs: 680d9030abaee2088eec917f4610a73d -> c6a49cff83e83a12569e911ca6c3e415
  custom:scripting/monoscript/fileName/DefaultPoseScope.cs: d03b59b4f7e43b0a98fe52533974c41f -> 853104454e2cbeae0db1980075dd3940
  custom:scripting/monoscript/fileName/ServiceCollection.Gen.cs: ee70a277f1bc1e6641d018ca44380804 -> 
  custom:scripting/monoscript/fileName/HttpResponseMessageExtensions.cs: ec053d676490face7d0f5534cbed5a48 -> 
  custom:scripting/monoscript/fileName/OculusConfig.cs: 4fa906ecdd5ca17f3543698999715035 -> 
  custom:scripting/monoscript/fileName/EditorWindowWrapper.cs: 8d223de6ac53da1efdac72375c87d0f8 -> 02496c07e9f809fb7235647b70bb96dd
  custom:scripting/monoscript/fileName/Vector2Round.cs: c2c79c3c296404e5517c2b10608bd2c5 -> e3087d15462f9823f27d2b58a968f394
  custom:scripting/monoscript/fileName/RateLimitRelease.cs: 096d088869fb5f8add6cd6a5480251d9 -> 
  custom:scripting/monoscript/fileName/ButtonStripField.cs: e1893a1b475f6cb87dc85524cb63e564 -> 83516ab30a12fed959ffdbd9c61825a7
  custom:scripting/monoscript/fileName/SpriteMeshDataController.cs: 25723a5da7cab08e63f3afb7ea685168 -> 99e2fe0a6bd87f68a4212f87d559f31d
  custom:scripting/monoscript/fileName/UnityOnCollisionExit2DMessageListener.cs: fc11385b4117302483f7e6478f6d1e64 -> 6ce4fcb2f498bd5399e0cdfe4b658cee
  custom:scripting/monoscript/fileName/IGUIState.cs: 8161b6c9de9f9b93445f6ef78fa2f006 -> 0b538961cc4361bfc6e9c42d79f4be93
  custom:scripting/monoscript/fileName/WeightPainterPanel.cs: 9d24ba0ee49765ba9a4e6b1464117293 -> f7d4abcf993517dcc8eeb143f1214ab1
  custom:scripting/monoscript/fileName/IsObjectVariableDefined.cs: 1af1d7e6b075b20b0a56b6f6691da04d -> cb24be73ba9bcddb99cc2e6ff8c826ad
  custom:scripting/monoscript/fileName/IGraphEventListener.cs: 65c34324e2cde4979053d9eed1dec00c -> b342e3de13104a7685ee3200d22922c4
  custom:scripting/monoscript/fileName/SelectOnStringDescriptor.cs: 2e57b7fb1cf9f53f34962fcb064c680a -> c25bd6abab3f4c9b99adb84497211b2a
  custom:scripting/monoscript/fileName/StatusService.cs: eb2db679b666ecae105c7f0034b3c862 -> 
  custom:scripting/monoscript/fileName/UnityOnCollisionStayMessageListener.cs: af175df1f3e4ac366cfb2476fffe69e2 -> d53152f1eac938a3207c17b4a7ddda81
  custom:scripting/monoscript/fileName/IGraphEventListenerData.cs: 1c73f899c4513d44eefe454289a787ae -> 70bd9357ea451d622e904affd16cc7ed
  custom:scripting/monoscript/fileName/MacroEditor.cs: e321073ac8d7fda719dd1aca1a76417b -> 2469a5dc51e02bcdc6a8eab19f6cf444
  custom:scripting/monoscript/fileName/GatewayTokens.cs: 53270745929a7034c3268a07c13af48c -> 
  custom:scripting/monoscript/fileName/StaticFunctionInvoker_2.cs: 8f6297df34271fdb1ce2d9607ec6261d -> 90647cc400823b41df847a6cbfc29026
  custom:scripting/monoscript/fileName/AssetQueryBuilder.cs: 4f4aac70b114cb438450b197347dc030 -> 
  custom:scripting/monoscript/fileName/AssetDataSource.cs: ebc0fad151fb9bb8e368592886229376 -> 
  custom:scripting/monoscript/fileName/ScriptGraphAsset.cs: 3feba2c49e9e0d518e1ff3027ffddbe3 -> ad0bbad6530cc7f6d0acfbb6eb9e8357
  custom:scripting/monoscript/fileName/CompositeAuthenticatorSettingsBuilder.cs: 93628e54b481b8496c7f3638f1b26839 -> 
  custom:scripting/monoscript/fileName/GraphOutput.cs: 6dcb254a75e883bb8bb2f776e4f10947 -> 52240b0b7f4f2ca3d682a1d3a6b513a2
  custom:scripting/monoscript/fileName/AssemblyOptionsSettings.cs: 038fe574817856a9b5131b3265436077 -> b5df81eebf4c5d253f908c2ed70b8279
  custom:scripting/monoscript/fileName/ServiceMessagingClient.cs: 8e773867576579dc72006d0c03e43ff3 -> 
  custom:scripting/monoscript/fileName/CharacterCache.cs: c5f527790e34ec50afdee98819bed9ef -> 803d84f187482c5af6f5829e4babfb54
  custom:scripting/monoscript/fileName/TypeName.cs: 0ac31241922397a35d7221b24befc050 -> 54b73f6620efa9a26392ca522ec7cc73
  custom:scripting/monoscript/fileName/EmptyGraphWindow.cs: 3c642b343b77d657580a5e7a7360f562 -> 20c272cbf18a49c3dab02d94fe06f760
  custom:scripting/monoscript/fileName/CustomEvent.cs: d4a5461eb6554b39d15483c3d7467a4a -> 1247c5b8a272815c9d4060913450b9d8
  custom:scripting/monoscript/fileName/MultiSelectionFoldout.cs: f6ba03c74421fb8e8b58a1271ce4f786 -> 
  custom:scripting/monoscript/fileName/UnityUserInfoJsonProvider.cs: f2150e04485a352291bf4befd56de758 -> 
  custom:scripting/monoscript/fileName/EventHook.cs: 275e91c23ef3200604401b9dbe50380c -> 19c41098a3c4bd52a7a3034291405188
  custom:scripting/monoscript/fileName/OnInputFieldEndEdit.cs: d1dc09f5026de5989485716dc4be34e1 -> 61bff24e72b5d4e3064eb9268dd321f3
  custom:scripting/monoscript/fileName/ParameterArgs.cs: 45a3809a5fac578452d9dcf7edaf3a8b -> c9e6e2139cd46ec56f2bff868468b358
  custom:scripting/monoscript/fileName/FunctionExpression.cs: 0aa6f8289f44a0a52127dfeb1a99c38b -> 3f519b21f2b56fc43713c2e8c893da70
  custom:scripting/monoscript/fileName/NavMeshModifier.cs: 9f2f9ac4a63518769861a9fe3fc49054 -> 99ae5ed91bb784edc4f8312d7de046da
  custom:scripting/monoscript/fileName/AssetManagerUserSettingsProvider.cs: 823ce9ebaeaaa38e1a0d6d8a93686ce8 -> 
  custom:scripting/monoscript/fileName/GraphElementWidget.cs: 8f6297df34271fdb1ce2d9607ec6261d -> 90647cc400823b41df847a6cbfc29026
  custom:scripting/monoscript/fileName/IUnitValuePort.cs: 120919f37d80f01fad01d6e93fb4cd9d -> 0f12e3cbb24a1121958b74ea603cca1c
  custom:scripting/monoscript/fileName/Serialization.cs: be6894126f248ea04a6fb2e697dc4429 -> dd6acf6845fbd366eebfbdc457fca7bf
  custom:scripting/monoscript/fileName/SetObjectVariable.cs: d2c4854af0db33f7564fd925560cd1b3 -> c501659214e4f7a16071fdf2400adc8a
  custom:scripting/monoscript/fileName/FabrikSolver2DEditor.cs: 9dc360af3f490b4b18b6d6876407ba9f -> 579b5a7e7cd9a9740e1b3a3a906d1cad
  custom:scripting/monoscript/fileName/Changelog_1_4_13.cs: 787399948af7c44f550ed975b2b5a436 -> d6b54fdffd71463de9d4b50bb69018eb
  custom:scripting/monoscript/fileName/AssetRequest.cs: 620b49ee8df9059e4bbbdcc1abd3ff5b -> 
  custom:scripting/monoscript/fileName/AcknowledgementPage.cs: 9e096e48752a43c710cb921159234920 -> 3f6c6facc751d729172722a1d287883d
  custom:scripting/monoscript/fileName/AuthenticationCache.cs: db62ddb3d660d03cbc330ce7e63333bf -> 
  custom:scripting/monoscript/fileName/fsObjectAttribute.cs: ccbfd3785dd758782c7fcd60e759ea0f -> 343885d517709af9574fffd815538ffb
  custom:scripting/monoscript/fileName/IUndoObject.cs: 8eb920824be48210bdc0ec8d42c30a9c -> 0f9e4174d37736dd1a4fc26bc322f8d7
  custom:scripting/monoscript/fileName/BasePkcePlatformSupport.cs: 1aa33c2542544f3a18bc48dd2fd0cd9e -> 
  custom:scripting/monoscript/fileName/SearchConditionData.cs: 0b51738e18e167d80de296d5bb669ade -> 
  custom:scripting/monoscript/fileName/IsVariableDefinedUnit.cs: 350ae49840a90ac6a06d35c4871ab445 -> f75e412f9012ed0474a5fe956fc3413a
  custom:scripting/monoscript/fileName/GetCollectionListRequest.cs: a335809cc4b0859f4507d54dc4b1cc22 -> 
  custom:scripting/monoscript/fileName/FlowMachineEditor.cs: b5419d6cb5a06e760fa2ed3826ad5a77 -> 4a94c7621295679981f2cb0dcf69608f
  custom:scripting/monoscript/fileName/DialogManager.cs: aab994c60d42b0fc6440d09ac14fbb27 -> 
  custom:scripting/monoscript/fileName/AssignsAttribute.cs: f0f00e353ea8a5dde72a57a793914529 -> 063f99b9308b47501eea0b110555328d
  custom:scripting/monoscript/fileName/TypeExtensions.cs: 0f6e0ebc604282d55ab1f23591b1853d -> dcfbda865fe8349225c494951670deb0
  custom:scripting/monoscript/fileName/PopupContainer.cs: 4937ae5ef4b4ac9e014d7c2f0b0fec6e -> 
  custom:scripting/precompiled-assembly-types:Unity.Services.Core.Registration: 6ff2c253681b1c95fc4436f661813f21 -> 
  custom:scripting/monoscript/fileName/Groupable.cs: e0627a5453626075a93e36ccda8d049c -> 
  custom:scripting/monoscript/fileName/DeprecatedVector2Add.cs: 9efccdc9110ce511aa1dc8f0367b734d -> a42a067396f69f8da43bf7a89fbab6cb
  custom:scripting/monoscript/fileName/GlobalMessageListener.cs: a80c13f0d3477d82c6c5991f354cf9c0 -> c062fa3b655eedd791bb10079da0728d
  custom:scripting/monoscript/fileName/FieldDefinitionRequest.cs: aec9fc0c9c2fb24994e883029bf89398 -> 
  custom:scripting/monoscript/fileName/RequiresUnityAPIAttribute.cs: 97a69dfaf0d56cc17ef0f26fa369d9a1 -> 47cd5cfcb8eeb40ff7dd43496348c023
  custom:scripting/monoscript/fileName/OnBecameInvisible.cs: f49393c921da6f27f1a3ea2b15631eba -> b7caf4e67ac736482eceb191482328bf
  custom:scripting/monoscript/fileName/WebSocketClientFactory.cs: 83d34b0efc735d201c61d14f05e63ba5 -> 
  custom:scripting/monoscript/fileName/SubgraphUnit.cs: 1ac56a9c5e5bb4530a7ecc6343b1f99b -> f37cafc39b14ef0a7f65f9092bb5e492
  custom:scripting/monoscript/fileName/WidgetProvider.cs: 897421413d86560574f2a5b8a4b438a5 -> 4b18a8c39639854717916baef92f4686
  custom:scripting/monoscript/fileName/MethodNotFoundException.Gen.cs: 0dccde8d1181b58956dff819eeec312c -> 
  custom:scripting/monoscript/fileName/SignInWithExternalTokenRequest.cs: 933831e25b9ab6f0c7b50393e3efd13d -> 
  custom:scripting/monoscript/fileName/DatasetInfo.cs: e9a117225ba0f07f3e0ca3f2c9563466 -> 
  custom:scripting/monoscript/fileName/VariableDeclarationCollection.cs: 7bb58aaea04eabf380c205cb37444cd9 -> f8cb5ddb6ecba7b49afcc85ba56f1d8a
  custom:scripting/monoscript/fileName/Permission.cs: f6fc3575442142a6d8a485fcae889923 -> 
  custom:scripting/monoscript/fileName/AnnotationUtility.cs: 9a29a60ea586ba4052064a5da4e6ae22 -> 53de73968a0af4637b553276957003f1
  custom:scripting/monoscript/fileName/Changelog_1_1_3.cs: 2aea16881ab47bc3b163c6405f40bc69 -> 47e88c02252e9d7210b3be9d06bc0020
  custom:scripting/monoscript/fileName/SpriteShapeController.cs: de2b0fb738f5aa7ae7588428fd9ec105 -> 5ed527fe8d4002a2c1a6935d12e16c40
  custom:scripting/monoscript/fileName/BoltState.cs: 09673cab0b1a36ca39b3bd38ab7b82d9 -> 8b3743f6796dd4cefc47d5fa0232937f
  custom:scripting/monoscript/fileName/OnAnimatorMove.cs: 18d322d1da839da9eed7f3fd5d57807a -> c052b17b80e947ab8b2c96fc0f26470f
  custom:scripting/monoscript/fileName/MathUtility.cs: 4760400941b6da6965833ffd02084ac2 -> d5d4f1370afbe8381832059b9ccb336e
  custom:scripting/monoscript/fileName/BasePage.cs: 32b46a0d33faf5008c6cc7a901173141 -> 
  custom:scripting/monoscript/fileName/AssetManagerWindowHook.cs: e79df98acdb5ad97cbc7b199acfb55c9 -> 
  custom:scripting/monoscript/fileName/EditorTexture.cs: be4f9e5f1ad614a8c9d147264f23937a -> 5b4c3c702931d6ed1925c42044af30b9
  custom:scripting/monoscript/fileName/NotEqual.cs: 70fefa1dc54e888cb8fc3a3ec5190c6e -> 14ffd07a739b133159965e42dd3750bd
  custom:scripting/monoscript/fileName/IJwtDecoder.cs: 3a95ca7907a61e805e59af6219546685 -> 
  custom:scripting/monoscript/fileName/PlayerIdComponent.cs: 245335b122408666ab23433f05124501 -> 
  custom:scripting/monoscript/fileName/Changelog_1_4_5.cs: 1239afa2a695cc4a76337d4e3073e238 -> 5dd473584c4f9f49495b856981cc8c56
  custom:scripting/monoscript/fileName/Sidebars.cs: fe445d5b5036bdc4ecf24c18a6b18ecf -> f3146f6d048643c90c5e978e3d2fc2a7
  custom:scripting/monoscript/fileName/EnsureThat.cs: bd7acbee6d9d5a238167e20a62147c52 -> d013aa59ca1af7ae620960a166e69902
  custom:scripting/monoscript/fileName/GetVariableUnitOption.cs: 8f6297df34271fdb1ce2d9607ec6261d -> 90647cc400823b41df847a6cbfc29026
  custom:scripting/monoscript/fileName/IProjectEditorDrawerFactory.cs: 18c5020e4a357b0471f706a6144cefa8 -> 
  custom:scripting/monoscript/fileName/CacheUtilities.cs: c1eb5e8987ef0104e3d7e1c9f9d75506 -> 
  custom:scripting/monoscript/fileName/Changelog_1_0_4.cs: 17552b46342fcbee7eda3098848f61c9 -> a700d2cc0d3c3da84e158cc3dd194d0b
  custom:scripting/monoscript/fileName/SingleReaderSingleWriterNativeStream.cs: 418b29322b7e899610e10b92e36128bf -> 
  custom:scripting/monoscript/fileName/DependencyUtils.cs: 793cf9a1d2fe164acd1a63f3aa8a0421 -> 
  custom:scripting/monoscript/fileName/OnMouseUp.cs: 8843dc720c2d41766f5a994dc6634280 -> 83513bbf56baf9f9b411197fac1e3f4a
  custom:scripting/monoscript/fileName/AssetReferenceSearchFilter.cs: 0d9a2bf56884cd97f8140833268ffa3e -> 
  custom:scripting/monoscript/fileName/IInitializable.cs: 90c391ba14508aec0e7cc7aaf053e743 -> 8305710742b8c8c310f839d3d246f0b6
  custom:scripting/monoscript/fileName/CorePackageRegistry.cs: 3f8b8a1a754bcbf32e1631fc6067b47f -> 
  custom:scripting/monoscript/fileName/IPluginModule.cs: f65d07f8a1d29cf2cc03d7cd4b2bccd5 -> 0d8aaa1acc645f62852311f7a9232ade
  custom:scripting/monoscript/fileName/ScalarRound.cs: af26df7d003609f1f5292e5b5c0a4195 -> c06ec6fe2716516ce5b7b280befd3169
  custom:scripting/monoscript/fileName/SkeletonCache.cs: 5ca276688569fc781395b9e43bc077b9 -> 76be81bbb41f071a239ac83f71fea50f
  custom:scripting/monoscript/fileName/DisableImportModalToggleEvent.cs: a0ec5cb5f51d416bd0a31e977267e65d -> 
  custom:scripting/monoscript/fileName/Project.cs: f7472f193499a1456ca8392d2b4843fd -> 90647cc400823b41df847a6cbfc29026
  custom:scripting/monoscript/fileName/AndHandler.cs: 41236277c24dbcf1ef3a8c6be057b8e3 -> ab9a0811ea85c18363eb2354b44480d4
  custom:scripting/monoscript/fileName/Detail.cs: 953e1f571ffb3df953e2da9da0e20459 -> 
  custom:scripting/monoscript/fileName/FieldDefinitionDescriptorDto.cs: 92c34352f422f0f83620dc9fef707a03 -> 
  custom:scripting/monoscript/fileName/MeshToolbar.cs: 2dcf6a5b422ac4de5fedf471a5eda61d -> cbd04de2818e98a1b1a086fb50b3aefc
  custom:scripting/monoscript/fileName/MeshPreviewTool.cs: bab8706860b39a57c229ff8aa3441061 -> 4b87b7382adf9bfc41d47e9b4fd7c84b
  custom:scripting/monoscript/fileName/SwitchUnitDescriptor.cs: 8f6297df34271fdb1ce2d9607ec6261d -> 90647cc400823b41df847a6cbfc29026
  custom:scripting/monoscript/fileName/UnityOrganizationV1.cs: 202fa32fa70a6d9b0b74b5c00b1b741c -> 
  custom:scripting/monoscript/fileName/TriangulationUtility.cs: 1bd47f1cfe8a897647a50f94b792d511 -> f37e668bebf08418c78463c0454b51e5
  custom:scripting/monoscript/fileName/PlayerAccountSettingsProvider.cs: 57a71491b92571e0738c385166d69374 -> 
  custom:scripting/monoscript/fileName/FieldDefinitionBaseData.cs: 56116c0f6a2c2923e60475fd2d3ce225 -> 
  custom:scripting/monoscript/fileName/BoltFlowResources.cs: ad8a8a5d8c162d314d69e914b06061cb -> 9549146ea7eaaa480b01dabc58752d10
  custom:scripting/monoscript/fileName/EvaluationException.cs: a76832fccbad0416a0b1261ac3e2116b -> 341ff8c991e322d68cc16cd27bb06746
  custom:scripting/monoscript/fileName/Wizard.cs: f8457bca3bdbdc5480bfb37a232bf356 -> ea121c7f64c2dd8c51a067cc0f9ecb93
  custom:scripting/monoscript/fileName/IMeshPreviewBehaviour.cs: a9141f680330e18e74454a4e5c68ed8b -> 463a5bd4a52fbdbaead08e169939656b
  custom:scripting/monoscript/fileName/IQosResults.cs: b6881487c0f26ab46e2124c1d0e04307 -> 
  custom:scripting/monoscript/fileName/OnAnimatorIK.cs: b77893f255c48ee9ea1be12a11104ffc -> ba61f2ece54696959948bde6a6c01caa
  custom:scripting/monoscript/fileName/LabelProperties.cs: a40f6f033c094acbacbd77c3ca02394b -> 
  custom:scripting/monoscript/fileName/InitializationException.cs: a3d88b84e0e92944676f83afbf062670 -> 
  custom:scripting/monoscript/fileName/RenamedAssemblyAttribute.cs: 071ba2711c14b23550b4b6fa41a49ece -> aea37fa7d6d7c8befc95b026a9b67c7b
  custom:scripting/monoscript/fileName/IAccessTokenObserver.cs: b63bda9cbc64f15f0d3427f52571574c -> 
  custom:scripting/monoscript/fileName/FirstItem.cs: 38361c977a4724e98f4bd0b500c7323b -> ecb05f875a85a33e64abe8f5e52d1ff4
  custom:scripting/monoscript/fileName/IGraphNesterElement.cs: e716b96e5e7c1b9818317c1c45509fff -> 97849b2542ab85723a503c5689af89ad
  custom:scripting/monoscript/fileName/AssetDetailsTab.cs: 508f1eae7e8a309470f3d0d0f49c5132 -> 
  custom:scripting/monoscript/fileName/OptimizeAndConvertFreeTransformation.cs: fb55d3a6361788b28f407f912ce803f0 -> 
  custom:scripting/monoscript/fileName/IExternalUserId.cs: e86cbc4ee2ec705a01d2d8184f1aa316 -> 
  custom:scripting/monoscript/fileName/InvalidConversionException.cs: 4a955797098a51b53986390e6ed53e56 -> 38a81d6afe5cbe8aa75a357a3c375275
  custom:scripting/monoscript/fileName/AssetUtils.cs: f2faf7ad4b4b5b06d49e576afa8ccb42 -> 
  custom:scripting/monoscript/fileName/SkeletonStyles.cs: 66ec7e04697c1ae91711f23092ee955a -> 88573f69545604518ac07fc341c3ab35
  custom:scripting/monoscript/fileName/ExposeOption.cs: 744a18406b57a724acb42e47f5220c0b -> 1b042d21573b598dccefd09a1febef7a
  custom:scripting/monoscript/fileName/PageRequest.cs: 90647cc400823b41df847a6cbfc29026 -> 
  custom:scripting/monoscript/fileName/CloudAssetContextMenu.cs: 23ab20c5fc1dccfd5a3b13d74798c06b -> 
  custom:scripting/monoscript/fileName/ServicesInitializationEditor.cs: 9a8da73184df77ef11e2b6fd2f04d32d -> 
  custom:scripting/monoscript/fileName/IMemberInfoProvider.cs: 6135e7d5e337aa88a9cf4d3b587f700e -> 
  custom:scripting/monoscript/fileName/DivisionHandler.cs: 551efd7b9ea34df3d979205e90f8a355 -> 30de23b027e093a9d5b5c449190e1b9f
  custom:scripting/monoscript/fileName/GenerateWeightsPanel.cs: 21f6f9ed953a3c75a8ec7b5635f20624 -> 192c68a8b2c185366e3b4a803283ffbf
  custom:scripting/monoscript/fileName/PageManager.cs: 48a9823da1f2e4235c00b1d476b5ac5f -> 
  custom:scripting/monoscript/fileName/Plugin.cs: 5317672711210d60ee791ec8daf73a97 -> 02508bc60e41993fec72ccd4c1a01c3f
  custom:scripting/monoscript/fileName/OnMouseEnter.cs: 7b7d9400f5103957f488488dd0185f41 -> fddf2ad1e94573bd5a26130f852f2ace
  custom:scripting/monoscript/fileName/IEditorGameServiceAnalyticsSender.cs: 16523e3d16356ae30addab5eaf4685a1 -> 
  custom:scripting/monoscript/fileName/FindTightRectJob.cs: 07c37077daba16935ef2e66ec48250e4 -> 122c6064a5d104701a39dd238bdfe226
  custom:scripting/monoscript/fileName/IGraphElementDescription.cs: 3a99651c823cf431a931880874bf6737 -> 919eaddc500e44f663f556838405ae63
  custom:scripting/monoscript/fileName/UpdateLabelStatusRequest.cs: 227146090b9d7b2364e5337b6d704a42 -> 
  custom:scripting/monoscript/fileName/NesterState.cs: 8f6297df34271fdb1ce2d9607ec6261d -> 90647cc400823b41df847a6cbfc29026
  custom:scripting/monoscript/fileName/StaticActionInvoker_3.cs: 00afda585609cf7ea1abdfe57d498a6c -> 0bfaadd9c6343f03b56ac7e40b9c81b8
  custom:scripting/monoscript/fileName/DatasetEntity.cs: d45506df3f393ef7e9cc1ddefb0b2bdc -> 
  custom:scripting/monoscript/fileName/CCDSolver2D.cs: 0765f1a6c5a9b4204d3e8e13d0cded99 -> 0fcbd83578dc51f022b7d5fea57a16df
  custom:scripting/monoscript/fileName/Vector3DotProduct.cs: c409b0075cc1b648cf835153ba126dd7 -> 4729fe799b46b2dc9363cdb6fbb432d4
  custom:scripting/monoscript/fileName/IGettable.cs: 09345c550a8b88fa9d75cc7328a7af43 -> 2a40b7eb051a6dd0a2db33f3356074c0
  custom:scripting/monoscript/fileName/UnitAnalyser.cs: 8f6297df34271fdb1ce2d9607ec6261d -> 90647cc400823b41df847a6cbfc29026
  custom:scripting/monoscript/fileName/DeprecatedGenericAdd.cs: fde608ec705090d745519e3a6c74e473 -> 99110626bfc03ab908a399415fb93120
  custom:scripting/monoscript/fileName/SerializeAsAttribute.cs: cc75b5595857f743749d7d28996efd4f -> b3d41c8b5a9dfc4fff95f2562c660dfe
  custom:scripting/monoscript/fileName/ImportSettings.cs: 03b229597b4e9ac4b8940a1dff85751d -> 
  custom:scripting/monoscript/fileName/BaseTool.cs: 4d0544915e57cf5bf65462104dd540be -> 772460ef45f8b6d554836adc5678675a
  custom:scripting/monoscript/fileName/Acknowledgement_DeepCopy.cs: 90e13f0f7b7391f32478352a32324338 -> 10c006eb4ddfaf9680e66be440bcfe73
  custom:scripting/monoscript/fileName/SpriteLibraryDataInspector.cs: 28b0aff13e31d309c550902771cb286f -> 1c92da129cf6c177a003e905de30b58b
  custom:scripting/monoscript/fileName/AssetUpdateData.cs: 770f56cc31849b71718302f0ba8d45ec -> 
  custom:scripting/monoscript/fileName/OnApplicationLostFocus.cs: 80a44a1a81f17845ee7edc6d21d68a6c -> 30729d66eb247fd2effee7df15a76d17
  custom:scripting/monoscript/fileName/PlayerAccountSettingsEditor.cs: a957405097defdb9901105c5240fcac2 -> 
  custom:scripting/monoscript/fileName/DefaultAppNamespaceProvider.cs: 8c458dc1b3b73d786900d0a4253d68b4 -> 
  custom:scripting/monoscript/fileName/IGenesisTokenProvider.cs: 50bfadb838bad71e7f4f13ffd5046639 -> 
  custom:scripting/monoscript/fileName/IState.cs: d1c062b2c97ffce20e4a9392902df384 -> 7c9ac2e53b292d01497d551b0f0e43bc
  custom:scripting/monoscript/fileName/IDatasetCreation.cs: 80ec8a14db38f0cf19e6f57df136db8c -> 
  custom:scripting/monoscript/fileName/LinkerCreator.cs: 22c65a731cdb5b84e5ca032ffb938043 -> 1fd58178f5c5608304ce0c23e274aaa1
  custom:scripting/monoscript/fileName/SidebarSavedViewContent.cs: 6c18c92943af6216e17cf67d296222b2 -> 
  custom:scripting/monoscript/fileName/WarnBeforeEditingAttribute.cs: a2e15a635973d0073546d5ac630651bb -> 02da150354ba597a6a2bfc672e5d7b35
  custom:scripting/monoscript/fileName/ConversionUtility.cs: 591a225c95c1d061b753313b6cc24246 -> caa76cd9674baf4f645af6d6eb69f3a2
  custom:scripting/monoscript/fileName/UserIdConverter.cs: de123cd1797d7f23c5e005ec2787005f -> 
  custom:scripting/monoscript/fileName/FileEntity.cs: 8cbcb56ee138ce3cf4c3b9741c9586e0 -> 
  custom:scripting/monoscript/fileName/FuzzyOptionAttribute.cs: 7d8b60a0451bd0eb2f97f1b9c25c5409 -> 3d26ee85d27ff42f2ed04e5b1d0deebc
  custom:scripting/monoscript/fileName/AssetDataFileComparerByExtension.cs: 68bf03d4a381955a998d2046852089b9 -> 
  custom:scripting/monoscript/fileName/IEnvironmentId.cs: 26e3448d664cf5b5e38101bfbead1ab4 -> 
  custom:scripting/monoscript/fileName/ProfilingUtility.cs: 28afcab88593a586b29f75c8f2c79700 -> 7be72643df9bd8087214cf9cd41ca4fc
  custom:scripting/monoscript/fileName/LoadingIcon.cs: 28e53e009c64e15aa94614ccdea2acac -> 
  custom:scripting/monoscript/fileName/IDiagnostics.cs: 57266d83136060880a8bc854151a2f08 -> 
  custom:scripting/monoscript/fileName/IUnityServices.cs: abc5b758eed1a2c05dfbb253b9cdf1d6 -> 
  custom:scripting/monoscript/fileName/ControlPoint.cs: 2e23fa4ac9bade430240cb95ef24d6d5 -> 843d47173c4b7f80dc4e13a3682196ee
  custom:scripting/monoscript/fileName/LooseAssemblyNameConverter.cs: 40a06e678a523da85d1391cae9df7fd2 -> a6ce2e8d7feb120deeaf68afa323b8b3
  custom:scripting/monoscript/fileName/GenericDefaultControl.cs: 5f7ea3346188f05ca1329aca5a2ca4ef -> 4a07ce53df56bef2e4697f262945d140
  custom:scripting/monoscript/fileName/PluginPaths.cs: a1b39a6171d8f79ebc709026a2494765 -> 14e4ea7a67edbef41fe6dc40b801df45
  custom:scripting/monoscript/fileName/SpriteShape.cs: 73f694ba53f24e370d9a11751282cd74 -> aa8b71f66fb7040aaf56240e22f7b9f0
  custom:scripting/monoscript/fileName/Chip.cs: 2de089aa73bf2852d7001685d269c39b -> 
  custom:scripting/monoscript/fileName/IsSceneVariableDefined.cs: e47910d04db2976d05b0d339e632f19c -> 542fa547d20ee19854196541796a951a
  custom:scripting/monoscript/fileName/HttpClientJsonExtensions.cs: f720aa6c5efb88793bdafb3b53028fe3 -> 
  custom:scripting/monoscript/fileName/OnButtonInput.cs: 974fde0c7459d24d9dd7b61f9cbfbab1 -> 42adb6fda25a8011da15dd5b2f3a983e
  custom:scripting/monoscript/fileName/ReadOnlyAttribute.cs: 8b1b1443fcab4593cf7963916d05a58e -> 
  custom:scripting/monoscript/fileName/VariableDeclarationsInspector.cs: 823a0eb206d938a5bbff1e3c34a90230 -> 9902947f4869fb93df7df9f3def1050c
  custom:scripting/monoscript/fileName/Tokens.cs: 80bbcb99d65a82d2a4ee3af029fcea90 -> 
  custom:scripting/monoscript/fileName/HttpClientExtensions.cs: b99c29438e02aacc36f2d84f62b5300f -> 
  custom:scripting/monoscript/fileName/ILogOutput.cs: 582e169d44fd47b6616f015566e04520 -> 
  custom:scripting/monoscript/fileName/ComparisonDetails.cs: fb2d52664c5f439ca896e37415a2e2bc -> 
  custom:scripting/monoscript/fileName/ApiConfiguration.cs: 93b9d3a154a066b218838bce56ab52ef -> 
  custom:scripting/monoscript/fileName/TypeHandleInspector.cs: 26e27af56dc9be7009875d02190eaa53 -> 19047ee2e91c38f42d356e05bf98e634
  custom:scripting/monoscript/fileName/IApplicationVariableUnit.cs: b2201c95f0043b6278146cda2d4e741a -> 7f2eb3aede6a1a1b2f8e5bcfa2afcba9
  custom:scripting/monoscript/fileName/ScriptReferenceReplacement.cs: 09e6f93dc1ec5b82051e1cdd66845b3f -> eb8dbbca3804fc4231098df1ca49532d
  custom:scripting/monoscript/fileName/RetryPolicyHelpers.cs: 1af44e54b1afdfdffc0c3b75da19d819 -> 
  custom:scripting/monoscript/fileName/IncludeInSettingsAttribute.cs: 3831a0e5e404c6299a4e01c6261e042b -> c58072293b6e61ffab1cb5e0e284755f
  custom:scripting/monoscript/fileName/FullyQualifiedDomainNameServiceHostResolver.cs: 6f8c75d5dba344a172e55a0fd3a5de58 -> 
  custom:scripting/monoscript/fileName/SystemConverterContainer.cs: bdec785a88883dec09abdd8ddca1fdd8 -> eb4026ea01a117ce0888f693e9eed2cd
  custom:scripting/monoscript/fileName/ThreadableAssetWrapper.cs: 8f6297df34271fdb1ce2d9607ec6261d -> 90647cc400823b41df847a6cbfc29026
  custom:scripting/monoscript/fileName/AuthenticationAdminClientManager.cs: 42f19b750641a1bec4304433b128a9d2 -> 
  custom:scripting/monoscript/fileName/IScopedServiceProvider.Gen.cs: a3e3117c2208173e411da686f8072dfc -> 
  custom:scripting/monoscript/fileName/PackageRegistry.cs: 084618e5fb4441b39eee335cbd095e50 -> 
  custom:scripting/monoscript/fileName/StateTransitionDescription.cs: 95481ee40e3f08905782112c69d587ab -> 907bd6b56620b3d022216d48907add1f
  custom:scripting/monoscript/fileName/NesterStateTransitionWidget.cs: 8f6297df34271fdb1ce2d9607ec6261d -> 90647cc400823b41df847a6cbfc29026
  custom:scripting/monoscript/fileName/FieldDefinitionExtensions.cs: 9f02f6eea81e45753b2166ac00890e10 -> 
  custom:scripting/monoscript/fileName/XmlLinkedAssembly.cs: 997f803bab31374df714b0d6f004c82e -> 
  custom:scripting/monoscript/fileName/AssetLabelRequest.cs: 580bb1a82ddb96ffb280776c666c5a7e -> 
  custom:scripting/monoscript/fileName/GraphContextMenuItem.cs: 6a9029fdb63026a08da479ecf05988fb -> 58b8b357fd045328946e4de5c56243c8
  custom:scripting/monoscript/fileName/StatusFlowQueryBuilder.cs: 88728e12f5560845b08f92bd94f29515 -> 
  custom:scripting/monoscript/fileName/ApiRequestPathBuilder.cs: 1d485eb48ac34b38a0c7ae2a3f2918ee -> 
  custom:scripting/monoscript/fileName/PointRectSelector.cs: 6290f967c1efb37e351901df2d653996 -> 17548335647f0d06cc1f17d81c223b2d
  custom:scripting/monoscript/fileName/PackageEventListener.cs: bb79233071fee5b5453c7f100bb3ec5c -> 8c47b1e70c8f76ff4418e2693200622c
  custom:scripting/monoscript/fileName/Vector3Normalize.cs: 7c121213dd9bb0d1cedf11f67135f2aa -> ccca8e18348ec80ae1c47da7ce91d5e2
  custom:scripting/monoscript/fileName/GUIStyleState_DirectConverter.cs: 8f09b9b32b534f840e72a25a4bf52b5f -> 4dc0df8dca9d287a3e4298ac48b721fd
  custom:scripting/monoscript/fileName/ScriptableData.cs: 8f6297df34271fdb1ce2d9607ec6261d -> 90647cc400823b41df847a6cbfc29026
  custom:scripting/monoscript/fileName/FlowGraphEditor.cs: 2d0e590dce2a705ba2153b71663271df -> 5e18b887856fbbf9a1d26915ab797104
  custom:scripting/monoscript/fileName/Migration_1_2_2_to_1_2_3.cs: ce79fb9ccb7f3bea4d2b74542b183956 -> cc8e5a64929517b8f4beaf092f49f4b4
  custom:scripting/monoscript/fileName/LudiqRootObjectEditor.cs: 255bc58be1747b11d005ba75f9c60fbd -> dbca3da66d7ae6f7b5fb8e0546b7f1bf
  custom:scripting/monoscript/fileName/SignInWithAppleGameCenterRequest.cs: bf5e53eec533a47bf68ac4b24c859ebe -> 
  custom:scripting/monoscript/fileName/Unselector.cs: 8f6297df34271fdb1ce2d9607ec6261d -> 90647cc400823b41df847a6cbfc29026
  custom:scripting/monoscript/fileName/Vector3Absolute.cs: b7f8b8c4b6d6e3456589426184e3b976 -> 77ae79a1e28d5b5e928c2dba0fa1566e
  custom:scripting/monoscript/fileName/UnityTypeFilter.cs: 52c75b4e12decad3dffe6edf27dc3197 -> 
  custom:scripting/monoscript/fileName/AllAssetsPage.cs: fb312657d45de729aed57e9e58f4e9cb -> 
  custom:scripting/monoscript/fileName/FuzzyOptionTreeExtensionProvider.cs: 2a51c68c7db2376db69956709ca5854e -> 397f812401b0a617ddcbd2abd51c8fc2
  custom:scripting/monoscript/fileName/AssetReferenceDescriptorDto.cs: c7f8f9f88d7f396108e29247579840d3 -> 
  custom:scripting/monoscript/fileName/Null.cs: f0960cf935addd87eed29d95cda6f244 -> f21d09af01a1562156a2b42c414d9b4f
  custom:scripting/monoscript/fileName/EqualityComparison.cs: 1f9b972ae13434a902540a322ca11944 -> 2ba4250e8fecd0cb87a9e168f02dd36b
  custom:scripting/monoscript/fileName/UploadEdits.cs: bd2a7bdfaa241a36b6f369bfd39713e5 -> 
  custom:scripting/monoscript/fileName/SpriteBoneInfluenceTool.cs: 9029d0c2651f416a271dbb190245c53b -> f6d82955b82fa978e34b33b95fc1c745
  custom:scripting/monoscript/fileName/SharedEditorTextureDictionary.cs: af14d51dd21679e1e3c3764c80f52f84 -> 6cbe15d0001aa01fe0535689a7f8dd1c
  custom:scripting/monoscript/fileName/NetworkHandler.cs: 31714251feae50ccd176b841dbb4f84e -> 
  custom:scripting/monoscript/fileName/CoreMetrics.cs: ba96eafc8557f10e49a5a2dab28be8c2 -> 
  custom:scripting/monoscript/fileName/UnexpectedEnumValueException.cs: 8f6297df34271fdb1ce2d9607ec6261d -> 90647cc400823b41df847a6cbfc29026
  custom:scripting/monoscript/fileName/UnityServicesDomainResolver.cs: abb7c49fe3e5a899fa3c7c0a7933ce75 -> 
  custom:scripting/monoscript/fileName/IntInspector.cs: 76cd3649b642f71287707573d24724de -> 4f6c9bc2b89ebf4c7fc1cb5da6209ba5
  custom:scripting/monoscript/fileName/ValueInputDefinition.cs: 8aadb205a3d40fd2c7e3ad099517ce27 -> 3ea2a27cf2e492c721a82a6cc87254ef
  custom:scripting/monoscript/fileName/ServicesInitializationEvents.cs: 223f9edfffeabcf11135ebfb5e966647 -> 
  custom:scripting/monoscript/fileName/AnimationCurveCloner.cs: 91eabac14d58071cbaf7cd8117bbdb95 -> a5342e8392dde2baaefd95762023f036
  custom:scripting/monoscript/fileName/AssetTab.cs: 3d3d7c4ca04e015ea822d06e56906ec1 -> 
  custom:scripting/monoscript/fileName/ScalarSubtract.cs: 49131050014ecbda51b44d41f91f12ea -> 4d342539ad07cdbf38854e1e63fca318
  custom:scripting/monoscript/fileName/ReadOnlyMetadataContainerEntity.cs: 59c8c54c9ffc74d553001aa58f1e5505 -> 
  custom:scripting/monoscript/fileName/DraggedListItem.cs: 4d8573a04e4ab099f4012b43c9b302be -> 15c6dc8662e50a2c48bbb78b51122915
  custom:scripting/monoscript/fileName/SessionTokenRequest.cs: e551110361ae2242296355e5b4792233 -> 
  custom:scripting/monoscript/fileName/BaseAssetDataFile.cs: c975e7af4acb4814923eb3037c583fa9 -> 
  custom:scripting/monoscript/fileName/ListSearchCriteria.cs: 90647cc400823b41df847a6cbfc29026 -> 
  custom:scripting/monoscript/fileName/BoltAnimationEvent.cs: b0e36f399f8b823a85e08b911e3937ad -> 5188f254e0ea75485e408b79649784d7
  custom:scripting/monoscript/fileName/GenerateCodeResponse.cs: c9de36e937d50b48b49fe23f5b73dab0 -> 
  custom:scripting/monoscript/fileName/AppleGameCenterConfig.cs: 3fc356fc865be691659b07b088a01464 -> 
  custom:scripting/monoscript/fileName/Sum.cs: 8f6297df34271fdb1ce2d9607ec6261d -> 90647cc400823b41df847a6cbfc29026
  custom:scripting/monoscript/fileName/SuperStateDescriptor.cs: f6356543e5654a03fc5f37c7bd9b1d13 -> 9ba4e164fc95d463882c2da9b31b3bf1
  custom:scripting/monoscript/fileName/SubtractionHandler.cs: 9f9ca1a3661962582015ae9de65535aa -> ae669ac7a5120211f12edcd3a44a8471
  custom:scripting/monoscript/fileName/InspectorExpandTooltipAttribute.cs: a0931ec3ce140091885b354e74aaca6c -> 02e2ae2eff176ceefe87f213a3470761
  custom:scripting/monoscript/fileName/StateTransitionEditor.cs: 0e69e250117e8618c09092516bf7290d -> 8f992c0ee7db42a285b2e4c8b8be57fb
  custom:scripting/monoscript/fileName/SettingsUtils.cs: 1786d4712156319820f2e77b6b75c753 -> 
  custom:scripting/monoscript/fileName/ReferenceEqualityComparer.cs: 7ecd9ac7d8fe3ca99dbf7f3f8dcbb684 -> 03709002c7ba981b3504ad5c866b0c92
  custom:scripting/monoscript/fileName/InternalEngineBridge.cs: 7ce536d607ae174f434530cd14ca186d -> f60b8c31fd032cd3dc3869e6eb10723c
  custom:scripting/monoscript/fileName/ServiceFlagRequest.cs: 81cbfe44ade2ec4f46d5579d02db90c8 -> 
  custom:scripting/monoscript/fileName/GetListItem.cs: 95b0f783c14d4db08f282e49ff2e40dd -> ee9f80be37c63d674a257e1c65ffee54
  custom:scripting/monoscript/fileName/SavedViewAppliedEvent.cs: 1c4154deb2e51463e82b101d2d63d90b -> 
  custom:scripting/monoscript/fileName/Changelog_1_4_4.cs: 39baa55cf2b16dc57458b2c124b27e47 -> 926e953e8cc6bc2ab2f8d30dd0f6e2c5
  custom:scripting/monoscript/fileName/UnknownEditor.cs: a00ed40979ee012b307a7df4ea80a456 -> 0c11bf55370ac4567d25a7533b0a3532
  custom:scripting/monoscript/fileName/IAttributeProvider.cs: 1ed5d2581fc6e1aa581e30392c7c05a3 -> 6c7ccc20e21b1e7368c4c2a7fc463762
  custom:scripting/monoscript/fileName/Tess.cs: 54fb8f41960a1c6a4329d78d832fd3fb -> d6e704c26cbdf79cd2e61c6d62c120b6
  custom:scripting/precompiled-assembly-types:Unity.AssetManager.UI.Editor: a0f219aefc413a61ea5fa3ec6204c910 -> 
  custom:scripting/monoscript/fileName/HttpRequest.cs: 32f191459fcac54e96d5c4ad496a3ed5 -> 
  custom:scripting/monoscript/fileName/ValidationResult.cs: 12d4a9b1790e80408d1518f479a1a01f -> 
  custom:scripting/monoscript/fileName/Changelog_1_0_5.cs: 07f7e1cb515cacfa7c1633854271bb37 -> 4150fe1aca458ced1658f65ad098e9e2
  custom:scripting/monoscript/fileName/IFieldDefinitionBaseData.cs: d9c2d7e0d86621ac3f7dda90600861e5 -> 
  custom:scripting/monoscript/fileName/LogicalExpression.cs: 29b321fdfc491d98d2ec180278851986 -> 5e96791f7c6e0f967ad341d3f9e7ca2a
  custom:scripting/monoscript/fileName/Vector3Minimum.cs: b50e818a04f8ef93ae7898c25f8f7849 -> cb3d1a6e7a21ec90279421e2c248ac45
  custom:scripting/monoscript/fileName/ProjectIconOverlayToggleEvent.cs: 3cc3514f730d0bf50ace7bdb46a55a8a -> 
  custom:scripting/monoscript/fileName/Break.cs: a1204d362d02eeae7a311a63ea786e24 -> 6baef2e9841857029a7b514d0b53e444
  custom:scripting/monoscript/fileName/NonNullableList.cs: 8f6297df34271fdb1ce2d9607ec6261d -> 90647cc400823b41df847a6cbfc29026
  custom:scripting/monoscript/fileName/Assignment.cs: 04cab4305cbd7af64edd24674ffc884f -> e7e95b15b1817de1e276ec84e96c85f7
  custom:scripting/monoscript/fileName/ObsoleteNavigationWindowMenuEntry.cs: 4e6e880c198acc644c2491c8b716b9b6 -> c7f73386e6473f401a8e4151cac4e1e5
  custom:scripting/monoscript/fileName/UnityProjectV1.cs: 33ee54c3546ae8cbce557ab2aca1756e -> 
  custom:scripting/monoscript/fileName/ITriangulator.cs: b645f56b5781ae176350e05a26bd460f -> 028faebe5635de2227b58d4d8a1f6b31
  custom:scripting/monoscript/fileName/IAssetCollectionCreation.cs: dd3e9dc120ea5899e3a7fafe3760c262 -> 
  custom:scripting/monoscript/fileName/GridView.cs: 4bdccadbbf63c6e8d709aab31dc93790 -> 275ce35cebaa0ffedd3f50786271a502
  custom:scripting/monoscript/fileName/IUnitPortCollection.cs: 8f6297df34271fdb1ce2d9607ec6261d -> 90647cc400823b41df847a6cbfc29026
  custom:scripting/monoscript/fileName/AssetManagerWindowRoot.cs: e2ca4cc355576b03528be8a3a1cb1dee -> 
  custom:scripting/monoscript/fileName/DatasetCreation.cs: 305e9ab4da596fa583bf0d21d6e7acfa -> 
  custom:scripting/monoscript/fileName/ProjectState.cs: 5da9c4bc1768108d8af5cc6cbfdc9de1 -> 
  custom:scripting/monoscript/fileName/LogicalExpressionVisitor.cs: c8cf222df52e146e9127c5debc2b6a29 -> 7ad6c0a2361c92995ce47b94df0e8ee0
  custom:scripting/monoscript/fileName/UnityServicesInternal.cs: 5ea85354f5b78172e34fac25411fe7cf -> 
  custom:scripting/monoscript/fileName/PreserveDependencyAttribute.cs: 7b33b3b969409f6a38fb0affb51f2db7 -> 
  custom:scripting/monoscript/fileName/DictionaryIndexMetadata.cs: c810462e9ceb9729f95d08ad7697c322 -> ef55ee14ba05f4a44732f2b231dd75a5
  custom:scripting/monoscript/fileName/SetApplicationVariable.cs: d20df75dbf1a91143e55ad55bce511ca -> 0874aeab6e96086eba422e3bb25b4b4e
  custom:scripting/monoscript/fileName/IGraphRoot.cs: 600b4fa4f6a6e072c13a0731fcb56540 -> 7b5f7ab785fb255f0d4a45712305b73d
  custom:scripting/monoscript/fileName/Deque.cs: 90647cc400823b41df847a6cbfc29026 -> 
  custom:scripting/monoscript/fileName/Migration_Asset_to_Package.cs: a1349e70529cbaa8c407c647625a63a1 -> da62b40d2bf1cca217e168a983d83d45
  custom:scripting/monoscript/fileName/ArrayCloner.cs: cd8cc98eeb1473600d1ca6125d6f6a64 -> 3d79942e0d6ae60d675fd4255ca0a51c
  custom:scripting/monoscript/fileName/GraphConnectionCollection.cs: 8f6297df34271fdb1ce2d9607ec6261d -> 90647cc400823b41df847a6cbfc29026
  custom:scripting/monoscript/fileName/EditorApplicationUtility.cs: 8a01c583d6d9a0372132a355dd35bdcc -> 89a9e7853623fde37250c7b52c5c383f
  custom:scripting/monoscript/fileName/UnitDescriptor.cs: 8f6297df34271fdb1ce2d9607ec6261d -> 90647cc400823b41df847a6cbfc29026
  custom:scripting/monoscript/fileName/BoltStyles.cs: de727eb400cc0e61432ab5cb118d2bb3 -> 6080f99b232e5f87799aeb1ead99b8a0
  custom:scripting/monoscript/fileName/FieldDefinitionOrigin.cs: ca3e53c20eea949c7c5d136622d33e51 -> 
  custom:scripting/monoscript/fileName/AssetUpgrader.cs: ce933307dc011ab88c95710f2b2cb8f8 -> e2207e88d445ab6d00cd6a78bf16f7eb
  custom:scripting/monoscript/fileName/StaticActionInvoker_5.cs: 00afda585609cf7ea1abdfe57d498a6c -> 0bfaadd9c6343f03b56ac7e40b9c81b8
  custom:scripting/monoscript/fileName/SearchStringValue.cs: bf6dab842a05dffff1c1e8ef7e671f0c -> 
  custom:scripting/monoscript/fileName/IWire.cs: 30c1d87985bae6279501282a5e19ad84 -> 
  custom:scripting/monoscript/fileName/ImportedAssetInfo.cs: 5bd4239662f5155eaead1d066734c496 -> 
  custom:scripting/monoscript/fileName/Changelog_1_1_1.cs: 75719c83ea2d3e19ff312c8e06f99986 -> e7e174c7d2e5d778534b53e97afc914b
  custom:scripting/monoscript/fileName/UnityOnBecameInvisibleMessageListener.cs: e1cd08d20fa84da7b0f63b5653b2224b -> 3bb17e96a6139f2e09cacde8e35091ca
  custom:scripting/monoscript/fileName/InvalidOutputWidget.cs: 21cb9f96696837a4cf1977b91c065a4b -> 9a98214a8b039a726a61b396ffd5ab4d
  custom:scripting/monoscript/fileName/BoltUnityEvent.cs: 2fd5c63b1e194d7b510dc52ea439a61f -> 4f2e60daa216190b8a5a8cc2e8c78054
  custom:scripting/monoscript/fileName/UnitySynchronizationContextGrabber.cs: 1b27fbc5c2b2e2975a76caafeebcc345 -> 
  custom:scripting/monoscript/fileName/IMetadataContainer.cs: c88c4fd8ab53d897cb71ae3f11248d8f -> 
  custom:scripting/monoscript/fileName/ScriptReferenceResolverSettings.cs: 685171b5f74927e7c4c804a143ab7ac0 -> c29462cca9fa5e34fcce3501ebee894d
  custom:scripting/monoscript/fileName/ISelectionFieldDefinitionCreation.cs: 7d017c61a6f410537e29783e917bc1e5 -> 
  custom:scripting/monoscript/fileName/IMacroDescription.cs: f1005b556a79936005b423e046a2b706 -> 96b826c96779a4567de28fd2d70da914
  custom:scripting/monoscript/fileName/IUserInfoProvider.cs: 6ec68af8feb8afc18369762984464a9d -> 
  custom:scripting/monoscript/fileName/SystemConverter.cs: 7cde37e2d29752cb5e16f9b46b9ba9df -> c748d1769fc66e95256254a1cc1497f3
  custom:scripting/monoscript/fileName/UnityGetEnvironments200Response.cs: 337f99d16b0b96efb2206d69acad4db0 -> 
  custom:scripting/monoscript/fileName/OnCancel.cs: 5da92b52bb418014107ed86211662d9c -> 13971c1e22a1359b04b1ffbbd800d55d
  custom:scripting/monoscript/fileName/SwitchOnEnum.cs: 9c012826de43ce921cd34d15435bdacc -> 14c168c9733103bd850eaab99ee9d667
  custom:scripting/monoscript/fileName/OnCollisionExit.cs: f6950c498da28bc9736b2ae854bab1e9 -> b3e6f1a4e66abc9bcd68a1f755e18c9d
  custom:scripting/precompiled-assembly-types:Unity.Services.Core.Environments.Editor: af3b9d0f3823f38d1d2cc22aa83bd019 -> 
  custom:scripting/monoscript/fileName/BinaryComparisonUnit.cs: 6bb07352488785fd29cba60715f78a80 -> 2dfc8f9585f845c35c3d3c3c2f7396ec
  custom:scripting/monoscript/fileName/ISerializedPropertyProvider.cs: 01888c69bde167f471c1bd26cd85ada9 -> d470c13b32615d95a9aceaae737366da
  custom:scripting/monoscript/fileName/ColorPalette.cs: 6755d99bc0d6e8542c4d72195bbc034e -> b6e5c149eac810eae44b02c730ce4857
  custom:scripting/monoscript/fileName/NesterUnit.cs: 8f6297df34271fdb1ce2d9607ec6261d -> 90647cc400823b41df847a6cbfc29026
  custom:scripting/monoscript/fileName/FileDescriptorDto.cs: e8249d9b24c1a61a4b4618e87609f2bf -> 
  custom:scripting/monoscript/fileName/SearchNotValue.cs: 52213c8ed779f758102ec85a9a72fd55 -> 
  custom:scripting/monoscript/fileName/MetadataListAdaptor.cs: 94de152e0cb4f2599cc91afc6e5d6ffc -> 1dc4dfea189f413553a1bc21b83c6e02
  custom:scripting/monoscript/fileName/AddFileReferenceRequest.cs: a6cae1c3af449bbe552b5e9dcb9ae439 -> 
  custom:scripting/monoscript/fileName/MetadataDataSource.cs: b79b090d6ca1fe37963f2b4873ca9af9 -> 
  custom:scripting/monoscript/fileName/IGraph.cs: 0e9a219824f8b14de2f696a244bc4829 -> 307375f15c9f9aa1c5b91ad75b816f9a
  custom:scripting/monoscript/fileName/IFileUpdate.cs: 9142c109485186808d61f3913aa7d0ac -> 
  custom:scripting/monoscript/fileName/LabelMapper.cs: d6109c9a138e1bc926d7fbe7ccd6d531 -> 
  custom:scripting/monoscript/fileName/EventMachine.cs: 8f6297df34271fdb1ce2d9607ec6261d -> 90647cc400823b41df847a6cbfc29026
  custom:scripting/monoscript/fileName/IPlayerName.cs: ba66ec6098d77e1400c48b4442573e06 -> 
  custom:scripting/monoscript/fileName/SidebarSavedViewItem.cs: 32e9d69ee9c33e4555881803f88141a4 -> 
  custom:scripting/monoscript/fileName/OperatePackageVersionConfigProvider.cs: 67b4bf8d5d449d0353b963ad0e103a72 -> 
  custom:scripting/monoscript/fileName/AssetFieldContainer.cs: df05254384f9e9b0283acd4a4a659031 -> 
  custom:scripting/monoscript/fileName/ConnectionCollection.cs: 8f6297df34271fdb1ce2d9607ec6261d -> 90647cc400823b41df847a6cbfc29026
  custom:scripting/monoscript/fileName/FileData.cs: 85aabd5afc5beadfffa062f756d541a0 -> 
  custom:scripting/monoscript/fileName/IWeightsGenerator.cs: 22a481eaecd1703ce595f11efd8e991e -> a01ac31298e47d5c76f3d43eb3217683
  custom:scripting/monoscript/fileName/StorageUsage.cs: 1790179b184b8199c5be9b00790240ef -> 
  custom:scripting/monoscript/fileName/LessThanHandler.cs: 18b467aa3d11ebab4c965a246e5dd328 -> 628366f2d24812b993d9219d2fdd7227
  custom:scripting/monoscript/fileName/IdentifierExpression.cs: 036b41f8db01aad5e7a51073039624bf -> 26eac802b268c3c4e949a612d36881bc
  custom:scripting/monoscript/fileName/IEnvironmentsApi.cs: 10309d62b29707db950e5d0457e82d84 -> 
  custom:scripting/monoscript/fileName/ILabelUpdate.cs: 6e6ebc0bd3b45cbba784d061c9639052 -> 
  custom:scripting/monoscript/fileName/ScalarSum.cs: 79ae4341057c5758198ada2d881ba903 -> 91309a6ecca747b768df68a06e63b21f
  custom:video-encoder-webm-vp8: eb34c28f22e8b96e1ab97ce403110664 -> 
  custom:scripting/monoscript/fileName/FixedUpdate.cs: 0fca43ae94a25868fabecf1147e1add7 -> 48944f26d175753c1fe695017c1081b0
  custom:scripting/monoscript/fileName/TexturePlatformSettings.cs: a41303d4fd795d0f93ce0f2d0eacc7b0 -> 7d8146c223abbe3dd740ca50a7dc9942
  custom:scripting/monoscript/fileName/LooseAssemblyNameInspector.cs: 5748a61dd66a7d34427db2f3e21549c3 -> 5c054d3c90d9a8a2342243becb62c69f
  custom:scripting/monoscript/fileName/Vector4Sum.cs: 2fca2c7422b4cdf58ad2ec790d47ebf4 -> 2749bbc56d197dd91ec6d6ff35cd03eb
  custom:scripting/monoscript/fileName/UserRoleRequest.cs: 8307bdf9d05c66d6ad5318e52408710f -> 
  custom:scripting/monoscript/fileName/IUnitPort.cs: d16f2a65d5f605c3cd95bdabf1e96bf0 -> 69976981ce694ef656ac410b9e4ffe20
  custom:scripting/monoscript/fileName/EditorTimeUtility.cs: c0349f84615413359a2d591385d849b9 -> edcc6901821ea7580623902b265d2282
  custom:scripting/monoscript/fileName/AssetRepositoryFactory.cs: d975de8c8be6541c95cd19c9376a3186 -> 
  custom:scripting/monoscript/fileName/InvokeMember.cs: 215043510a9e522ee8fce6a68a0e3f7a -> 99dbacbac94efba175497e8f0126fc20
  custom:scripting/monoscript/fileName/OnDeselect.cs: 586116cc8fe9f3cc89fc2de1d1e89e32 -> 31c85c9b4f0f51fb7f22792143a752f4
  custom:scripting/monoscript/fileName/IApiClient.cs: ab8bee823793f486a21c09059465c539 -> 
  custom:scripting/monoscript/fileName/InvalidInput.cs: 83c486640f1c5a6addbcae8609325248 -> 844a0b5c0a02789d1eb31df798b9f4d0
  custom:scripting/monoscript/fileName/TokenExchange.cs: bbd1ed03e8e3970b0887123f043469e1 -> 
  custom:scripting/monoscript/fileName/HttpRequestExtensions.cs: 35b1178ed1fd55cb1029b0abb50d01fc -> 
  custom:scripting/monoscript/fileName/DatasetMetadataDataSource.cs: 40ad93effff7231a4250bbf28cd3ed61 -> 
  custom:scripting/monoscript/fileName/Changelog_1_4_7.cs: 0780f2d66f26cabb1ba196f25deda2f8 -> f990e09ab389d616eeb4f199f7ec4168
  custom:scripting/monoscript/fileName/MultiSelectionMetadataFilter.cs: 8963d67d0fe1599d4352aa710e15359d -> 
  custom:scripting/monoscript/fileName/IdProviderRegistry.cs: f5d455ad317e9aeccad9932dd9666130 -> 
  custom:scripting/monoscript/fileName/ApiRequestOptions.cs: 9a118c2bc1ecd9fc1d354a37ab0a64e4 -> 
  custom:scripting/monoscript/fileName/UserRoleClient.cs: 7cb9a24ca4555e83cb355dad138297b5 -> 
  custom:scripting/monoscript/fileName/GenericPool.cs: 8f6297df34271fdb1ce2d9607ec6261d -> 90647cc400823b41df847a6cbfc29026
  custom:scripting/monoscript/fileName/UnifiedVariableUnitWidget.cs: d697538863eff382f5000bd783246b34 -> 84263f0f30879cadcfab2cf6d0f0b8f7
  custom:scripting/monoscript/fileName/UnityOnPointerClickMessageListener.cs: c8191d6a126d3d943fd5001804b14999 -> 93bc39601fd713e976fc1def4b1a622a
  custom:scripting/monoscript/fileName/EnvironmentIdentifier.cs: 39ee00a0ac13884055f18f6371bacd6d -> 
  custom:scripting/monoscript/fileName/ExternalLinkClickedEvent.cs: a6bad908a93e0f9f56c7fe28c0b3a7e8 -> 
  custom:scripting/monoscript/fileName/EnvironmentsConstants.cs: 24e9760363ef695978ba684e5d610a82 -> 
  custom:scripting/monoscript/fileName/CircularDependencyException.cs: d18ff671dcc1259992ffc320a2699238 -> 
  custom:scripting/monoscript/fileName/IReadOnlyObservable.Gen.cs: 90647cc400823b41df847a6cbfc29026 -> 
  custom:scripting/monoscript/fileName/AssetDataSelection.cs: 4ce38ae656aa05ff7fe23ca53d8180f4 -> 
  custom:scripting/monoscript/fileName/XFlowGraph.cs: dfd72e6046bcab528c040023e6ea6a11 -> 50d229683d655950f6a191ff139b5e38
  custom:scripting/monoscript/fileName/WindowDockedEvent.cs: a22bbf020be2cbe9ea1b41404d7f7996 -> 
  custom:scripting/monoscript/fileName/SearchFilterChip.cs: ebc83ceb85378f7e67a3370b3c8e375a -> 
  custom:scripting/monoscript/fileName/CollectionInfo.cs: 77a5a326efae8ae520f3cba5ba0d48f4 -> 
  custom:scripting/monoscript/fileName/LabelEntity.cs: 4fdcf121af92cc7b0ea83887a7446ef0 -> 
  custom:scripting/monoscript/fileName/PathEditorToolExtensions.cs: 0a52f8d337c22e6b086259d74685574a -> 902650c2916d507807b40f13195e7264
  custom:scripting/monoscript/fileName/LocalStatusFilter.cs: 045283e3dcdad463b30fa11d667ad3a5 -> 
  custom:scripting/monoscript/fileName/StateMacroDescriptor.cs: 797dfd793de83035c706de839d14fbfb -> ae1f7e65268b517774feeacfc3535e8e
  custom:scripting/monoscript/fileName/AssetReference.cs: 5d1862a8b4917c549d43fc64561a3a7a -> 
  custom:scripting/monoscript/fileName/LimbSolver2D.cs: ccef782cdbe5a614abbd07088e15a331 -> 70bfe2148c4b302b42dbb45c2e1ed44a
  custom:scripting/monoscript/fileName/UploadOperation.cs: f38f4bb0bb894045d6c7596aa854eaec -> 
  custom:scripting/monoscript/fileName/StickyNoteInspector.cs: 84500ad57fe2debbd9ddccbfcaa19ae2 -> 3356f0430ac296296a80d9fa025b1ab9
  custom:scripting/monoscript/fileName/SelectOnEnumDescriptor.cs: 13c4bacc5fba288cd5750e95ec722185 -> beb9e806d3b625d9e611405e56550eb2
  custom:scripting/monoscript/fileName/ReorderableListStyles.cs: 262082f61bd5f31c28cdce39974ef9dd -> 0716305e929a3c348dbfc00d50b38405
  custom:scripting/monoscript/fileName/ValueExpression.cs: 7a2415514aca03b3db10e6efe6fea8b9 -> 0d2b44d07d0809948695a80eeb14b7c9
  custom:scripting/monoscript/fileName/BoltFlowManifest.cs: 4cd004a1687e439363e7a41509e8095b -> 40187565b7f37798a3382741addacd8d
  custom:scripting/monoscript/fileName/GUIState.cs: d3a3f4b84ba549124d0fdc1cc28e49ea -> b851414ba9f886dd1cbcc5e3222f51ec
  custom:scripting/monoscript/fileName/IFieldDefinitionCreation.cs: 012895017c827c55a22f7c03ce73ea05 -> 
  custom:scripting/monoscript/fileName/ProjectBindRedirectPopupUI.cs: e3fb92bd3ee82c9407053c4d3860bb4f -> 
  custom:scripting/monoscript/fileName/InstanceFunctionInvoker_0.cs: 8f6297df34271fdb1ce2d9607ec6261d -> 90647cc400823b41df847a6cbfc29026
  custom:scripting/monoscript/fileName/DeprecatedScalarAdd.cs: f8a3ea8495f275e1c06cd746eebcaadf -> 6211e0edffb1286ffbe83c5e45c7a200
  custom:scripting/monoscript/fileName/IFileBaseData.cs: 0de0456520de87984d47f7c438e6c447 -> 
  custom:scripting/monoscript/fileName/RemoveMetadataRequest.cs: 8ae3a5dea85d6651f499e1f7d655ab91 -> 
  custom:scripting/monoscript/fileName/AssetDescriptor.cs: 654855ab2c409b45af792b45397d6262 -> 
  custom:scripting/monoscript/fileName/IAssetDataSource.Collection.cs: f0c055dbd074357048b04069d34f7f97 -> 
  custom:scripting/monoscript/fileName/Cache.cs: 4bf0c40cc5365a04e8c3e416f67ead0d -> 981f908a9626dd7a95f3d9381e055d32
  custom:scripting/monoscript/fileName/InternalEditorBridge.cs: fdc2b01fe88c32cee2ac3ce7ff3a30d8 -> a93027087e5979de85bf0d1a6c8a88c4
  custom:scripting/monoscript/fileName/AccessTokenComponent.cs: d4d4c661bc66fd2b56646e47d869d7cb -> 
  custom:scripting/monoscript/fileName/UnityOnInputFieldEndEditMessageListener.cs: 9d35abb8e08589519d58d2a987b4e001 -> aa612c731093c33dd86d568de38eeb59
  custom:scripting/monoscript/fileName/EditorUtilityProxy.cs: ea2b3ee5edbf3b4493fcf455648281a7 -> 
  custom:scripting/monoscript/fileName/PortKeyAttribute.cs: 6aa7d0b7c93b5cc2536199fb9f135e17 -> ab69500ac5ad8c854e3c977c75b57847
  custom:scripting/monoscript/fileName/IWebSocketClient.cs: 7df16f6465aab11c2a88bb98f2ebc259 -> 
  custom:scripting/monoscript/fileName/TransformationEntity.cs: e953b42a55320d3c52a760e88718bd30 -> 
  custom:scripting/monoscript/fileName/ExternalUserId.cs: 838ec18be418bafff07b93f14174c00c -> 
  custom:scripting/monoscript/fileName/OnApplicationPause.cs: d4caefb6435e73de75248bc1ff9d4ff6 -> a07feef69a9234b303269da8fede7a17
  custom:scripting/monoscript/fileName/ISidebarPanelContent.cs: fd0118eab205b6e6366fc002f96a602e -> 58c16fab395ce95bd5684f5d6c59ddd0
  custom:scripting/monoscript/fileName/LinkFileGenerator.cs: 51b5323d52299fec9236d04721b91f22 -> 
  custom:scripting/monoscript/fileName/ISnapping.cs: 8f6297df34271fdb1ce2d9607ec6261d -> 90647cc400823b41df847a6cbfc29026
  custom:scripting/monoscript/fileName/BinaryExpression.cs: ac7541a5546cb3078dc01caf64c3a8ac -> 3bead2df8ad6e5d470316b0b2eb12a84
  custom:scripting/monoscript/fileName/InstanceActionInvoker_5.cs: 8f6297df34271fdb1ce2d9607ec6261d -> 90647cc400823b41df847a6cbfc29026
  custom:scripting/monoscript/fileName/ExternalIdentity.cs: e65ed5083b38f434db0732cf65b27f0d -> 
  custom:scripting/monoscript/fileName/UnitCategory.cs: 68d18777c37db42f19c8570914b5ff5e -> a58597d9497c2dfb452a07371c7b043b
  custom:scripting/monoscript/fileName/SpriteLibraryData.cs: 3008f6d3092e76b85c90668f1e3ed029 -> 9ae57e9a391cb6897fc9b4dd316466bc
  custom:scripting/monoscript/fileName/SavedViewContextMenu.cs: aaa197c3946849cdcef0790a0f1260eb -> 
  custom:scripting/monoscript/fileName/GenericVertexSelector.cs: e387ffcb95bb82fd87d5e80ae15cee7b -> d814ea441cc7dd96f0fb54edaba7f923
  custom:scripting/monoscript/fileName/Organization.cs: a5e325734ee4801f46611dbcbb700e5d -> 
  custom:scripting/monoscript/fileName/IUnitConnectionWidget.cs: de5a208588a7f7f7ffe572f93a0f342e -> d174f1590100c9fe67df8fbc906ad3ad
  custom:scripting/monoscript/fileName/DictionaryCloner.cs: 89c8ab1188d379189c070208e48dd4fe -> d632d0206f778d5e1bb498c685f35c5d
  custom:scripting/monoscript/fileName/UnityMessageListener.cs: 00a9882c216d083fab73b74d99dc3ec3 -> 9465d6c5fe9757af95e0a3f0107b237d
  custom:scripting/monoscript/fileName/JsonSerialization.cs: b944c1e1323ea854a4c1cb56bf567130 -> 
  custom:scripting/monoscript/fileName/SpriteShapeEditorAnalytics.cs: e9e8ee143801a9794b3dab2a6307d893 -> 95dbfe64cc76974028dd4d9cd21e595c
  custom:scripting/monoscript/fileName/EnvironmentAnalytics.cs: df86ce352df40dfa102b41458fb9f770 -> 
  custom:scripting/monoscript/fileName/Vector2Multiply.cs: b4e73a07dfa61d2a241fa22ca16644fe -> 52b4678eca155d09f988e5aaaa18a034
  custom:scripting/monoscript/fileName/ReflectionInvoker.cs: 2f17497ac0208e2960b7f32609f01f65 -> f2f5c9cef0d439f52d22107788f8198d
  custom:scripting/monoscript/fileName/StatusFlow.cs: 54593759db005580974699bb6d72d085 -> 
  custom:scripting/monoscript/fileName/TransformationDescriptor.cs: 048e42eb12411d3c948be16f4e6d8a65 -> 
  custom:scripting/monoscript/fileName/LessThanOrEqualHandler.cs: 8bee773c7c66afaf77c632863afa8f67 -> 41582149bfe07645e80dc2bea678a172
  custom:scripting/monoscript/fileName/AwaitingLoginPage.cs: d79ce8da8f9e09e79f899bcd5620daf7 -> 
  custom:scripting/monoscript/fileName/ServiceExceptionHelper.cs: c9ed6223482d966b196c4c2868bcfb03 -> 
  custom:scripting/monoscript/fileName/IAssetCreateData.cs: 3d4f82c5f27a72fdf1ebd4cd4b8be8f3 -> 
  custom:scripting/monoscript/fileName/CharacterPartCacheExtensions.cs: 740923fb8ff45cbf293f201839cadc6a -> 0164f6f644e58405851dc4020341514e
  custom:scripting/monoscript/fileName/ICharacterDataProvider.cs: 81f1bd98ca52ac98787f6c7136fc661e -> de0279d758d30b7796edb8016a5868fa
  custom:scripting/monoscript/fileName/IAppIdProvider.cs: 9d1853b8f15e60a15edbfb81a20a1f39 -> 
  custom:scripting/monoscript/fileName/ReadOnlyHttpResponse.cs: cb67b795f50400334c6da0e8ef76361d -> 
  custom:scripting/monoscript/fileName/GenericControl.cs: 70b352fcfefbf46d23b56eebf4ca8758 -> e4287712a15669166bd93ec67c03065f
  custom:scripting/monoscript/fileName/SpriteShapeEditorGUI.cs: e2da0b641e05ea1d2569f2998dc1dc28 -> 69f5b090f453a0ab4280109cdfe40986
  custom:scripting/monoscript/fileName/UnityOnMoveMessageListener.cs: c80c8dd2a64eed68051ac296fd4a97ec -> c2040df9aa51d3a2e2e98cf054beb759
  custom:scripting/monoscript/fileName/VersionQueryBuilder.cs: eaaae79daa09d9b3753981ffb9d20f9c -> 
  custom:scripting/monoscript/fileName/GraphGUI.cs: 46a1df1a97a9313ea8f26a4db5a11745 -> 75ac5af7f006ad68eca91a321680d40c
  custom:scripting/monoscript/fileName/LinkWithSteamRequest.cs: be69ace4f698ae4fd64bfe0d6df06705 -> 
  custom:scripting/monoscript/fileName/Bounds_DirectConverter.cs: 92516216afa4daf24c16f245f343ff2b -> 92593763e51c53202ee1aef40735e5c7
  custom:scripting/monoscript/fileName/StatusData.cs: 0798461913a32f310715188746b1d959 -> 
  custom:scripting/monoscript/fileName/IAppNamespaceProvider.cs: 3cbd0b4809fa71a3ae239ef4fe2df3d3 -> 
  custom:scripting/monoscript/fileName/UnityEngineUndo.cs: b39d8435db6a9c2fb09504af779f7fe5 -> eda88729efd9b13a68d012d2c7e10b95
  custom:scripting/monoscript/fileName/This.cs: 888f8ec4327cb0a334c9cfee1d676e9b -> 4021938da3f7da4ff43fe656a92a8739
  custom:scripting/monoscript/fileName/LocalFilter.cs: 8ff15f4bb3862183e10e4f215ed721ad -> 
  custom:scripting/monoscript/fileName/EditableTextEntry.cs: 029845e8d3d6e3ff7ba3644037208655 -> 
  custom:scripting/monoscript/fileName/TransformationIdConverter.cs: 7a90740a0e75866bc80e6bc1047432f8 -> 
  custom:scripting/monoscript/fileName/Analysis.cs: 4a726382a79fe2e901c33b98a982e633 -> 5385ae65f75d5872f422791ac74ee991
  custom:scripting/monoscript/fileName/DateTimeWrapper.cs: 1718203501f270a020e6b6f60ad1f61a -> 
  custom:scripting/monoscript/fileName/ControlOutput.cs: 8b0b89fb1d39d456545c6ae503ba5b65 -> ac5bcb208725c825bfc0fdc9ce3bc35b
  custom:scripting/monoscript/fileName/ConsoleProfiler.cs: 1cf00bdff8c6dabaa83e37c6d1214df5 -> 35c5140b99a3365497d848ffc3d21195
  custom:scripting/monoscript/fileName/GUISystem.cs: 6dc0cceea41b9117470c6464d7172973 -> 68af2345918bf72ac5782eb592e7ded0
  custom:scripting/monoscript/fileName/ITransformationCreation.cs: 82aa3d5f2f3d64ae94173fcce4488664 -> 
  custom:scripting/monoscript/fileName/ProfiledSegmentCollection.cs: 002b33ae81076d76ac4601ee97a40eb4 -> 50e5ae2322528c61420a57eed7c73c55
  custom:scripting/monoscript/fileName/IEntitlementsProvider.cs: 285cee556587d54509547dacd285d39b -> 
  custom:scripting/monoscript/fileName/OnPreprocessBuildAnalytics.cs: 5e6b83075fa81a9118a40d5a83bc58d8 -> 1502211197690b09669f065798a8fb0d
  custom:scripting/monoscript/fileName/RemoveButton.cs: eeb04f53cd78a91c698fde3818ec48cc -> 
  custom:scripting/monoscript/fileName/VariablesSaver.cs: 840fd4bdddf12825821c01b182008153 -> 407838ca9939a6b0a87b7c2e1e7a4460
  custom:scripting/monoscript/fileName/ProductionTokenExchangeUrls.cs: d51f7b5f35d9e0171f3c69e63ce67736 -> 
  custom:scripting/monoscript/fileName/IPage.cs: 378b27c5302fb01ff7a7d737ab01f1db -> 
  custom:scripting/monoscript/fileName/CollectionPage.cs: 67718ffcb22dacfa959cf2bd75772f74 -> 
  custom:scripting/monoscript/fileName/SteamProviderConfig.cs: 2d25befed1726bdd2a3c7bee89fdfa1b -> 
  custom:scripting/monoscript/fileName/PluginConfigurationItemMetadata.cs: 1d3a8c5311505d63cdef26315bd0d9a6 -> 6e6cd965623fe6f0e0a07c84632edc9d
  custom:scripting/monoscript/fileName/NetworkProfiler.cs: c1eca3c9bd038954a37868d70c1027f2 -> 
  custom:scripting/monoscript/fileName/GradientCloner.cs: 9854e646d1a005aae04415da5351ac63 -> d164bee646b14587aae6bf10dd0588e8
  custom:scripting/monoscript/fileName/SetListItem.cs: 8f23402fee4ad84469d78e36de9d5592 -> c10f3cc77c03a092ac63af5ff87056de
  custom:scripting/monoscript/fileName/StateGraphEditor.cs: 253b3127380e8ddae21ffbb8a28f8f86 -> b548a1029778c7252f11e4e4100dab32
  custom:scripting/monoscript/fileName/NullableInspector.cs: 2623f713ff450bc10a3e61db5ef682eb -> c3fae26542dceff2f12d7dd247396339
  custom:scripting/monoscript/fileName/DraggableObjectToImport.cs: 72b706450b2a562ce6674e9ae1fdf94f -> 
  custom:scripting/monoscript/fileName/RangeExtensions.cs: f5e7be908089def1a4020fd2c03b0b91 -> 
  custom:scripting/monoscript/fileName/StatusFlowData.cs: 31e73e1b50f3762e554b0793b7d5e148 -> 
  custom:scripting/monoscript/fileName/Member.cs: 33bedae58de6beabe9a9c2bb10a5c57f -> ceb5179866de1e892bc980286bc0dca3
  custom:scripting/monoscript/fileName/InspectorBlock.cs: 433e82ba5d4c887cd41e98917d9998d3 -> be8fe812b1efef47a355aa0ced433372
  custom:scripting/monoscript/fileName/ServicesContainer.cs: c6b6cd5f10cfed380384249113d22464 -> 
  custom:scripting/monoscript/fileName/BoneToolbar.cs: cec133b008cd75d5342752f93513aee1 -> 653737a2a549fbd9919fbef7d1b7c942
  custom:scripting/monoscript/fileName/NonNullableHashSet.cs: 8f6297df34271fdb1ce2d9607ec6261d -> 90647cc400823b41df847a6cbfc29026
  custom:scripting/monoscript/fileName/IEditorGameServiceEnabler.cs: 9ba91e68464ed1031653bae083d9cbd8 -> 
  custom:scripting/monoscript/fileName/PivotTool.cs: c869711cc0eded886f22f2411127d81c -> b1920ec2112e86dc7dd0063af77eca06
  custom:scripting/monoscript/fileName/ISelectionFieldDefinition.cs: 3fed453b887da81f970925e0281c34a4 -> 
  custom:scripting/monoscript/fileName/InspectorProvider.cs: db823b5d38ec7664fb451e8065193510 -> 269f3b1c93ec62d428cbc42e835adfa3
  custom:scripting/monoscript/fileName/ModuleUtility.cs: e63cd96138e27b57224176ec621ccb94 -> da1c3311b540348f11e20d7c9a41cd82
  custom:scripting/monoscript/fileName/FuzzyOptionTreeExtensionAttribute.cs: 2c374f2f70f65fca03129d56b37d22c2 -> 8acaa9effeed70d4fc8a14f102e59210
  custom:scripting/monoscript/fileName/OrHandler.cs: 42fc8f7e5c9ba510a5ee6c30222663f1 -> 2af387aedb14b240e2e527e7e04b596c
  custom:scripting/monoscript/fileName/fsTypeExtensions.cs: 06786b6c5b2510baf2b1794c11f9ef21 -> b20599e0e705641f26bef3db89267604
  custom:scripting/monoscript/fileName/CompositeAuthenticator.cs: a9d5ce7f5a54fa0a6b33c698afcbaee9 -> 
  custom:scripting/monoscript/fileName/Vector2Project.cs: f858423d02328ab1ffc2a0ee5042070b -> 509efbc457b3c419a71e0c359f7686eb
  custom:scripting/monoscript/fileName/FileSearchCriteria.cs: 8b56d2ac67199ddd6251ff51e2b4b7db -> 
  custom:scripting/monoscript/fileName/IServiceMessagingClient.cs: 01c09a3c319e70901540872722762a6d -> 
  custom:scripting/monoscript/fileName/SwitchOnIntegerDescriptor.cs: d6841f492c8e367f711bed997e68f268 -> 8f5a506591db0ae0c6bc929a64713a53
  custom:scripting/monoscript/fileName/Acknowledgement_YamlDotNet.cs: 95714a20225056dbe027dafa26123685 -> 5e5701d6bd40e4e58eb88f6c1133d42b
  custom:scripting/monoscript/fileName/EditableBoneWeightUtility.cs: e88511487814ac3908d88c2a6465d214 -> ee2e35b9e9098cfd3bf143f7fd1d0806
  custom:scripting/monoscript/fileName/TextureResolution.cs: 7dfc630a2f64abb1b982b2dbe58e7882 -> 19389c27fcd7667c146f653fd90ea6c6
  custom:scripting/monoscript/fileName/UploadMetadataContainer.cs: f199238552992ba9b49403b4cd56a42d -> 
  custom:scripting/monoscript/fileName/EnvironmentService.cs: 22bbc46856bf7062678eb8e6e54cf9a2 -> 
  custom:scripting/monoscript/fileName/WindowsPlatformSupport.cs: e810b5fff6403ff9e1df7d314c20d96e -> 
  custom:scripting/monoscript/fileName/HotkeyUsageAnalytics.cs: 3ee2dd7342d812772b772f799530c60c -> e03d3aa49f5d7ab16ddec66ef3bc5de8
  custom:scripting/monoscript/fileName/GraphContextExtensionProvider.cs: 46ad1dd0507f0fc89c428c8c70d136d6 -> 27cb287fe9d8bab3c967b8014c037fef
  custom:scripting/monoscript/fileName/DetailsPageDependencyItem.cs: 3ab5f4353cc4ea7dc88f3ce7bc679fbc -> 
  custom:scripting/monoscript/fileName/TransformationId.cs: ed4da489ff8618ac51b4d8b3146c017d -> 
  custom:scripting/monoscript/fileName/WatchedList.cs: 8f6297df34271fdb1ce2d9607ec6261d -> 90647cc400823b41df847a6cbfc29026
  custom:scripting/monoscript/fileName/OrganizationJson.cs: af009f663a54c480ca326d76931c48eb -> 
  custom:scripting/monoscript/fileName/AuthenticationServiceInternal.UsernamePassword.cs: f2320ad47adf55f9875741b342dc3b01 -> 
  custom:scripting/monoscript/fileName/DeserializationException.cs: 76d207fdb77fb9b4f630a482f86ccf1d -> 
  custom:scripting/monoscript/fileName/HorizontalToggleTools.cs: 8ceb4a94c5662e1ffff9c3261e2d27e7 -> a784dd2987bc13ce1a8aae810f566cdd
  custom:scripting/monoscript/fileName/CollectionPath.cs: 1d43920b5f71df339cc59629c8832cb9 -> 
  custom:scripting/monoscript/fileName/GridTool.cs: 36633715ae6ecb204601dbc3f18a08d1 -> 
  custom:scripting/monoscript/fileName/PluginDependencyAttribute.cs: c82d4d8eaadc5aaaac5dec8c723f507a -> a4de54cc221616e1480fb6eaeb66724e
  custom:scripting/monoscript/fileName/BoltNamedAnimationEvent.cs: 654ad65b52c78bf37ab9573a1eab1477 -> eba7b18fde7b105badd434304d62d9b4
  custom:scripting/monoscript/fileName/Message.cs: 4c075c6345bc9a4e320c79ce5bb49d39 -> 671a789acb2c7a93d0b620fe02979957
  custom:scripting/monoscript/fileName/UnityOnMouseOverMessageListener.cs: bbce8e2af83048d7766e5c22f00473ea -> 60fa334550d9d3e5c0c495e412ec4f73
  custom:scripting/monoscript/fileName/IdProviderCustomSettingsElement.cs: a830fa6a32d1235546e4f1ce1444a14b -> 
  custom:scripting/monoscript/fileName/JsonObject.cs: be48a7a35096caf8efac4347b3fe4dd2 -> 
  custom:scripting/monoscript/fileName/Expression.cs: 091de4a5770e1ad6703f40270047a401 -> 7958c32e91a9af13b222f8d4e94e406f
  custom:scripting/monoscript/fileName/AssetBaseData.cs: cd2241f3c93861fc9cfa186e23701ada -> 
  custom:scripting/monoscript/fileName/OnControllerColliderHit.cs: 18d214df46653d316aea9b12396b8971 -> 7d2607e363c8d23c90ae0d5701b0d119
  custom:scripting/monoscript/fileName/StateMacroSavedEvent.cs: 9b16bbf91a6d5f8f85d799babd7c45d7 -> 020cc4665fef38d01ccf81b1d40c7e86
  custom:scripting/monoscript/fileName/AssetContextMenu.cs: c7dfbb2c3bd4f75042641bffcac7dd7e -> 
  custom:scripting/monoscript/fileName/UnityOnSubmitMessageListener.cs: 67187131e3d31c69db06f85a10c47730 -> d6f140439665fc8dbb3566b61f6513bb
  custom:scripting/monoscript/fileName/InvokeMemberDescriptor.cs: 1409063f816011d68ee84fc532f5b697 -> 65ce4e067612581679e2133b324768c3
  custom:scripting/monoscript/fileName/Less.cs: 74b047a7b2f8d9a8fb347a1e978c6e04 -> d036b831931f8b4ac8005faec726d1f4
  custom:scripting/monoscript/fileName/ICanvasWindow.cs: 07e7bc744e68f3562ea0d7b1e59df2f8 -> 27f3decd474c0bab9c8e0ff2385b85cf
  custom:scripting/monoscript/fileName/DocumentationGenerator.cs: b610346fa21db33f31b1986bf566fbcf -> 41aa3365d4161ba12a87010a3c7f63f0
  custom:scripting/monoscript/fileName/OnPointerUp.cs: d21cd4b6c0dc4e4a09f7b38e109a53d4 -> 0a4456d56bd2d48a8b348a6a015a2031
  custom:scripting/monoscript/fileName/HttpException.cs: f6827940c1f3397a3e9f5ed27d96f36c -> 
  custom:scripting/monoscript/fileName/CircleVertexSelector.cs: 2325b4a815236a7a90c384c691ba9a32 -> 1b9f94ca3d566c7a9158c28d1521e55e
  custom:scripting/monoscript/fileName/IPackageRegistry.cs: 7ed9d4b5a0ae537ff629f057cfa10e76 -> 
  custom:scripting/monoscript/fileName/IElementAdderMenuCommand.cs: 8f6297df34271fdb1ce2d9607ec6261d -> 90647cc400823b41df847a6cbfc29026
  custom:scripting/monoscript/fileName/UnityEditorAuthenticator.cs: b246283099d210ff5570e3e1b7c1c451 -> 
  custom:scripting/monoscript/fileName/BoneTreeViewModel.cs: a73a82ea206d4cd624743e31d765b0b2 -> d4d79ed9b325d86d1ece55e76fe54c81
  custom:scripting/monoscript/fileName/Multimap.cs: 90647cc400823b41df847a6cbfc29026 -> 
  custom:scripting/monoscript/fileName/IOrganizationProjectsJsonProvider.cs: 9c2a678e779dd2e0c1e5bdf405ae04e2 -> 
  custom:scripting/monoscript/fileName/UnityOnTriggerEnter2DMListener.cs: 39a5ec6e6f86318e6e29ef51987bdf53 -> 5193ae5d59521c4354c599303242cdae
  custom:scripting/monoscript/fileName/Ray2DConverter.cs: 4d6150de33904597f30e2c9832b92a6c -> 331b6c0d75255f93d630018950caad86
  custom:scripting/monoscript/fileName/UnityOnControllerColliderHitMessageListener.cs: cb95aaf5a64220eff8dca4badc9d65f0 -> 51f96f48f27aa5850b2a558a6a80388e
  custom:scripting/monoscript/fileName/IDatasetBaseData.cs: 4e9e9f1ebbff1957162b368dc8a7d346 -> 
  custom:scripting/monoscript/fileName/LudiqEditorWindow.cs: de6e79d9f3e216e5cf35bdea10922a40 -> c47e114d32882be5cf3f5f8b13a96a88
  custom:scripting/monoscript/fileName/ExceptionMessages.cs: ca94dbfed6041844ba85d94ce42d526d -> d5b36b31ce4b42a932c4a4303b9fe523
  custom:scripting/monoscript/fileName/PageFilters.cs: 3dfda07c782dc85dfd9c350a24240565 -> 
  custom:scripting/monoscript/fileName/MissingTypeUnitWidget.cs: de92acdb3164f797c240cf4817cd6eb3 -> 0882c322b9c9e1208fd545947190bb70
  custom:scripting/monoscript/fileName/DatasetRequest.cs: 5f0d975e55676b5986496f45c6818a49 -> 
  custom:scripting/monoscript/fileName/Mesh.cs: 2e92e094d664eec10ddb162b6eae056f -> 8978c0ab6cf016e525528c9d7bb5ce0e
  custom:scripting/monoscript/fileName/Angle.cs: 8f6297df34271fdb1ce2d9607ec6261d -> 90647cc400823b41df847a6cbfc29026
  custom:scripting/monoscript/fileName/StateManager.cs: edaf263fe816f39dddfe091dada5f1ac -> 
  custom:scripting/monoscript/fileName/IAnalyticsStandardEventComponent.cs: cf50b12809cbeb8dcfefaee612a9c090 -> 
  custom:scripting/monoscript/fileName/IconExportUtility.cs: 788354e0bcc07e080026f15a560e541a -> f35535b5f55f638918f4fc868c5c9158
  custom:scripting/monoscript/fileName/MergedKeyedCollection.cs: a53f96815da50de15010b1c479bc70cf -> 0cdf409b5aa8d4c25876d72b5c6a3b60
  custom:scripting/monoscript/fileName/ServiceProvider.Gen.cs: fb28411e62c1911933783faa92ae27e4 -> 
  custom:scripting/monoscript/fileName/EnumUtility.cs: a41a30f5602280b7f0c4ea50820243ee -> 758a2782e3f3dc1387abb015efde1735
  custom:scripting/monoscript/fileName/IIdentifiable.cs: a7ac137dbc0a9b169f69d5c6e49965a1 -> a584aa03b77634295823d545ba325f54
  custom:scripting/monoscript/fileName/UnitSurtitleAttribute.cs: 852e9ffacc593999c354dad047cdd319 -> 859715f0a57d9a8f6894404ce9e7a7b2
  custom:scripting/monoscript/fileName/ByteSizeConverter.cs: c6ad8aec642ebc44a7a9df9b0dbab7aa -> 
  custom:scripting/monoscript/fileName/EventHooks.cs: ce9eb69d5cfd5942af63f3ea127496b6 -> 68c85469eac668d2933ce65ffa2dcfcd
  custom:scripting/monoscript/fileName/PluginChangelog.cs: 935abaf2e72841cc8e3cc6ff6c598d29 -> 289b584287b40871f113fb8b82ae871c
  custom:scripting/monoscript/fileName/MergeDictionaries.cs: 7bb635f117c5d1f1db6a4d593d8f4399 -> 28a4d3b699e0d9b504ca9d9cfe83f9c6
  custom:scripting/monoscript/fileName/SpriteSelectionWidget.cs: 81884b8af3faef27cd3f4599032c9558 -> 00184e4f51a68f5d84f52666735e488e
  custom:scripting/monoscript/fileName/ToggleFlow.cs: 1ff0280c8ec758674a0ab674b9b03f9a -> c6b3c414216751b82b3690ef308d40d2
  custom:scripting/monoscript/fileName/SkeletonToolWrapper.cs: b848ef925654ad89a2c4b2177efcc1b3 -> 542326f9a2e4d6b3171e2a0e7522f4c9
  custom:scripting/monoscript/fileName/Vector4Multiply.cs: c0f1cd96c246899f42a082dff5312c96 -> 9d313cc297284c3097ad6de6011fb764
  custom:scripting/monoscript/fileName/Player.cs: d4137c1ca539f336966635660c9dfa38 -> 007e2e63cbf915a2b71612a7f593548a
  custom:scripting/monoscript/fileName/GetRequestResponseCache.cs: 90647cc400823b41df847a6cbfc29026 -> 
  custom:scripting/monoscript/fileName/MultiInputUnit.cs: 10b533055fbe7f810839ace0721fb733 -> 4dc43d067322127fb2eeefa9f517dffe
  custom:scripting/monoscript/fileName/MemberInfoComparer.cs: 0727598a556c7ee012f6549881477c47 -> 81ecb470eaf4e01fc36cc25a42141a2d
  custom:scripting/monoscript/fileName/Vector3Maximum.cs: c38c37307c0d6f4c6a89e4526f586f77 -> 6653e6d924662e14ffe296c58f2cf7ad
  custom:scripting/monoscript/fileName/AssetReferenceListDto.cs: 6945e65f2ea22d11ccbee2bf33c3d739 -> 
  custom:scripting/monoscript/fileName/IUnitOutputPort.cs: 629b4cc86b719721eeecaaf438a5a6e3 -> 0c5dcb657a78d6aa16b435d6ad915282
  custom:scripting/monoscript/fileName/SearchRequestParameters.cs: a2bece49503c9e0f32883246086b4422 -> 
  custom:scripting/monoscript/fileName/LoginPage.cs: bd436978bd8a037d7beb31638502096c -> 
  custom:scripting/monoscript/fileName/EnvironmentServiceExtensions.cs: ac6a6c148393eb9a5f8fb75c98af0cdb -> 
  custom:scripting/monoscript/fileName/FetchDownloadUrlsOperation.cs: 8a3b637c6bd121ae07e3daf40d41dd6f -> 
  custom:scripting/monoscript/fileName/EvaluationVisitor.cs: 210865224356f788ab71e1fd644e18ac -> fbae30143c3a00f284463fa15a42bed7
  custom:scripting/monoscript/fileName/IOrganizationHandler.cs: f8b346f72bb06934d5f47a4eb5bf2f52 -> 
  custom:scripting/monoscript/fileName/Vector3MoveTowards.cs: b58dd4972c324e6342377896a49d7649 -> dddf0a2029ae07980b72ff8814d1d16a
  custom:scripting/monoscript/fileName/NotApproximatelyEqual.cs: bad223ae5bef539f8755cc165bdc54d5 -> d33033caace0ce24b035a268ff98eb90
  custom:scripting/monoscript/fileName/ExclusiveOr.cs: 6bb0d9b72fd75d9b607b9834ef68775c -> 8705d1e6ea9ddb51e6c10e3b96d53413
  custom:scripting/monoscript/fileName/SpriteLibraryDataProvider.cs: 1fe23bbf533a289d6e10068c64e8a012 -> 13f6768f343c070b4d6b7db688d0f592
  custom:scripting/monoscript/fileName/SearchConditionValue.cs: 642546c7d2c530186a419c63456da1e1 -> 
  custom:scripting/monoscript/fileName/IGraphDataWithVariables.cs: 6db11e3fbb547409f5a8af0e9915abef -> 01c74ef206537e740faabdfa9e8c44be
  custom:scripting/monoscript/fileName/XmlLinkedField.cs: 58331cd1e1b9bc9099ae07f125c40794 -> 
  custom:scripting/monoscript/fileName/IUnitConnectionDebugData.cs: babef629db54d7ffd8f060448ddc1832 -> fb36c60bc6e95cc2dd6a46af135fd613
  custom:scripting/monoscript/fileName/INesterState.cs: 7cc971fae9fba2a16060337cd920d18d -> 2f9410cba81ac3560a31e4319973c837
  custom:scripting/monoscript/fileName/AotStubWriter.cs: 2d31a07cc2671bcb7becfa6a9a4c0d28 -> daa5f19cab698d44f6b617f5aa2892e2
  custom:scripting/monoscript/fileName/SavedViewControls.cs: bf777d58f06b21eca65aec55b5f7c2b6 -> 
  custom:scripting/monoscript/fileName/EditorFilteringUtility.cs: 5111d4e9ebd746bd71b9b4932197a1a0 -> a2b246b39448921b90ba5ebcda3aa556
  custom:scripting/monoscript/fileName/fsGuidConverter.cs: 3a24d642f4b2bc6e68b47954da36cd82 -> a9194ae75bbb0e6aeba19459b871b32e
  custom:scripting/monoscript/fileName/IRetryPolicy.cs: e3d2bd7b0f902834c6fb83e2a7e5f2ec -> 
  custom:scripting/monoscript/fileName/HttpPkceRequestHandler.cs: a44f574680ca4dbb665caf4d23a823f6 -> 
  custom:scripting/monoscript/fileName/TagChip.cs: 704b46f064f4b9143ce55052bdf56545 -> 
  custom:scripting/monoscript/fileName/MetadataContainerEntity.cs: 86bd110e5381969fbae78fcdf565674d -> 
  custom:scripting/monoscript/fileName/ReflectedCloner.cs: 1dfb8aaa511b622ff56a7a6a56755830 -> 41dc8ece2635c06fe4daf90b2942c706
  custom:scripting/monoscript/fileName/Vector4DotProduct.cs: 09998adee8ce817a4784aeed88eca73a -> 475ea054eaca578e4b694cb8ac6a084b
  custom:scripting/monoscript/fileName/ServiceExceptionFactory.cs: bc09f12fdd37f1b2832be8db4a4168d7 -> 
  custom:scripting/monoscript/fileName/DraggableImage.cs: 92a03de9bfc035a45b8269da3cd38a55 -> 
  custom:scripting/monoscript/fileName/ISidebarContentEnabler.cs: dc5831b41c6edd87d9f99f9eba26af45 -> 
  custom:scripting/monoscript/fileName/PkceAuthenticatorSettings.cs: 05d4a4d6b78d52fed58260539809b5a1 -> 
  custom:scripting/monoscript/fileName/InstallationId.cs: 5a83a3939f92e5bc55c8a90ccbe27d51 -> 
  custom:scripting/monoscript/fileName/GridContextMenuItemSelectedEvent.cs: f1db7e4c0392258efa73ae413ee615c3 -> 
  custom:scripting/monoscript/fileName/Throw.cs: 7b68728fed60c1c3f986b98427368b9f -> 8c2101cda47f1a6b55b2c6698df42836
  custom:scripting/monoscript/fileName/InspectorWideAttribute.cs: 000cc09eff042a892435cf1a82b10994 -> b6cba8dc5aba876064d2aea0df78ac67
  custom:scripting/monoscript/fileName/WeightEditor.cs: 9e1d9b8abcebc2772ba5b87a11fffd9e -> d0f2a6f717792282592ef879a3fba0ad
  custom:scripting/monoscript/fileName/QueryParameter.cs: 90647cc400823b41df847a6cbfc29026 -> 
  custom:scripting/monoscript/fileName/DecrementHandler.cs: f37cf5b7855e6b6f23629afa0a40fee7 -> d661b545cab6d20f4c21e55eb9537caf
  custom:scripting/monoscript/fileName/IAuthenticator.cs: fa1e34c472ef0bcc122a712b3f6c8f95 -> 
  custom:scripting/monoscript/fileName/IndexerMetadata.cs: 35fdd4061249eefb3803a75f5e9a3b06 -> a856f89ddbb1890e81110f13806c58d7
  custom:scripting/monoscript/fileName/VariableDeclarations.cs: e4a71504e6c4c26c5b4c6f97c9bfd23b -> 3936047e21c1832dc7909f75455ecfbe
  custom:scripting/monoscript/fileName/ForEachDescriptor.cs: 6db0c738c92a447e0f596ca51b661199 -> 82abfb12a1e07e1fd178dd95fd24ec6e
  custom:scripting/monoscript/fileName/IUploadStagingStatus.cs: 8f30312a4c70e66c0f6206ed6e2cb606 -> 
  custom:scripting/monoscript/fileName/SpriteLibrarySourceAssetPropertyString.cs: ab9f90e6b8b1ddf9ac5ce9f0f4ea78ee -> 076496dca079b30dc4f088298d540318
  custom:scripting/monoscript/fileName/OnKeyboardInput.cs: d00134649485ff8f8a84a8115dc208eb -> 369bf113898d6373ae7ee8019a6ce597
  custom:scripting/monoscript/fileName/IDropdownOption.cs: 2563261ba9d8dcc745c35706bb7a22f4 -> fdbfb958b28c4eed71f708e7e1e36216
  custom:scripting/monoscript/fileName/RenamableCollections.cs: bbe81f5185bcb12e15448322ab2d8453 -> 8df38df38ed1a97cb904fe1c77a1b1e9
  custom:scripting/monoscript/fileName/FuzzyWindow.cs: 67a4cdbbce6a262d07d82b6377b4c8a8 -> fc545e356e5d2d553dde2c0c50cedd36
  custom:scripting/monoscript/fileName/FieldDefinitionCacheConfiguration.cs: 360a5b5f38d2bbe876e4342d1e901b68 -> 
  custom:scripting/monoscript/fileName/ImportedFileInfo.cs: ebfa4cb8e58ef2ce91e4bdde59bf31cd -> 
  custom:scripting/precompiled-assembly-types:Unity.Cloud.AppLinking.Embedded: e20637856a556740769cf5a6083c3161 -> 
  custom:scripting/monoscript/fileName/UploadStaging.cs: 16b3900f12812a0c0fc148ecd6bf964c -> 
  custom:scripting/monoscript/fileName/AssetIdentifierDto.cs: 8430834c6914b9a8fd87832106dc1318 -> 
  custom:scripting/monoscript/fileName/Vector2Divide.cs: a0424aba0c3844d95379865c57f92dcf -> 6beb9dbc8a0edafa2a59ed5212e246b3
  custom:scripting/monoscript/fileName/ComponentHolderProtocol.cs: b2a5778985ebcde2cdeece5f08416255 -> 6ce8a8e3771c153d90cbf17fa9928fb4
  custom:scripting/monoscript/fileName/LabelData.cs: cd087fcee20143658bfc8de0a4562e0c -> 
  custom:scripting/monoscript/fileName/UploadPage.cs: 142ded2793eabd9148c01ad55fe5c533 -> 
  custom:scripting/monoscript/fileName/ListPool.cs: 892721da57fa24db35dfb8edc752441a -> 83eb6d84b88e8ca72e9441e5be527923
  custom:scripting/monoscript/fileName/SerializableType.cs: 85513ae8f51dbf05fc020c3bbbe173df -> 378324eaa87ef402062fc0edbb249716
  custom:scripting/monoscript/fileName/IKUtility.cs: 8dcbe20f3fd7e8e95846e96f5509be70 -> b96ce64c0815759fe95d76a35ad9c735
  custom:scripting/monoscript/fileName/FuzzyOptionProvider.cs: e84b537262f4531903b89f6df5923a4c -> d48449698d05a7bcb88f8cd1f2876687
  custom:scripting/monoscript/fileName/Start.cs: 9965ebdd29cfb977f756a330a9e5ca5a -> 55f27475cde769fb842c17b489581484
  custom:scripting/monoscript/fileName/UnityOnSliderValueChangedMessageListener.cs: 876e7401954e8cf3a23469eceb4c3953 -> aeb0c02c7701cfe52b3be52cfd95492f
  custom:scripting/monoscript/fileName/IGraphElementData.cs: b673489808f9455195cc452884be1c08 -> 39500f4435f5b1a906813c27a56b7ac4
  custom:scripting/monoscript/fileName/VariablesAssetEditor.cs: a2ed96b7d6e3f5eb729e3971bbed5b00 -> 2c5b4b0587852c60a814d67bd044dde2
  custom:scripting/monoscript/fileName/IUnitInputPortDefinition.cs: 1e44c2cfa488208c7ba9c4c5ec17d058 -> 9c353627b888f728458a4803e67f94d4
  custom:scripting/precompiled-assembly-types:Unity.Cloud.Identity.Editor.Embedded: d8780bb2351d543f2cbe4c310a316ae1 -> 
  custom:scripting/monoscript/fileName/LinkerPropertyProviderSettings.cs: 466231f8a9a5fe08a97abe63d185f403 -> 16b499fe824f4fca841d58be87fa76be
  custom:scripting/monoscript/fileName/SideBarButton.cs: 90647cc400823b41df847a6cbfc29026 -> 
  custom:scripting/monoscript/fileName/OpenIDConfig.cs: 5e9110ecc925180f61cbf9ac58b68d6f -> 
  custom:scripting/monoscript/fileName/NesterUnitDescriptor.cs: 8f6297df34271fdb1ce2d9607ec6261d -> 90647cc400823b41df847a6cbfc29026
  custom:scripting/monoscript/fileName/ServiceInstallationListener.cs: 4f550d886426ad05d9cb021f02f3b5c8 -> 
  custom:scripting/monoscript/fileName/ChannelRequest.cs: 45743ce56c1cebaa52bcd512fc46fc54 -> 
  custom:scripting/monoscript/fileName/OnJointBreak2D.cs: 16b1235f8b09883b15a73d64f4a12a69 -> da3a9383dd0edc6a80708aece6112898
  custom:scripting/monoscript/fileName/IdProviderElement.cs: 6536e40194fb7c282e118e312f164d27 -> 
  custom:scripting/monoscript/fileName/UndoUtility.cs: 8eb158b54cbaadaf048458389249c564 -> 2fc130e3e3964660deff56d5ee0e948d
  custom:scripting/monoscript/fileName/BoltStateResources.cs: c7e4c6f791d24c4420037dae85f49277 -> dee187c482b9a4e538f0ee3fcb259069
  custom:scripting/monoscript/fileName/SpriteLibraryAsset.cs: 7fa2858e271088d32dab3573de819f87 -> edfdd91c871fba231962305737d83db9
  custom:scripting/monoscript/fileName/Vector3Subtract.cs: 222be5bddfe353e8a381a0311bb440a8 -> 7c3b23c26e0e3c73d903102332c651c7
  custom:scripting/monoscript/fileName/IStatusTransition.cs: 4db3203a1f305e02a81eca3c5062dd39 -> 
  custom:scripting/monoscript/fileName/RootMetadata.cs: 2630ba47878294889b24f33e5695ba06 -> 4e109d9f11295c98c90c972d72cb77c1
  custom:scripting/monoscript/fileName/CCDSolver2DEditor.cs: abde159050e51eb6b9c24ac2b0aebfbd -> 2f6e31a13017c2b5b6df228c01edec55
  custom:scripting/monoscript/fileName/UnityServiceHostResolverFactory.cs: 52d44bcb41243279b7f50d34f6fd474e -> 
  custom:scripting/monoscript/fileName/PlayerAccountService.cs: c965904e21cfc4eaef768e4a06448dc4 -> 
  custom:scripting/monoscript/fileName/Keyframe_DirectConverter.cs: cb4ebe6bb6ecf8bcc93c921fe0c51f4e -> f0160e5308974be91af63bbd53819e59
  custom:scripting/monoscript/fileName/SceneDragAndDrop.cs: 9eed6b5ce4e583065f346bdc78705316 -> adfcde275bde867b03b4426d9f27b60c
  custom:scripting/monoscript/fileName/MacroDescriptor.cs: 8f6297df34271fdb1ce2d9607ec6261d -> 90647cc400823b41df847a6cbfc29026
  custom:scripting/monoscript/fileName/fsKeyValuePairConverter.cs: 59dd26a34ccbddfa8fb4d2ad8f4a0c01 -> ff9e73326ea875cb6bf1ed536de639ab
  custom:scripting/monoscript/fileName/ConfigurationUtils.cs: e57894058b136700ef3ea680c0b15031 -> 
  custom:scripting/monoscript/fileName/Tessellator.cs: f9227639eb03c7da68b25938142b7959 -> ca4c643f2dbf7fc5bc482d872035ab7a
  custom:scripting/monoscript/fileName/SuperUnitDescriptor.cs: 90e01c33aad7b3dce89b980dfc721efc -> f6bbf74716ecfd7becc93a4576b03c41
  custom:scripting/monoscript/fileName/MultiplicationHandler.cs: 9ffdb3b8f579c471ce268dab9915b2d6 -> bebd4590e46a08a0960085f0187611f9
  custom:scripting/monoscript/fileName/UrlRedirectResult.cs: 94f8a657698f656aec99e21643b815ae -> 
  custom:scripting/monoscript/fileName/IEventMachine.cs: be5a9f4eb79dd11fe857071e3f7140b2 -> 8b0f494e66fb4fae5e531aab674b5caa
  custom:scripting/monoscript/fileName/GreaterThanHandler.cs: 52cc5d336b1da9ca728ffc41f5797171 -> 70180472f4a1896a37bd3ce7ecc58575
  custom:scripting/monoscript/fileName/ProjectIdConverter.cs: f0e6dcfd52f1e4e9478d7048fbb688b5 -> 
  custom:scripting/monoscript/fileName/IUnitPortWidget.cs: 5e241957a21c65820bd388e89381a83a -> 429b99baa362a421ccc3d841a46d5e6d
  custom:scripting/monoscript/fileName/PackageConfig.cs: 6c65665380cc70d71f22e981e56d92cf -> 
  custom:scripting/monoscript/fileName/ModuloHandler.cs: 50d6ce2b945889907ee9f97e9738c856 -> 71349350a2e38695787f28e6434764b0
  custom:scripting/monoscript/fileName/WebGLPlatformSupport.cs: b9170109dbff1ac3f58b6fe3d9cabce9 -> 
  custom:scripting/monoscript/fileName/IUnitControlPortDefinition.cs: 33155725030f101d239fa90d47c96758 -> bf1189ad4e3a6a271b3f726df5c073af
  custom:scripting/monoscript/fileName/PlayerAccountsErrorCodes.cs: 43b8194c378f655c352ca1eef4f8e9d8 -> 
  custom:scripting/monoscript/fileName/InitOnLoadEditor.cs: c58dd16bf62b7c0a8a72f71f2b2781d2 -> 
  custom:scripting/monoscript/fileName/Control.cs: 85fc985677b1a1353957fd01cc882951 -> 26262bc3727cb22f16c3b1fe8a4a461c
  custom:scripting/monoscript/fileName/SbyteInspector.cs: 766509f9793e826da21afc6078295b58 -> 27e1907f397349c739bfb56bf9f00b2d
  custom:scripting/monoscript/fileName/FieldInfoStubWriter.cs: 7467cc6bbf8705c7eb9b4b561a0023ee -> 0855de915b1f6043fa8ee8076a079b96
  custom:scripting/monoscript/fileName/SidebarProjectContentEnabler.cs: 72f7e789a270b3faf0f8117d6e7bbf11 -> 
  custom:scripting/monoscript/fileName/NativeWebSocketClient.cs: 493de791cfcc34fbf08ebf7e158bc0ea -> 
  custom:scripting/monoscript/fileName/ValueInputDefinitionInspector.cs: dbd170dc4a538622cd6a648229f72671 -> ddaaad6c4752e7d3b5f66586813bffa4
  custom:scripting/monoscript/fileName/BaseFilter.cs: f748827a19b4fabab89acdbc0b0e9a18 -> 
  custom:scripting/monoscript/fileName/UnityOrganizationMemberV1.cs: 29203c4e087d3ba2203081bd2717405e -> 
  custom:scripting/monoscript/fileName/UnityServices.cs: 53288f4d4ff1211eb125ba005d646505 -> 
  custom:scripting/monoscript/fileName/FlowStateTransitionDescriptor.cs: 02db5a46a3d0bfb1f89f82aaa6f7a021 -> 6dfb3e6aa102a99c819d1781cd7a27e3
  custom:scripting/monoscript/fileName/EditorGameServiceAnalyticsSender.cs: f578bf9cf78d5f56704a18cd36c88f9f -> 
  custom:scripting/monoscript/fileName/IAccessToken.cs: 359704d6f9862ce7f7142f3c9f3827a0 -> 
  custom:scripting/monoscript/fileName/ImagePackNode.cs: 2495e8f5c3555141a18c7764d1775a0a -> c44db57fda1a74c37f95719eac980615
  custom:scripting/precompiled-assembly-types:Unity.Services.Core.Scheduler: c5a24b90c03f14c29ba6bebda52c3c14 -> 
  custom:scripting/monoscript/fileName/VisualElementHelper.cs: 0b84949c228ae121ca9bc47ce2ce3ccc -> 
  custom:scripting/monoscript/fileName/Array.cs: a53f96815da50de15010b1c479bc70cf -> 0cdf409b5aa8d4c25876d72b5c6a3b60
  custom:scripting/monoscript/fileName/UnitPreservation.cs: 9613ddf9740f734a91df064bd98d979b -> 924d9d071ba19fd3b2b72a989eeeb5bb
  custom:scripting/monoscript/fileName/ScrollableToolbar.cs: ed2b9a699dda054930e4595ef3f0d22e -> d955a2e96b7b6c5eefbe4c4ec5b375cf
  custom:scripting/monoscript/fileName/CCD2D.cs: 0a25ac61cf9da2f11f220d3b5a168cc8 -> 306cc7a951a99c971d965c3f8d050c6f
  custom:scripting/monoscript/fileName/TransformationSearchFilter.cs: 910ec991210f68b067d62962b10175ff -> 
  custom:scripting/monoscript/fileName/CloudFilter.cs: 7a48cb159892b02a9e600eb5d8ae9698 -> 
  custom:scripting/monoscript/fileName/FileUrl.cs: 6469cf427336a3e2884f4bc407c57245 -> 
  custom:scripting/monoscript/fileName/DatasetUpdate.cs: 59c443c3fd91f14ef03502005f0b336b -> 
  custom:scripting/monoscript/fileName/ConfirmSignInCodeRequest.cs: 344f0c7918f5f3330e8a52917584f5c1 -> 
  custom:scripting/monoscript/fileName/SystemConvertersEditor.cs: b157cb077fe6af3401a860fcac0dab41 -> c127c1335f24b77ca70195bf2136c6a2
  custom:scripting/monoscript/fileName/OnInputFieldValueChanged.cs: 49c99fc6bf58be2cfc7f4be8b648269c -> 39d59cdd8f3f9a5726976d760d3d03dd
  custom:scripting/monoscript/fileName/IFileCreateData.cs: 4fbe8f8c235b2d3633d5065ed243bc29 -> 
  custom:scripting/monoscript/fileName/IAnalyticsUserId.cs: c2cc7c28fd557b3f55cdf068b0502818 -> 
  custom:scripting/monoscript/fileName/PathComponentEditor.cs: a53f96815da50de15010b1c479bc70cf -> 0cdf409b5aa8d4c25876d72b5c6a3b60
  custom:scripting/monoscript/fileName/InspectorToggleLeftAttribute.cs: 5cc9c6603900957ce77c5a9108d08334 -> 6b619697cfbbe4b37544a114f4036cdd
  custom:scripting/monoscript/fileName/UnityCreateEnvironmentRequest.cs: a9b0f13e8545f9920554463818374956 -> 
  custom:scripting/monoscript/fileName/SpriteLibrarySourceAsset.cs: 20d55901eee325d05fb40e440bce2c9c -> a02367038ae9af07495d932cfb0a888e
  custom:scripting/monoscript/fileName/Slider2D.cs: 2c2a40f69fe3bbd03e8e4f33a24c827d -> beb4df5f355a5eb3eb564a2ef215734f
  custom:scripting/monoscript/fileName/LudiqScriptableObjectEditor.cs: d5bcf7862e04343efb160f3092090334 -> 12417e21d2c6036df4948c5209c80396
  custom:scripting/monoscript/fileName/ServiceFlagEndpoint.cs: 95ebbb4e72d70a377056cbf3d7a7020c -> 
  custom:scripting/monoscript/fileName/AnalyserAttribute.cs: 1381a26b1176636ef496a42233205279 -> fe5722d1f8e8394bbdfd43cfb59837dc
  custom:scripting/monoscript/fileName/UnitPortDescription.cs: 557b10101b34ad202cfa71e33e0094e9 -> 1d8eea17d7a2e5b6924916b244bde5b1
  custom:scripting/monoscript/fileName/GetStateGraphs.cs: e7d5f1d9b4ffb93425c583621d53cbd9 -> 4452d8cf968233559e956485d2621b9f
  custom:scripting/monoscript/fileName/SpriteLibraryInspector.cs: e489d9e0fdb32b80b5a47d2c80859e0d -> d77f3a8db8899498f80b25979b491ee0
  custom:scripting/monoscript/fileName/VariableKindOption.cs: 4bc0cc01e2c62e5c3ae64bf85a52399a -> 5ce4a42d5f2e5cc0ac64cbe265158ae1
  custom:scripting/monoscript/fileName/RangeUtilities.cs: e28bf09c97c77cde4fc50d43af840163 -> 
  custom:scripting/monoscript/fileName/EventBinding.Gen.cs: 90647cc400823b41df847a6cbfc29026 -> 
  custom:scripting/monoscript/fileName/Changelog_1_2_4.cs: 38ecb55461619ff838450c30a0c8a152 -> 8e06104ae8c3f5b5bccfb64935179cd5
  custom:scripting/monoscript/fileName/VariablesPanel.cs: cb021c4f4dbaa1b35d54dc795fdaa761 -> 39d0282afcea242f5f58440cad1d58a7
  custom:scripting/monoscript/fileName/GenericGuiEventUnit.cs: a7815f05437807696a56c7a478248c0b -> a185560486adb6cf96ae567bc1fa6722
  custom:scripting/monoscript/fileName/EventUnitDescriptor.cs: 8f6297df34271fdb1ce2d9607ec6261d -> 90647cc400823b41df847a6cbfc29026
  custom:scripting/monoscript/fileName/UnitPortDefinitionInspector.cs: 9624987df09ed8854afc76f459335b21 -> 4fc1f53533c6f89c79f725c438fbc6d5
  custom:scripting/monoscript/fileName/SavedViewModifiedEvent.cs: c7664b73fe0977ed1a0202e28fe763cf -> 
  custom:scripting/monoscript/fileName/HorizontalSeparator.cs: 3b873f6fc4a3a6af1d4775e2307af3db -> 
  custom:scripting/monoscript/fileName/BrowserUtils.cs: 6bc48370d7304756ca4f09b02d6cf80c -> 
  custom:scripting/monoscript/fileName/fsNullableConverter.cs: 29cd45576e931ce466e9fa21514aae4e -> cd1f602f02d3617182a3150421a558aa
  custom:scripting/monoscript/fileName/CanvasAttribute.cs: 2c4bd2aeea43d0a2a95e936c8de70fac -> 8202c0276ef80387249a99695d23f0bd
  custom:scripting/monoscript/fileName/SwitchOnStringDescriptor.cs: a526686be7f3f3dcb0153782449b1556 -> 4ce69ab3cc35b20c845a47aa94c4525e
  custom:scripting/monoscript/fileName/AssociateBonesScope.cs: c7e10d0e956417f2171d35c45d0c1299 -> e334b88eeffacbd35c4d7456a3146637
  custom:scripting/monoscript/fileName/UndoScope.cs: 8e70e2ffd98f65df8c53fe38fdf8f0af -> 4d8db65ab7fc3ead71d92653b61980bb
  custom:scripting/monoscript/fileName/MissingValuePortInputException.cs: 11c69fc719fdc5c93ecff1c39a3c9617 -> 73b2033ad52e5c3c96d2ef0744160af4
  custom:scripting/monoscript/fileName/Inspector.cs: b2e9fe9617dc3905197afab62726b7b9 -> 7c309356229b29ee47c27e05f1d86d6a
  custom:scripting/monoscript/fileName/IsSavedVariableDefined.cs: dd798c84e2bbc6d846c74cc498ee6d5f -> 29712a3b2badb40a87f01d5c8934452a
  custom:scripting/monoscript/fileName/ContextMenu.cs: ef1d863c8f4823c4378bdf012411e8a0 -> 
  custom:scripting/monoscript/fileName/AssetCollectionCacheConfiguration.cs: 5fff4343277c8debcf63cb9ea7150c06 -> 
  custom:scripting/monoscript/fileName/OnDrawGizmos.cs: 063bf1fc59ceb884542466e6ddc61341 -> 6dbaceb5120113284181b405822fcedb
  custom:scripting/monoscript/fileName/IEditablePath.cs: 5414173ba9a4f9a63b098f6fcc64bb4e -> 28f71f7ed9f029a45083c497d0ae39e9
  custom:scripting/monoscript/fileName/EventHookComparer.cs: 2ba9e086276d249cd0ad61a4de82f03d -> a111b598a2e270b23984b586562b8933
  custom:scripting/monoscript/fileName/AssetCollection.cs: e778949b182ebd72a619bec25ec71f02 -> 
  custom:scripting/monoscript/fileName/BoneWeightExtensions.cs: 35971ea318783f64f03a867be6a59253 -> 0fa3c2650d61e137b04754704557b348
  custom:scripting/monoscript/fileName/ICloudEnvironmentConfigurationProvider.cs: e191e2329b4561db479ad48b7fffb5d7 -> 
  custom:scripting/monoscript/fileName/RectBoneSelector.cs: 20f418efedeae20a0effba07a60b2161 -> 826b570c00ca5bf7e24ac0648689fcea
  custom:scripting/monoscript/fileName/SuperState.cs: d3d4750cfe850496ae91fde33c646331 -> 8ad7a54af8b38bd147ea4a1ff105eb1a
  custom:scripting/monoscript/fileName/HttpRequestUriModifierFilter.cs: 2b57b329ed932f8f581f70ea046dba28 -> 
  custom:scripting/monoscript/fileName/UnlinkAssetFromProjectRequest.cs: b87733771567362c038b61cfa6fcac8c -> 
  custom:scripting/monoscript/fileName/AuthenticationEditorService.cs: d501aef43505f0a38b4d655d6776d06e -> 
  custom:scripting/monoscript/fileName/OverrideStack.cs: a53f96815da50de15010b1c479bc70cf -> 0cdf409b5aa8d4c25876d72b5c6a3b60
  custom:scripting/monoscript/fileName/Changelog_1_0_2.cs: 0dc39ba805cf7493e44cfd91879c18e1 -> 4c63260c9de19afd8a2a55087dea8c3e
  custom:scripting/monoscript/fileName/GetGraphVariable.cs: 7adb0338889d3bb69482f405d148b584 -> 9e1d505f48c670f2a4d6b6ab60fc3407
  custom:scripting/monoscript/fileName/IUnit.cs: 95984cb5317ae10b9965ecfbdc9a850a -> 2ea3ff0ae1427ee5f85ad8f9c5cc34ac
  custom:scripting/monoscript/fileName/GlbPreviewTransformation.cs: f517eec5a555e929ab086cf02fbaa39e -> 
